[0.000000] (-) TimerEvent: {}
[0.000464] (-) JobUnselected: {'identifier': 'drive_base_msgs'}
[0.000614] (-) JobUnselected: {'identifier': 'micro_ros_setup'}
[0.000658] (micro_ros_msgs) JobQueued: {'identifier': 'micro_ros_msgs', 'dependencies': OrderedDict()}
[0.000702] (micro_ros_agent) JobQueued: {'identifier': 'micro_ros_agent', 'dependencies': OrderedDict({'micro_ros_msgs': '/home/yunusdanabas/as_robotics/microros_ws/install/micro_ros_msgs'})}
[0.001303] (micro_ros_msgs) JobStarted: {'identifier': 'micro_ros_msgs'}
[0.011869] (micro_ros_msgs) JobProgress: {'identifier': 'micro_ros_msgs', 'progress': 'cmake'}
[0.012725] (micro_ros_msgs) Command: {'cmd': ['/usr/bin/cmake', '/home/yunusdanabas/as_robotics/microros_ws/src/uros/micro_ros_msgs', '-DUAGENT_BUILD_EXECUTABLE=OFF', '-DUAGENT_P2P_PROFILE=OFF', '--no-warn-unused-cli', '-DCMAKE_INSTALL_PREFIX=/home/yunusdanabas/as_robotics/microros_ws/install/micro_ros_msgs'], 'cwd': '/home/yunusdanabas/as_robotics/microros_ws/build/micro_ros_msgs', 'env': OrderedDict({'GJS_DEBUG_TOPICS': 'JS ERROR;JS LOG', 'LESSOPEN': '| /usr/bin/lesspipe %s', 'VSCODE_CWD': '/home/yunusdanabas', 'VSCODE_ESM_ENTRYPOINT': 'vs/workbench/api/node/extensionHostProcess', 'CONDA_PROMPT_MODIFIER': '(base)', 'GZ_SIM_RESOURCE_PATH': '/opt/ros/jazzy/share', 'USER': 'yunusdanabas', 'LC_TIME': 'tr_TR.UTF-8', 'VSCODE_NLS_CONFIG': '{"userLocale":"en-us","osLocale":"en-us","resolvedLanguage":"en","defaultMessagesFile":"/usr/share/cursor/resources/app/out/nls.messages.json","locale":"en-us","availableLanguages":{}}', 'GZ_CONFIG_PATH': '/opt/ros/jazzy/opt/gz_sim_vendor/share/gz:/opt/ros/jazzy/opt/sdformat_vendor/share/gz:/opt/ros/jazzy/opt/gz_gui_vendor/share/gz:/opt/ros/jazzy/opt/gz_transport_vendor/share/gz:/opt/ros/jazzy/opt/gz_rendering_vendor/share/gz:/opt/ros/jazzy/opt/gz_plugin_vendor/share/gz:/opt/ros/jazzy/opt/gz_fuel_tools_vendor/share/gz:/opt/ros/jazzy/opt/gz_msgs_vendor/share/gz:/opt/ros/jazzy/opt/gz_common_vendor/share/gz', 'VSCODE_HANDLES_UNCAUGHT_ERRORS': 'true', 'XDG_SESSION_TYPE': 'wayland', 'CLUTTER_DISABLE_MIPMAPPED_TEXT': '1', 'SHLVL': '2', 'LD_LIBRARY_PATH': '/opt/ros/jazzy/opt/gz_sim_vendor/lib:/opt/ros/jazzy/opt/gz_sensors_vendor/lib:/opt/ros/jazzy/opt/gz_physics_vendor/lib:/opt/ros/jazzy/opt/sdformat_vendor/lib:/opt/ros/jazzy/opt/rviz_ogre_vendor/lib:/opt/ros/jazzy/lib/x86_64-linux-gnu:/opt/ros/jazzy/opt/gz_gui_vendor/lib:/opt/ros/jazzy/opt/gz_transport_vendor/lib:/opt/ros/jazzy/opt/gz_rendering_vendor/lib:/opt/ros/jazzy/opt/gz_plugin_vendor/lib:/opt/ros/jazzy/opt/gz_fuel_tools_vendor/lib:/opt/ros/jazzy/opt/gz_msgs_vendor/lib:/opt/ros/jazzy/opt/gz_common_vendor/lib:/opt/ros/jazzy/opt/gz_math_vendor/lib:/opt/ros/jazzy/opt/gz_utils_vendor/lib:/opt/ros/jazzy/opt/gz_tools_vendor/lib:/opt/ros/jazzy/opt/gz_ogre_next_vendor/lib:/opt/ros/jazzy/opt/gz_dartsim_vendor/lib:/opt/ros/jazzy/opt/gz_cmake_vendor/lib:/opt/ros/jazzy/lib', 'HOME': '/home/yunusdanabas', 'CHROME_DESKTOP': 'cursor.desktop', 'CONDA_SHLVL': '1', 'OLDPWD': '/home/yunusdanabas/as_robotics/microros_ws', 'DESKTOP_SESSION': 'ubuntu', 'NVM_BIN': '/home/yunusdanabas/.nvm/versions/node/v22.17.1/bin', 'NVM_INC': '/home/yunusdanabas/.nvm/versions/node/v22.17.1/include/node', 'VSCODE_IPC_HOOK': '/run/user/1000/vscode-baea8b7b-2.0.-main.sock', 'GIO_LAUNCHED_DESKTOP_FILE': '/usr/share/applications/cursor.desktop', 'APPLICATION_INSIGHTS_NO_DIAGNOSTIC_CHANNEL': '1', 'ROS_PYTHON_VERSION': '3', 'GNOME_SHELL_SESSION_MODE': 'ubuntu', 'GTK_MODULES': 'gail:atk-bridge', 'LC_MONETARY': 'tr_TR.UTF-8', 'MANAGERPID': '2697', 'SYSTEMD_EXEC_PID': '3002', 'IM_CONFIG_CHECK_ENV': '1', 'GSM_SKIP_SSH_AGENT_WORKAROUND': 'true', 'NO_COLOR': '1', 'DBUS_SESSION_BUS_ADDRESS': 'unix:path=/run/user/1000/bus', 'GIO_LAUNCHED_DESKTOP_FILE_PID': '51617', 'NVM_DIR': '/home/yunusdanabas/.nvm', 'VSCODE_CRASH_REPORTER_PROCESS_TYPE': 'extensionHost', 'DEBUGINFOD_URLS': 'https://debuginfod.ubuntu.com', 'IM_CONFIG_PHASE': '1', 'WAYLAND_DISPLAY': 'wayland-0', 'COLCON_PREFIX_PATH': '/home/yunusdanabas/as_robotics/microros_ws/install:/home/yunusdanabas/ros_ws/install', 'ROS_DISTRO': 'jazzy', 'LOGNAME': 'yunusdanabas', 'FORCE_COLOR': '0', 'JOURNAL_STREAM': '8:24920', '_': '/usr/bin/colcon', 'ROS_VERSION': '2', 'MEMORY_PRESSURE_WATCH': '/sys/fs/cgroup/user.slice/user-1000.slice/user@1000.service/session.slice/org.gnome.Shell@wayland.service/memory.pressure', 'XDG_SESSION_CLASS': 'user', 'APPLICATIONINSIGHTS_CONFIGURATION_CONTENT': '{}', 'USERNAME': 'yunusdanabas', 'TERM': 'dumb', 'GNOME_DESKTOP_SESSION_ID': 'this-is-deprecated', 'COMPOSER_NO_INTERACTION': '1', 'PATH': '/home/yunusdanabas/.local/bin:/home/yunusdanabas/.local/bin:/home/yunusdanabas/.gem/bin:/home/yunusdanabas/mamba/bin:/home/yunusdanabas/.local/bin:/home/yunusdanabas/.nvm/versions/node/v22.17.1/bin:/home/yunusdanabas/.gem/bin:/opt/ros/jazzy/opt/gz_msgs_vendor/bin:/opt/ros/jazzy/opt/gz_tools_vendor/bin:/opt/ros/jazzy/opt/gz_ogre_next_vendor/bin:/opt/ros/jazzy/bin:/home/yunusdanabas/mambaforge/bin:/home/yunusdanabas/mambaforge/condabin:/home/yunusdanabas/mamba/bin:/usr/local/sbin:/usr/local/bin:/usr/sbin:/usr/bin:/sbin:/bin:/usr/games:/usr/local/games:/snap/bin:/snap/bin', 'SESSION_MANAGER': 'local/yunusdanabas:@/tmp/.ICE-unix/2967,unix/yunusdanabas:/tmp/.ICE-unix/2967', 'INVOCATION_ID': '57581e4b92054fe4a9a17148b57720c6', 'XDG_MENU_PREFIX': 'gnome-', 'LC_ADDRESS': 'tr_TR.UTF-8', 'VSCODE_PROCESS_TITLE': 'extension-host  [1-1]', 'GNOME_SETUP_DISPLAY': ':1', 'XDG_RUNTIME_DIR': '/run/user/1000', 'GDK_BACKEND': 'x11', 'MAMBA_ROOT_PREFIX': '/home/yunusdanabas/mambaforge', 'CURSOR_AGENT': '1', 'DISPLAY': ':0', 'LANG': 'en_US.UTF-8', 'XDG_CURRENT_DESKTOP': 'Unity', 'LC_TELEPHONE': 'tr_TR.UTF-8', 'XMODIFIERS': '@im=ibus', 'XDG_SESSION_DESKTOP': 'ubuntu', 'XAUTHORITY': '/run/user/1000/.mutter-Xwaylandauth.8ZYKF3', 'LS_COLORS': '', 'SBX_CHROME_API_RQ': '1', 'CURSOR_TRACE_ID': 'd6e3589b80e34e24af74d6fdb6238dc8', 'SSH_AUTH_SOCK': '/run/user/1000/keyring/ssh', 'XML_CATALOG_FILES': 'file:///home/yunusdanabas/mambaforge/etc/xml/catalog file:///etc/xml/catalog', 'AMENT_PREFIX_PATH': '/home/yunusdanabas/as_robotics/microros_ws/install/micro_ros_setup:/opt/ros/jazzy', 'CONDA_PYTHON_EXE': '/home/yunusdanabas/mambaforge/bin/python', 'ORIGINAL_XDG_CURRENT_DESKTOP': 'ubuntu:GNOME', 'SHELL': '/bin/bash', 'LC_NAME': 'tr_TR.UTF-8', 'QT_ACCESSIBILITY': '1', 'GDMSESSION': 'ubuntu', 'GEM_HOME': '/home/yunusdanabas/.gem', 'LESSCLOSE': '/usr/bin/lesspipe %s %s', 'CONDA_DEFAULT_ENV': 'base', 'LC_MEASUREMENT': 'tr_TR.UTF-8', 'GJS_DEBUG_OUTPUT': 'stderr', 'MAMBA_EXE': '/home/yunusdanabas/mambaforge/bin/mamba', 'LC_IDENTIFICATION': 'tr_TR.UTF-8', 'ROS_AUTOMATIC_DISCOVERY_RANGE': 'SUBNET', 'QT_IM_MODULE': 'ibus', 'PWD': '/home/yunusdanabas/as_robotics/microros_ws/build/micro_ros_msgs', 'XDG_CONFIG_DIRS': '/etc/xdg/xdg-ubuntu:/etc/xdg', 'CONDA_EXE': '/home/yunusdanabas/mambaforge/bin/conda', 'VSCODE_CODE_CACHE_PATH': '/home/yunusdanabas/.config/Cursor/CachedData/25412918da7e74b2686b25d62da1f01cfcd27680', 'NVM_CD_FLAGS': '', 'XDG_DATA_DIRS': '/usr/share/ubuntu:/usr/share/gnome:/usr/local/share/:/usr/share/:/var/lib/snapd/desktop', 'PYTHONPATH': '/opt/ros/jazzy/lib/python3.12/site-packages', 'LC_NUMERIC': 'tr_TR.UTF-8', 'CONDA_PREFIX': '/home/yunusdanabas/mambaforge', 'LC_PAPER': 'tr_TR.UTF-8', 'COLCON': '1', 'MEMORY_PRESSURE_WRITE': 'c29tZSAyMDAwMDAgMjAwMDAwMAA=', 'CMAKE_PREFIX_PATH': '/home/yunusdanabas/as_robotics/microros_ws/install/micro_ros_setup:/opt/ros/jazzy/opt/gz_sim_vendor:/opt/ros/jazzy/opt/gz_sensors_vendor:/opt/ros/jazzy/opt/gz_physics_vendor:/opt/ros/jazzy/opt/sdformat_vendor:/opt/ros/jazzy/opt/gz_gui_vendor:/opt/ros/jazzy/opt/gz_transport_vendor:/opt/ros/jazzy/opt/gz_rendering_vendor:/opt/ros/jazzy/opt/gz_plugin_vendor:/opt/ros/jazzy/opt/gz_fuel_tools_vendor:/opt/ros/jazzy/opt/gz_msgs_vendor:/opt/ros/jazzy/opt/gz_common_vendor:/opt/ros/jazzy/opt/gz_math_vendor:/opt/ros/jazzy/opt/gz_utils_vendor:/opt/ros/jazzy/opt/gz_tools_vendor:/opt/ros/jazzy/opt/gz_ogre_next_vendor:/opt/ros/jazzy/opt/gz_dartsim_vendor:/opt/ros/jazzy/opt/gz_cmake_vendor:/opt/ros/jazzy', 'VSCODE_PID': '51617'}), 'shell': False}
[0.030423] (micro_ros_msgs) StdoutLine: {'line': b'Not searching for unused variables given on the command line.\n'}
[0.030632] (micro_ros_msgs) StdoutLine: {'line': b'-- Found ament_cmake: 2.5.4 (/opt/ros/jazzy/share/ament_cmake/cmake)\n'}
[0.099977] (-) TimerEvent: {}
[0.200286] (-) TimerEvent: {}
[0.256073] (micro_ros_msgs) StdoutLine: {'line': b'-- Found rosidl_default_generators: 1.6.0 (/opt/ros/jazzy/share/rosidl_default_generators/cmake)\n'}
[0.258606] (micro_ros_msgs) StdoutLine: {'line': b'-- Using all available rosidl_typesupport_c: rosidl_typesupport_fastrtps_c;rosidl_typesupport_introspection_c\n'}
[0.300496] (-) TimerEvent: {}
[0.304790] (micro_ros_msgs) StdoutLine: {'line': b'-- Using all available rosidl_typesupport_cpp: rosidl_typesupport_fastrtps_cpp;rosidl_typesupport_introspection_cpp\n'}
[0.341972] (micro_ros_msgs) StdoutLine: {'line': b'-- Found rosidl_adapter: 4.6.6 (/opt/ros/jazzy/share/rosidl_adapter/cmake)\n'}
[0.343945] (micro_ros_msgs) StdoutLine: {'line': b'-- Found ament_lint_auto: 0.17.3 (/opt/ros/jazzy/share/ament_lint_auto/cmake)\n'}
[0.400732] (-) TimerEvent: {}
[0.501161] (-) TimerEvent: {}
[0.601407] (-) TimerEvent: {}
[0.701690] (-) TimerEvent: {}
[0.801942] (-) TimerEvent: {}
[0.902367] (-) TimerEvent: {}
[0.991750] (micro_ros_msgs) StdoutLine: {'line': b'-- Found ament_cmake_ros: 0.12.0 (/opt/ros/jazzy/share/ament_cmake_ros/cmake)\n'}
[1.002442] (-) TimerEvent: {}
[1.102784] (-) TimerEvent: {}
[1.203424] (-) TimerEvent: {}
[1.303708] (-) TimerEvent: {}
[1.403971] (-) TimerEvent: {}
[1.425420] (micro_ros_msgs) StdoutLine: {'line': b'-- Using all available rosidl_typesupport_c: rosidl_typesupport_fastrtps_c;rosidl_typesupport_introspection_c\n'}
[1.504072] (-) TimerEvent: {}
[1.604283] (-) TimerEvent: {}
[1.704445] (-) TimerEvent: {}
[1.804646] (-) TimerEvent: {}
[1.904925] (-) TimerEvent: {}
[1.981030] (micro_ros_msgs) StdoutLine: {'line': b'-- Using all available rosidl_typesupport_cpp: rosidl_typesupport_fastrtps_cpp;rosidl_typesupport_introspection_cpp\n'}
[1.994461] (micro_ros_msgs) StdoutLine: {'line': b'-- Found python_cmake_module: 0.11.1 (/opt/ros/jazzy/share/python_cmake_module/cmake)\n'}
[2.005125] (-) TimerEvent: {}
[2.105450] (-) TimerEvent: {}
[2.128326] (micro_ros_msgs) StdoutLine: {'line': b'-- Found PythonExtra: /home/yunusdanabas/mambaforge/bin/python3  \n'}
[2.205588] (-) TimerEvent: {}
[2.305908] (-) TimerEvent: {}
[2.406466] (-) TimerEvent: {}
[2.506690] (-) TimerEvent: {}
[2.606916] (-) TimerEvent: {}
[2.698405] (micro_ros_msgs) StdoutLine: {'line': b'-- Found Python3: /home/yunusdanabas/mambaforge/bin/python3 (found version "3.12.11") found components: Interpreter Development NumPy Development.Module Development.Embed \n'}
[2.707046] (-) TimerEvent: {}
[2.762617] (micro_ros_msgs) StdoutLine: {'line': b"-- Added test 'copyright' to check source files copyright and LICENSE\n"}
[2.772975] (micro_ros_msgs) StdoutLine: {'line': b"-- Added test 'lint_cmake' to check CMake code style\n"}
[2.778075] (micro_ros_msgs) StdoutLine: {'line': b"-- Added test 'xmllint' to check XML markup files\n"}
[2.787470] (micro_ros_msgs) StdoutLine: {'line': b'-- Configuring done (2.8s)\n'}
[2.807188] (-) TimerEvent: {}
[2.840722] (micro_ros_msgs) StdoutLine: {'line': b'-- Generating done (0.0s)\n'}
[2.857078] (micro_ros_msgs) StdoutLine: {'line': b'-- Build files have been written to: /home/yunusdanabas/as_robotics/microros_ws/build/micro_ros_msgs\n'}
[2.865399] (micro_ros_msgs) CommandEnded: {'returncode': 0}
[2.866232] (micro_ros_msgs) JobProgress: {'identifier': 'micro_ros_msgs', 'progress': 'build'}
[2.867226] (micro_ros_msgs) Command: {'cmd': ['/usr/bin/cmake', '--build', '/home/yunusdanabas/as_robotics/microros_ws/build/micro_ros_msgs', '--', '-j8', '-l8'], 'cwd': '/home/yunusdanabas/as_robotics/microros_ws/build/micro_ros_msgs', 'env': OrderedDict({'GJS_DEBUG_TOPICS': 'JS ERROR;JS LOG', 'LESSOPEN': '| /usr/bin/lesspipe %s', 'VSCODE_CWD': '/home/yunusdanabas', 'VSCODE_ESM_ENTRYPOINT': 'vs/workbench/api/node/extensionHostProcess', 'CONDA_PROMPT_MODIFIER': '(base)', 'GZ_SIM_RESOURCE_PATH': '/opt/ros/jazzy/share', 'USER': 'yunusdanabas', 'LC_TIME': 'tr_TR.UTF-8', 'VSCODE_NLS_CONFIG': '{"userLocale":"en-us","osLocale":"en-us","resolvedLanguage":"en","defaultMessagesFile":"/usr/share/cursor/resources/app/out/nls.messages.json","locale":"en-us","availableLanguages":{}}', 'GZ_CONFIG_PATH': '/opt/ros/jazzy/opt/gz_sim_vendor/share/gz:/opt/ros/jazzy/opt/sdformat_vendor/share/gz:/opt/ros/jazzy/opt/gz_gui_vendor/share/gz:/opt/ros/jazzy/opt/gz_transport_vendor/share/gz:/opt/ros/jazzy/opt/gz_rendering_vendor/share/gz:/opt/ros/jazzy/opt/gz_plugin_vendor/share/gz:/opt/ros/jazzy/opt/gz_fuel_tools_vendor/share/gz:/opt/ros/jazzy/opt/gz_msgs_vendor/share/gz:/opt/ros/jazzy/opt/gz_common_vendor/share/gz', 'VSCODE_HANDLES_UNCAUGHT_ERRORS': 'true', 'XDG_SESSION_TYPE': 'wayland', 'CLUTTER_DISABLE_MIPMAPPED_TEXT': '1', 'SHLVL': '2', 'LD_LIBRARY_PATH': '/opt/ros/jazzy/opt/gz_sim_vendor/lib:/opt/ros/jazzy/opt/gz_sensors_vendor/lib:/opt/ros/jazzy/opt/gz_physics_vendor/lib:/opt/ros/jazzy/opt/sdformat_vendor/lib:/opt/ros/jazzy/opt/rviz_ogre_vendor/lib:/opt/ros/jazzy/lib/x86_64-linux-gnu:/opt/ros/jazzy/opt/gz_gui_vendor/lib:/opt/ros/jazzy/opt/gz_transport_vendor/lib:/opt/ros/jazzy/opt/gz_rendering_vendor/lib:/opt/ros/jazzy/opt/gz_plugin_vendor/lib:/opt/ros/jazzy/opt/gz_fuel_tools_vendor/lib:/opt/ros/jazzy/opt/gz_msgs_vendor/lib:/opt/ros/jazzy/opt/gz_common_vendor/lib:/opt/ros/jazzy/opt/gz_math_vendor/lib:/opt/ros/jazzy/opt/gz_utils_vendor/lib:/opt/ros/jazzy/opt/gz_tools_vendor/lib:/opt/ros/jazzy/opt/gz_ogre_next_vendor/lib:/opt/ros/jazzy/opt/gz_dartsim_vendor/lib:/opt/ros/jazzy/opt/gz_cmake_vendor/lib:/opt/ros/jazzy/lib', 'HOME': '/home/yunusdanabas', 'CHROME_DESKTOP': 'cursor.desktop', 'CONDA_SHLVL': '1', 'OLDPWD': '/home/yunusdanabas/as_robotics/microros_ws', 'DESKTOP_SESSION': 'ubuntu', 'NVM_BIN': '/home/yunusdanabas/.nvm/versions/node/v22.17.1/bin', 'NVM_INC': '/home/yunusdanabas/.nvm/versions/node/v22.17.1/include/node', 'VSCODE_IPC_HOOK': '/run/user/1000/vscode-baea8b7b-2.0.-main.sock', 'GIO_LAUNCHED_DESKTOP_FILE': '/usr/share/applications/cursor.desktop', 'APPLICATION_INSIGHTS_NO_DIAGNOSTIC_CHANNEL': '1', 'ROS_PYTHON_VERSION': '3', 'GNOME_SHELL_SESSION_MODE': 'ubuntu', 'GTK_MODULES': 'gail:atk-bridge', 'LC_MONETARY': 'tr_TR.UTF-8', 'MANAGERPID': '2697', 'SYSTEMD_EXEC_PID': '3002', 'IM_CONFIG_CHECK_ENV': '1', 'GSM_SKIP_SSH_AGENT_WORKAROUND': 'true', 'NO_COLOR': '1', 'DBUS_SESSION_BUS_ADDRESS': 'unix:path=/run/user/1000/bus', 'GIO_LAUNCHED_DESKTOP_FILE_PID': '51617', 'NVM_DIR': '/home/yunusdanabas/.nvm', 'VSCODE_CRASH_REPORTER_PROCESS_TYPE': 'extensionHost', 'DEBUGINFOD_URLS': 'https://debuginfod.ubuntu.com', 'IM_CONFIG_PHASE': '1', 'WAYLAND_DISPLAY': 'wayland-0', 'COLCON_PREFIX_PATH': '/home/yunusdanabas/as_robotics/microros_ws/install:/home/yunusdanabas/ros_ws/install', 'ROS_DISTRO': 'jazzy', 'LOGNAME': 'yunusdanabas', 'FORCE_COLOR': '0', 'JOURNAL_STREAM': '8:24920', '_': '/usr/bin/colcon', 'ROS_VERSION': '2', 'MEMORY_PRESSURE_WATCH': '/sys/fs/cgroup/user.slice/user-1000.slice/user@1000.service/session.slice/org.gnome.Shell@wayland.service/memory.pressure', 'XDG_SESSION_CLASS': 'user', 'APPLICATIONINSIGHTS_CONFIGURATION_CONTENT': '{}', 'USERNAME': 'yunusdanabas', 'TERM': 'dumb', 'GNOME_DESKTOP_SESSION_ID': 'this-is-deprecated', 'COMPOSER_NO_INTERACTION': '1', 'PATH': '/home/yunusdanabas/.local/bin:/home/yunusdanabas/.local/bin:/home/yunusdanabas/.gem/bin:/home/yunusdanabas/mamba/bin:/home/yunusdanabas/.local/bin:/home/yunusdanabas/.nvm/versions/node/v22.17.1/bin:/home/yunusdanabas/.gem/bin:/opt/ros/jazzy/opt/gz_msgs_vendor/bin:/opt/ros/jazzy/opt/gz_tools_vendor/bin:/opt/ros/jazzy/opt/gz_ogre_next_vendor/bin:/opt/ros/jazzy/bin:/home/yunusdanabas/mambaforge/bin:/home/yunusdanabas/mambaforge/condabin:/home/yunusdanabas/mamba/bin:/usr/local/sbin:/usr/local/bin:/usr/sbin:/usr/bin:/sbin:/bin:/usr/games:/usr/local/games:/snap/bin:/snap/bin', 'SESSION_MANAGER': 'local/yunusdanabas:@/tmp/.ICE-unix/2967,unix/yunusdanabas:/tmp/.ICE-unix/2967', 'INVOCATION_ID': '57581e4b92054fe4a9a17148b57720c6', 'XDG_MENU_PREFIX': 'gnome-', 'LC_ADDRESS': 'tr_TR.UTF-8', 'VSCODE_PROCESS_TITLE': 'extension-host  [1-1]', 'GNOME_SETUP_DISPLAY': ':1', 'XDG_RUNTIME_DIR': '/run/user/1000', 'GDK_BACKEND': 'x11', 'MAMBA_ROOT_PREFIX': '/home/yunusdanabas/mambaforge', 'CURSOR_AGENT': '1', 'DISPLAY': ':0', 'LANG': 'en_US.UTF-8', 'XDG_CURRENT_DESKTOP': 'Unity', 'LC_TELEPHONE': 'tr_TR.UTF-8', 'XMODIFIERS': '@im=ibus', 'XDG_SESSION_DESKTOP': 'ubuntu', 'XAUTHORITY': '/run/user/1000/.mutter-Xwaylandauth.8ZYKF3', 'LS_COLORS': '', 'SBX_CHROME_API_RQ': '1', 'CURSOR_TRACE_ID': 'd6e3589b80e34e24af74d6fdb6238dc8', 'SSH_AUTH_SOCK': '/run/user/1000/keyring/ssh', 'XML_CATALOG_FILES': 'file:///home/yunusdanabas/mambaforge/etc/xml/catalog file:///etc/xml/catalog', 'AMENT_PREFIX_PATH': '/home/yunusdanabas/as_robotics/microros_ws/install/micro_ros_setup:/opt/ros/jazzy', 'CONDA_PYTHON_EXE': '/home/yunusdanabas/mambaforge/bin/python', 'ORIGINAL_XDG_CURRENT_DESKTOP': 'ubuntu:GNOME', 'SHELL': '/bin/bash', 'LC_NAME': 'tr_TR.UTF-8', 'QT_ACCESSIBILITY': '1', 'GDMSESSION': 'ubuntu', 'GEM_HOME': '/home/yunusdanabas/.gem', 'LESSCLOSE': '/usr/bin/lesspipe %s %s', 'CONDA_DEFAULT_ENV': 'base', 'LC_MEASUREMENT': 'tr_TR.UTF-8', 'GJS_DEBUG_OUTPUT': 'stderr', 'MAMBA_EXE': '/home/yunusdanabas/mambaforge/bin/mamba', 'LC_IDENTIFICATION': 'tr_TR.UTF-8', 'ROS_AUTOMATIC_DISCOVERY_RANGE': 'SUBNET', 'QT_IM_MODULE': 'ibus', 'PWD': '/home/yunusdanabas/as_robotics/microros_ws/build/micro_ros_msgs', 'XDG_CONFIG_DIRS': '/etc/xdg/xdg-ubuntu:/etc/xdg', 'CONDA_EXE': '/home/yunusdanabas/mambaforge/bin/conda', 'VSCODE_CODE_CACHE_PATH': '/home/yunusdanabas/.config/Cursor/CachedData/25412918da7e74b2686b25d62da1f01cfcd27680', 'NVM_CD_FLAGS': '', 'XDG_DATA_DIRS': '/usr/share/ubuntu:/usr/share/gnome:/usr/local/share/:/usr/share/:/var/lib/snapd/desktop', 'PYTHONPATH': '/opt/ros/jazzy/lib/python3.12/site-packages', 'LC_NUMERIC': 'tr_TR.UTF-8', 'CONDA_PREFIX': '/home/yunusdanabas/mambaforge', 'LC_PAPER': 'tr_TR.UTF-8', 'COLCON': '1', 'MEMORY_PRESSURE_WRITE': 'c29tZSAyMDAwMDAgMjAwMDAwMAA=', 'CMAKE_PREFIX_PATH': '/home/yunusdanabas/as_robotics/microros_ws/install/micro_ros_setup:/opt/ros/jazzy/opt/gz_sim_vendor:/opt/ros/jazzy/opt/gz_sensors_vendor:/opt/ros/jazzy/opt/gz_physics_vendor:/opt/ros/jazzy/opt/sdformat_vendor:/opt/ros/jazzy/opt/gz_gui_vendor:/opt/ros/jazzy/opt/gz_transport_vendor:/opt/ros/jazzy/opt/gz_rendering_vendor:/opt/ros/jazzy/opt/gz_plugin_vendor:/opt/ros/jazzy/opt/gz_fuel_tools_vendor:/opt/ros/jazzy/opt/gz_msgs_vendor:/opt/ros/jazzy/opt/gz_common_vendor:/opt/ros/jazzy/opt/gz_math_vendor:/opt/ros/jazzy/opt/gz_utils_vendor:/opt/ros/jazzy/opt/gz_tools_vendor:/opt/ros/jazzy/opt/gz_ogre_next_vendor:/opt/ros/jazzy/opt/gz_dartsim_vendor:/opt/ros/jazzy/opt/gz_cmake_vendor:/opt/ros/jazzy', 'VSCODE_PID': '51617'}), 'shell': False}
[2.907301] (-) TimerEvent: {}
[2.940854] (micro_ros_msgs) StdoutLine: {'line': b'[  1%] Generating type hashes for ROS interfaces\n'}
[2.952831] (micro_ros_msgs) StdoutLine: {'line': b'[  1%] Built target ament_cmake_python_copy_micro_ros_msgs\n'}
[3.007461] (-) TimerEvent: {}
[3.107773] (-) TimerEvent: {}
[3.207974] (-) TimerEvent: {}
[3.253114] (micro_ros_msgs) StdoutLine: {'line': b'[  1%] Built target micro_ros_msgs__rosidl_generator_type_description\n'}
[3.266813] (micro_ros_msgs) StdoutLine: {'line': b'[  3%] Generating C code for ROS interfaces\n'}
[3.284718] (micro_ros_msgs) StdoutLine: {'line': b'[  5%] Generating C++ code for ROS interfaces\n'}
[3.308111] (-) TimerEvent: {}
[3.351131] (micro_ros_msgs) StdoutLine: {'line': b'running egg_info\n'}
[3.390651] (micro_ros_msgs) StdoutLine: {'line': b'creating micro_ros_msgs.egg-info\n'}
[3.391256] (micro_ros_msgs) StdoutLine: {'line': b'writing micro_ros_msgs.egg-info/PKG-INFO\n'}
[3.391818] (micro_ros_msgs) StdoutLine: {'line': b'writing dependency_links to micro_ros_msgs.egg-info/dependency_links.txt\n'}
[3.392171] (micro_ros_msgs) StdoutLine: {'line': b'writing top-level names to micro_ros_msgs.egg-info/top_level.txt\n'}
[3.392579] (micro_ros_msgs) StdoutLine: {'line': b"writing manifest file 'micro_ros_msgs.egg-info/SOURCES.txt'\n"}
[3.408240] (-) TimerEvent: {}
[3.508401] (-) TimerEvent: {}
[3.515732] (micro_ros_msgs) StdoutLine: {'line': b"reading manifest file 'micro_ros_msgs.egg-info/SOURCES.txt'\n"}
[3.516778] (micro_ros_msgs) StdoutLine: {'line': b"writing manifest file 'micro_ros_msgs.egg-info/SOURCES.txt'\n"}
[3.573962] (micro_ros_msgs) StdoutLine: {'line': b'[  5%] Built target ament_cmake_python_build_micro_ros_msgs_egg\n'}
[3.608513] (-) TimerEvent: {}
[3.708719] (-) TimerEvent: {}
[3.811404] (-) TimerEvent: {}
[3.859880] (micro_ros_msgs) StdoutLine: {'line': b'[  5%] Built target micro_ros_msgs__cpp\n'}
[3.914402] (-) TimerEvent: {}
[3.997618] (micro_ros_msgs) StdoutLine: {'line': b'[  7%] Building C object CMakeFiles/micro_ros_msgs__rosidl_generator_c.dir/rosidl_generator_c/micro_ros_msgs/msg/detail/graph__functions.c.o\n'}
[3.997892] (micro_ros_msgs) StdoutLine: {'line': b'[ 11%] Building C object CMakeFiles/micro_ros_msgs__rosidl_generator_c.dir/rosidl_generator_c/micro_ros_msgs/msg/detail/node__functions.c.o\n'}
[3.998074] (micro_ros_msgs) StdoutLine: {'line': b'[ 11%] Building C object CMakeFiles/micro_ros_msgs__rosidl_generator_c.dir/rosidl_generator_c/micro_ros_msgs/msg/detail/graph__description.c.o\n'}
[3.998517] (micro_ros_msgs) StdoutLine: {'line': b'[ 12%] Building C object CMakeFiles/micro_ros_msgs__rosidl_generator_c.dir/rosidl_generator_c/micro_ros_msgs/msg/detail/node__description.c.o\n'}
[3.999460] (micro_ros_msgs) StdoutLine: {'line': b'[ 14%] Building C object CMakeFiles/micro_ros_msgs__rosidl_generator_c.dir/rosidl_generator_c/micro_ros_msgs/msg/detail/entity__functions.c.o\n'}
[4.001687] (micro_ros_msgs) StdoutLine: {'line': b'[ 16%] Building C object CMakeFiles/micro_ros_msgs__rosidl_generator_c.dir/rosidl_generator_c/micro_ros_msgs/msg/detail/node__type_support.c.o\n'}
[4.006546] (micro_ros_msgs) StdoutLine: {'line': b'[ 18%] Building C object CMakeFiles/micro_ros_msgs__rosidl_generator_c.dir/rosidl_generator_c/micro_ros_msgs/msg/detail/graph__type_support.c.o\n'}
[4.007094] (micro_ros_msgs) StdoutLine: {'line': b'[ 20%] Building C object CMakeFiles/micro_ros_msgs__rosidl_generator_c.dir/rosidl_generator_c/micro_ros_msgs/msg/detail/entity__description.c.o\n'}
[4.014508] (-) TimerEvent: {}
[4.077623] (micro_ros_msgs) StdoutLine: {'line': b'[ 22%] Building C object CMakeFiles/micro_ros_msgs__rosidl_generator_c.dir/rosidl_generator_c/micro_ros_msgs/msg/detail/entity__type_support.c.o\n'}
[4.114601] (-) TimerEvent: {}
[4.128242] (micro_ros_msgs) StdoutLine: {'line': b'[ 24%] Linking C shared library libmicro_ros_msgs__rosidl_generator_c.so\n'}
[4.186779] (micro_ros_msgs) StdoutLine: {'line': b'[ 24%] Built target micro_ros_msgs__rosidl_generator_c\n'}
[4.204922] (micro_ros_msgs) StdoutLine: {'line': b'[ 25%] Generating C++ introspection for ROS interfaces\n'}
[4.205311] (micro_ros_msgs) StdoutLine: {'line': b'[ 27%] Generating C type support dispatch for ROS interfaces\n'}
[4.208311] (micro_ros_msgs) StdoutLine: {'line': b'[ 29%] Generating C++ type support dispatch for ROS interfaces\n'}
[4.210659] (micro_ros_msgs) StdoutLine: {'line': b'[ 31%] Generating C introspection for ROS interfaces\n'}
[4.210969] (micro_ros_msgs) StdoutLine: {'line': b'[ 35%] Generating C++ type support for eProsima Fast-RTPS\n'}
[4.211154] (micro_ros_msgs) StdoutLine: {'line': b'[ 35%] Generating C type support for eProsima Fast-RTPS\n'}
[4.214719] (-) TimerEvent: {}
[4.314932] (-) TimerEvent: {}
[4.415158] (-) TimerEvent: {}
[4.516481] (-) TimerEvent: {}
[4.616803] (-) TimerEvent: {}
[4.717419] (-) TimerEvent: {}
[4.821216] (-) TimerEvent: {}
[4.913597] (micro_ros_msgs) StdoutLine: {'line': b'[ 38%] Building CXX object CMakeFiles/micro_ros_msgs__rosidl_typesupport_c.dir/rosidl_typesupport_c/micro_ros_msgs/msg/graph__type_support.cpp.o\n'}
[4.913961] (micro_ros_msgs) StdoutLine: {'line': b'[ 38%] Building CXX object CMakeFiles/micro_ros_msgs__rosidl_typesupport_c.dir/rosidl_typesupport_c/micro_ros_msgs/msg/node__type_support.cpp.o\n'}
[4.921873] (-) TimerEvent: {}
[4.924194] (micro_ros_msgs) StdoutLine: {'line': b'[ 40%] Building CXX object CMakeFiles/micro_ros_msgs__rosidl_typesupport_c.dir/rosidl_typesupport_c/micro_ros_msgs/msg/entity__type_support.cpp.o\n'}
[4.924609] (micro_ros_msgs) StdoutLine: {'line': b'[ 42%] Building CXX object CMakeFiles/micro_ros_msgs__rosidl_typesupport_cpp.dir/rosidl_typesupport_cpp/micro_ros_msgs/msg/graph__type_support.cpp.o\n'}
[5.021998] (-) TimerEvent: {}
[5.100006] (micro_ros_msgs) StdoutLine: {'line': b'[ 44%] Building CXX object CMakeFiles/micro_ros_msgs__rosidl_typesupport_cpp.dir/rosidl_typesupport_cpp/micro_ros_msgs/msg/node__type_support.cpp.o\n'}
[5.122118] (-) TimerEvent: {}
[5.122763] (micro_ros_msgs) StdoutLine: {'line': b'[ 46%] Linking CXX shared library libmicro_ros_msgs__rosidl_typesupport_c.so\n'}
[5.167124] (micro_ros_msgs) StdoutLine: {'line': b'[ 48%] Building CXX object CMakeFiles/micro_ros_msgs__rosidl_typesupport_cpp.dir/rosidl_typesupport_cpp/micro_ros_msgs/msg/entity__type_support.cpp.o\n'}
[5.213349] (micro_ros_msgs) StdoutLine: {'line': b'[ 50%] Building CXX object CMakeFiles/micro_ros_msgs__rosidl_typesupport_fastrtps_cpp.dir/rosidl_typesupport_fastrtps_cpp/micro_ros_msgs/msg/detail/dds_fastrtps/graph__type_support.cpp.o\n'}
[5.222286] (-) TimerEvent: {}
[5.233754] (micro_ros_msgs) StdoutLine: {'line': b'[ 51%] Building CXX object CMakeFiles/micro_ros_msgs__rosidl_typesupport_introspection_cpp.dir/rosidl_typesupport_introspection_cpp/micro_ros_msgs/msg/detail/graph__type_support.cpp.o\n'}
[5.281123] (micro_ros_msgs) StdoutLine: {'line': b'[ 51%] Built target micro_ros_msgs__rosidl_typesupport_c\n'}
[5.322371] (-) TimerEvent: {}
[5.325210] (micro_ros_msgs) StdoutLine: {'line': b'[ 53%] Building CXX object CMakeFiles/micro_ros_msgs__rosidl_typesupport_introspection_cpp.dir/rosidl_typesupport_introspection_cpp/micro_ros_msgs/msg/detail/node__type_support.cpp.o\n'}
[5.343598] (micro_ros_msgs) StdoutLine: {'line': b'[ 55%] Building C object CMakeFiles/micro_ros_msgs__rosidl_typesupport_introspection_c.dir/rosidl_typesupport_introspection_c/micro_ros_msgs/msg/detail/graph__type_support.c.o\n'}
[5.425819] (-) TimerEvent: {}
[5.494815] (micro_ros_msgs) StdoutLine: {'line': b'[ 57%] Building C object CMakeFiles/micro_ros_msgs__rosidl_typesupport_introspection_c.dir/rosidl_typesupport_introspection_c/micro_ros_msgs/msg/detail/node__type_support.c.o\n'}
[5.525950] (-) TimerEvent: {}
[5.606818] (micro_ros_msgs) StdoutLine: {'line': b'[ 59%] Building C object CMakeFiles/micro_ros_msgs__rosidl_typesupport_introspection_c.dir/rosidl_typesupport_introspection_c/micro_ros_msgs/msg/detail/entity__type_support.c.o\n'}
[5.629091] (micro_ros_msgs) StdoutLine: {'line': b'[ 61%] Building CXX object CMakeFiles/micro_ros_msgs__rosidl_typesupport_fastrtps_c.dir/rosidl_typesupport_fastrtps_c/micro_ros_msgs/msg/detail/graph__type_support_c.cpp.o\n'}
[5.629545] (-) TimerEvent: {}
[5.729723] (-) TimerEvent: {}
[5.749816] (micro_ros_msgs) StdoutLine: {'line': b'[ 62%] Linking C shared library libmicro_ros_msgs__rosidl_typesupport_introspection_c.so\n'}
[5.832465] (-) TimerEvent: {}
[5.861703] (micro_ros_msgs) StdoutLine: {'line': b'[ 62%] Built target micro_ros_msgs__rosidl_typesupport_introspection_c\n'}
[5.906615] (micro_ros_msgs) StdoutLine: {'line': b'[ 64%] Building CXX object CMakeFiles/micro_ros_msgs__rosidl_typesupport_fastrtps_c.dir/rosidl_typesupport_fastrtps_c/micro_ros_msgs/msg/detail/node__type_support_c.cpp.o\n'}
[5.932552] (-) TimerEvent: {}
[6.032785] (-) TimerEvent: {}
[6.087427] (micro_ros_msgs) StdoutLine: {'line': b'[ 66%] Building CXX object CMakeFiles/micro_ros_msgs__rosidl_typesupport_fastrtps_c.dir/rosidl_typesupport_fastrtps_c/micro_ros_msgs/msg/detail/entity__type_support_c.cpp.o\n'}
[6.099268] (micro_ros_msgs) StdoutLine: {'line': b'[ 68%] Building CXX object CMakeFiles/micro_ros_msgs__rosidl_typesupport_fastrtps_cpp.dir/rosidl_typesupport_fastrtps_cpp/micro_ros_msgs/msg/detail/dds_fastrtps/node__type_support.cpp.o\n'}
[6.132903] (-) TimerEvent: {}
[6.233116] (-) TimerEvent: {}
[6.333617] (-) TimerEvent: {}
[6.436631] (-) TimerEvent: {}
[6.539416] (-) TimerEvent: {}
[6.570080] (micro_ros_msgs) StdoutLine: {'line': b'[ 70%] Building CXX object CMakeFiles/micro_ros_msgs__rosidl_typesupport_introspection_cpp.dir/rosidl_typesupport_introspection_cpp/micro_ros_msgs/msg/detail/entity__type_support.cpp.o\n'}
[6.620200] (micro_ros_msgs) StdoutLine: {'line': b'[ 72%] Linking CXX shared library libmicro_ros_msgs__rosidl_typesupport_cpp.so\n'}
[6.639538] (-) TimerEvent: {}
[6.739783] (-) TimerEvent: {}
[6.812550] (micro_ros_msgs) StdoutLine: {'line': b'[ 72%] Built target micro_ros_msgs__rosidl_typesupport_cpp\n'}
[6.839911] (-) TimerEvent: {}
[6.859074] (micro_ros_msgs) StdoutLine: {'line': b'[ 74%] Building CXX object CMakeFiles/micro_ros_msgs__rosidl_typesupport_fastrtps_cpp.dir/rosidl_typesupport_fastrtps_cpp/micro_ros_msgs/msg/detail/dds_fastrtps/entity__type_support.cpp.o\n'}
[6.940023] (-) TimerEvent: {}
[7.040268] (-) TimerEvent: {}
[7.144412] (-) TimerEvent: {}
[7.244669] (-) TimerEvent: {}
[7.344891] (-) TimerEvent: {}
[7.445277] (-) TimerEvent: {}
[7.545744] (-) TimerEvent: {}
[7.645946] (-) TimerEvent: {}
[7.665477] (micro_ros_msgs) StdoutLine: {'line': b'[ 75%] Linking CXX shared library libmicro_ros_msgs__rosidl_typesupport_introspection_cpp.so\n'}
[7.746068] (-) TimerEvent: {}
[7.835679] (micro_ros_msgs) StdoutLine: {'line': b'[ 75%] Built target micro_ros_msgs__rosidl_typesupport_introspection_cpp\n'}
[7.846213] (-) TimerEvent: {}
[7.896727] (micro_ros_msgs) StdoutLine: {'line': b'[ 77%] Linking CXX shared library libmicro_ros_msgs__rosidl_typesupport_fastrtps_c.so\n'}
[7.946358] (-) TimerEvent: {}
[8.046588] (-) TimerEvent: {}
[8.062083] (micro_ros_msgs) StdoutLine: {'line': b'[ 77%] Built target micro_ros_msgs__rosidl_typesupport_fastrtps_c\n'}
[8.146718] (-) TimerEvent: {}
[8.166646] (micro_ros_msgs) StdoutLine: {'line': b'[ 79%] Linking CXX shared library libmicro_ros_msgs__rosidl_typesupport_fastrtps_cpp.so\n'}
[8.246847] (-) TimerEvent: {}
[8.279160] (micro_ros_msgs) StdoutLine: {'line': b'[ 79%] Built target micro_ros_msgs__rosidl_typesupport_fastrtps_cpp\n'}
[8.305251] (micro_ros_msgs) StdoutLine: {'line': b'[ 79%] Built target micro_ros_msgs\n'}
[8.333174] (micro_ros_msgs) StdoutLine: {'line': b'[ 81%] Generating Python code for ROS interfaces\n'}
[8.346975] (-) TimerEvent: {}
[8.447166] (-) TimerEvent: {}
[8.547358] (-) TimerEvent: {}
[8.647514] (-) TimerEvent: {}
[8.747696] (-) TimerEvent: {}
[8.847843] (-) TimerEvent: {}
[8.948211] (-) TimerEvent: {}
[8.971669] (micro_ros_msgs) StdoutLine: {'line': b'[ 81%] Built target micro_ros_msgs__py\n'}
[8.997471] (micro_ros_msgs) StdoutLine: {'line': b'[ 87%] Building C object CMakeFiles/micro_ros_msgs__rosidl_generator_py.dir/rosidl_generator_py/micro_ros_msgs/msg/_entity_s.c.o\n'}
[8.997704] (micro_ros_msgs) StdoutLine: {'line': b'[ 87%] Building C object CMakeFiles/micro_ros_msgs__rosidl_generator_py.dir/rosidl_generator_py/micro_ros_msgs/msg/_graph_s.c.o\n'}
[8.997841] (micro_ros_msgs) StdoutLine: {'line': b'[ 87%] Building C object CMakeFiles/micro_ros_msgs__rosidl_generator_py.dir/rosidl_generator_py/micro_ros_msgs/msg/_node_s.c.o\n'}
[9.048312] (-) TimerEvent: {}
[9.148504] (-) TimerEvent: {}
[9.210856] (micro_ros_msgs) StdoutLine: {'line': b'[ 88%] Linking C shared library libmicro_ros_msgs__rosidl_generator_py.so\n'}
[9.248610] (-) TimerEvent: {}
[9.276458] (micro_ros_msgs) StdoutLine: {'line': b'[ 88%] Built target micro_ros_msgs__rosidl_generator_py\n'}
[9.307376] (micro_ros_msgs) StdoutLine: {'line': b'[ 92%] Building C object CMakeFiles/micro_ros_msgs_s__rosidl_typesupport_introspection_c.dir/rosidl_generator_py/micro_ros_msgs/_micro_ros_msgs_s.ep.rosidl_typesupport_introspection_c.c.o\n'}
[9.307651] (micro_ros_msgs) StdoutLine: {'line': b'[ 92%] Building C object CMakeFiles/micro_ros_msgs_s__rosidl_typesupport_fastrtps_c.dir/rosidl_generator_py/micro_ros_msgs/_micro_ros_msgs_s.ep.rosidl_typesupport_fastrtps_c.c.o\n'}
[9.307800] (micro_ros_msgs) StdoutLine: {'line': b'[ 94%] Building C object CMakeFiles/micro_ros_msgs_s__rosidl_typesupport_c.dir/rosidl_generator_py/micro_ros_msgs/_micro_ros_msgs_s.ep.rosidl_typesupport_c.c.o\n'}
[9.348894] (-) TimerEvent: {}
[9.449177] (-) TimerEvent: {}
[9.476344] (micro_ros_msgs) StdoutLine: {'line': b'[ 96%] Linking C shared module rosidl_generator_py/micro_ros_msgs/micro_ros_msgs_s__rosidl_typesupport_c.so\n'}
[9.483862] (micro_ros_msgs) StdoutLine: {'line': b'[ 98%] Linking C shared module rosidl_generator_py/micro_ros_msgs/micro_ros_msgs_s__rosidl_typesupport_introspection_c.so\n'}
[9.485931] (micro_ros_msgs) StdoutLine: {'line': b'[100%] Linking C shared module rosidl_generator_py/micro_ros_msgs/micro_ros_msgs_s__rosidl_typesupport_fastrtps_c.so\n'}
[9.527293] (micro_ros_msgs) StdoutLine: {'line': b'[100%] Built target micro_ros_msgs_s__rosidl_typesupport_c\n'}
[9.533416] (micro_ros_msgs) StdoutLine: {'line': b'[100%] Built target micro_ros_msgs_s__rosidl_typesupport_fastrtps_c\n'}
[9.533812] (micro_ros_msgs) StdoutLine: {'line': b'[100%] Built target micro_ros_msgs_s__rosidl_typesupport_introspection_c\n'}
[9.549375] (-) TimerEvent: {}
[9.550215] (micro_ros_msgs) CommandEnded: {'returncode': 0}
[9.551918] (micro_ros_msgs) JobProgress: {'identifier': 'micro_ros_msgs', 'progress': 'install'}
[9.564067] (micro_ros_msgs) Command: {'cmd': ['/usr/bin/cmake', '--install', '/home/yunusdanabas/as_robotics/microros_ws/build/micro_ros_msgs'], 'cwd': '/home/yunusdanabas/as_robotics/microros_ws/build/micro_ros_msgs', 'env': OrderedDict({'GJS_DEBUG_TOPICS': 'JS ERROR;JS LOG', 'LESSOPEN': '| /usr/bin/lesspipe %s', 'VSCODE_CWD': '/home/yunusdanabas', 'VSCODE_ESM_ENTRYPOINT': 'vs/workbench/api/node/extensionHostProcess', 'CONDA_PROMPT_MODIFIER': '(base)', 'GZ_SIM_RESOURCE_PATH': '/opt/ros/jazzy/share', 'USER': 'yunusdanabas', 'LC_TIME': 'tr_TR.UTF-8', 'VSCODE_NLS_CONFIG': '{"userLocale":"en-us","osLocale":"en-us","resolvedLanguage":"en","defaultMessagesFile":"/usr/share/cursor/resources/app/out/nls.messages.json","locale":"en-us","availableLanguages":{}}', 'GZ_CONFIG_PATH': '/opt/ros/jazzy/opt/gz_sim_vendor/share/gz:/opt/ros/jazzy/opt/sdformat_vendor/share/gz:/opt/ros/jazzy/opt/gz_gui_vendor/share/gz:/opt/ros/jazzy/opt/gz_transport_vendor/share/gz:/opt/ros/jazzy/opt/gz_rendering_vendor/share/gz:/opt/ros/jazzy/opt/gz_plugin_vendor/share/gz:/opt/ros/jazzy/opt/gz_fuel_tools_vendor/share/gz:/opt/ros/jazzy/opt/gz_msgs_vendor/share/gz:/opt/ros/jazzy/opt/gz_common_vendor/share/gz', 'VSCODE_HANDLES_UNCAUGHT_ERRORS': 'true', 'XDG_SESSION_TYPE': 'wayland', 'CLUTTER_DISABLE_MIPMAPPED_TEXT': '1', 'SHLVL': '2', 'LD_LIBRARY_PATH': '/opt/ros/jazzy/opt/gz_sim_vendor/lib:/opt/ros/jazzy/opt/gz_sensors_vendor/lib:/opt/ros/jazzy/opt/gz_physics_vendor/lib:/opt/ros/jazzy/opt/sdformat_vendor/lib:/opt/ros/jazzy/opt/rviz_ogre_vendor/lib:/opt/ros/jazzy/lib/x86_64-linux-gnu:/opt/ros/jazzy/opt/gz_gui_vendor/lib:/opt/ros/jazzy/opt/gz_transport_vendor/lib:/opt/ros/jazzy/opt/gz_rendering_vendor/lib:/opt/ros/jazzy/opt/gz_plugin_vendor/lib:/opt/ros/jazzy/opt/gz_fuel_tools_vendor/lib:/opt/ros/jazzy/opt/gz_msgs_vendor/lib:/opt/ros/jazzy/opt/gz_common_vendor/lib:/opt/ros/jazzy/opt/gz_math_vendor/lib:/opt/ros/jazzy/opt/gz_utils_vendor/lib:/opt/ros/jazzy/opt/gz_tools_vendor/lib:/opt/ros/jazzy/opt/gz_ogre_next_vendor/lib:/opt/ros/jazzy/opt/gz_dartsim_vendor/lib:/opt/ros/jazzy/opt/gz_cmake_vendor/lib:/opt/ros/jazzy/lib', 'HOME': '/home/yunusdanabas', 'CHROME_DESKTOP': 'cursor.desktop', 'CONDA_SHLVL': '1', 'OLDPWD': '/home/yunusdanabas/as_robotics/microros_ws', 'DESKTOP_SESSION': 'ubuntu', 'NVM_BIN': '/home/yunusdanabas/.nvm/versions/node/v22.17.1/bin', 'NVM_INC': '/home/yunusdanabas/.nvm/versions/node/v22.17.1/include/node', 'VSCODE_IPC_HOOK': '/run/user/1000/vscode-baea8b7b-2.0.-main.sock', 'GIO_LAUNCHED_DESKTOP_FILE': '/usr/share/applications/cursor.desktop', 'APPLICATION_INSIGHTS_NO_DIAGNOSTIC_CHANNEL': '1', 'ROS_PYTHON_VERSION': '3', 'GNOME_SHELL_SESSION_MODE': 'ubuntu', 'GTK_MODULES': 'gail:atk-bridge', 'LC_MONETARY': 'tr_TR.UTF-8', 'MANAGERPID': '2697', 'SYSTEMD_EXEC_PID': '3002', 'IM_CONFIG_CHECK_ENV': '1', 'GSM_SKIP_SSH_AGENT_WORKAROUND': 'true', 'NO_COLOR': '1', 'DBUS_SESSION_BUS_ADDRESS': 'unix:path=/run/user/1000/bus', 'GIO_LAUNCHED_DESKTOP_FILE_PID': '51617', 'NVM_DIR': '/home/yunusdanabas/.nvm', 'VSCODE_CRASH_REPORTER_PROCESS_TYPE': 'extensionHost', 'DEBUGINFOD_URLS': 'https://debuginfod.ubuntu.com', 'IM_CONFIG_PHASE': '1', 'WAYLAND_DISPLAY': 'wayland-0', 'COLCON_PREFIX_PATH': '/home/yunusdanabas/as_robotics/microros_ws/install:/home/yunusdanabas/ros_ws/install', 'ROS_DISTRO': 'jazzy', 'LOGNAME': 'yunusdanabas', 'FORCE_COLOR': '0', 'JOURNAL_STREAM': '8:24920', '_': '/usr/bin/colcon', 'ROS_VERSION': '2', 'MEMORY_PRESSURE_WATCH': '/sys/fs/cgroup/user.slice/user-1000.slice/user@1000.service/session.slice/org.gnome.Shell@wayland.service/memory.pressure', 'XDG_SESSION_CLASS': 'user', 'APPLICATIONINSIGHTS_CONFIGURATION_CONTENT': '{}', 'USERNAME': 'yunusdanabas', 'TERM': 'dumb', 'GNOME_DESKTOP_SESSION_ID': 'this-is-deprecated', 'COMPOSER_NO_INTERACTION': '1', 'PATH': '/home/yunusdanabas/.local/bin:/home/yunusdanabas/.local/bin:/home/yunusdanabas/.gem/bin:/home/yunusdanabas/mamba/bin:/home/yunusdanabas/.local/bin:/home/yunusdanabas/.nvm/versions/node/v22.17.1/bin:/home/yunusdanabas/.gem/bin:/opt/ros/jazzy/opt/gz_msgs_vendor/bin:/opt/ros/jazzy/opt/gz_tools_vendor/bin:/opt/ros/jazzy/opt/gz_ogre_next_vendor/bin:/opt/ros/jazzy/bin:/home/yunusdanabas/mambaforge/bin:/home/yunusdanabas/mambaforge/condabin:/home/yunusdanabas/mamba/bin:/usr/local/sbin:/usr/local/bin:/usr/sbin:/usr/bin:/sbin:/bin:/usr/games:/usr/local/games:/snap/bin:/snap/bin', 'SESSION_MANAGER': 'local/yunusdanabas:@/tmp/.ICE-unix/2967,unix/yunusdanabas:/tmp/.ICE-unix/2967', 'INVOCATION_ID': '57581e4b92054fe4a9a17148b57720c6', 'XDG_MENU_PREFIX': 'gnome-', 'LC_ADDRESS': 'tr_TR.UTF-8', 'VSCODE_PROCESS_TITLE': 'extension-host  [1-1]', 'GNOME_SETUP_DISPLAY': ':1', 'XDG_RUNTIME_DIR': '/run/user/1000', 'GDK_BACKEND': 'x11', 'MAMBA_ROOT_PREFIX': '/home/yunusdanabas/mambaforge', 'CURSOR_AGENT': '1', 'DISPLAY': ':0', 'LANG': 'en_US.UTF-8', 'XDG_CURRENT_DESKTOP': 'Unity', 'LC_TELEPHONE': 'tr_TR.UTF-8', 'XMODIFIERS': '@im=ibus', 'XDG_SESSION_DESKTOP': 'ubuntu', 'XAUTHORITY': '/run/user/1000/.mutter-Xwaylandauth.8ZYKF3', 'LS_COLORS': '', 'SBX_CHROME_API_RQ': '1', 'CURSOR_TRACE_ID': 'd6e3589b80e34e24af74d6fdb6238dc8', 'SSH_AUTH_SOCK': '/run/user/1000/keyring/ssh', 'XML_CATALOG_FILES': 'file:///home/yunusdanabas/mambaforge/etc/xml/catalog file:///etc/xml/catalog', 'AMENT_PREFIX_PATH': '/home/yunusdanabas/as_robotics/microros_ws/install/micro_ros_setup:/opt/ros/jazzy', 'CONDA_PYTHON_EXE': '/home/yunusdanabas/mambaforge/bin/python', 'ORIGINAL_XDG_CURRENT_DESKTOP': 'ubuntu:GNOME', 'SHELL': '/bin/bash', 'LC_NAME': 'tr_TR.UTF-8', 'QT_ACCESSIBILITY': '1', 'GDMSESSION': 'ubuntu', 'GEM_HOME': '/home/yunusdanabas/.gem', 'LESSCLOSE': '/usr/bin/lesspipe %s %s', 'CONDA_DEFAULT_ENV': 'base', 'LC_MEASUREMENT': 'tr_TR.UTF-8', 'GJS_DEBUG_OUTPUT': 'stderr', 'MAMBA_EXE': '/home/yunusdanabas/mambaforge/bin/mamba', 'LC_IDENTIFICATION': 'tr_TR.UTF-8', 'ROS_AUTOMATIC_DISCOVERY_RANGE': 'SUBNET', 'QT_IM_MODULE': 'ibus', 'PWD': '/home/yunusdanabas/as_robotics/microros_ws/build/micro_ros_msgs', 'XDG_CONFIG_DIRS': '/etc/xdg/xdg-ubuntu:/etc/xdg', 'CONDA_EXE': '/home/yunusdanabas/mambaforge/bin/conda', 'VSCODE_CODE_CACHE_PATH': '/home/yunusdanabas/.config/Cursor/CachedData/25412918da7e74b2686b25d62da1f01cfcd27680', 'NVM_CD_FLAGS': '', 'XDG_DATA_DIRS': '/usr/share/ubuntu:/usr/share/gnome:/usr/local/share/:/usr/share/:/var/lib/snapd/desktop', 'PYTHONPATH': '/opt/ros/jazzy/lib/python3.12/site-packages', 'LC_NUMERIC': 'tr_TR.UTF-8', 'CONDA_PREFIX': '/home/yunusdanabas/mambaforge', 'LC_PAPER': 'tr_TR.UTF-8', 'COLCON': '1', 'MEMORY_PRESSURE_WRITE': 'c29tZSAyMDAwMDAgMjAwMDAwMAA=', 'CMAKE_PREFIX_PATH': '/home/yunusdanabas/as_robotics/microros_ws/install/micro_ros_setup:/opt/ros/jazzy/opt/gz_sim_vendor:/opt/ros/jazzy/opt/gz_sensors_vendor:/opt/ros/jazzy/opt/gz_physics_vendor:/opt/ros/jazzy/opt/sdformat_vendor:/opt/ros/jazzy/opt/gz_gui_vendor:/opt/ros/jazzy/opt/gz_transport_vendor:/opt/ros/jazzy/opt/gz_rendering_vendor:/opt/ros/jazzy/opt/gz_plugin_vendor:/opt/ros/jazzy/opt/gz_fuel_tools_vendor:/opt/ros/jazzy/opt/gz_msgs_vendor:/opt/ros/jazzy/opt/gz_common_vendor:/opt/ros/jazzy/opt/gz_math_vendor:/opt/ros/jazzy/opt/gz_utils_vendor:/opt/ros/jazzy/opt/gz_tools_vendor:/opt/ros/jazzy/opt/gz_ogre_next_vendor:/opt/ros/jazzy/opt/gz_dartsim_vendor:/opt/ros/jazzy/opt/gz_cmake_vendor:/opt/ros/jazzy', 'VSCODE_PID': '51617'}), 'shell': False}
[9.577003] (micro_ros_msgs) StdoutLine: {'line': b'-- Install configuration: ""\n'}
[9.577402] (micro_ros_msgs) StdoutLine: {'line': b'-- Installing: /home/yunusdanabas/as_robotics/microros_ws/install/micro_ros_msgs/share/ament_index/resource_index/rosidl_interfaces/micro_ros_msgs\n'}
[9.577664] (micro_ros_msgs) StdoutLine: {'line': b'-- Installing: /home/yunusdanabas/as_robotics/microros_ws/install/micro_ros_msgs/share/micro_ros_msgs/msg/Graph.json\n'}
[9.577900] (micro_ros_msgs) StdoutLine: {'line': b'-- Installing: /home/yunusdanabas/as_robotics/microros_ws/install/micro_ros_msgs/share/micro_ros_msgs/msg/Node.json\n'}
[9.578141] (micro_ros_msgs) StdoutLine: {'line': b'-- Installing: /home/yunusdanabas/as_robotics/microros_ws/install/micro_ros_msgs/share/micro_ros_msgs/msg/Entity.json\n'}
[9.578294] (micro_ros_msgs) StdoutLine: {'line': b'-- Installing: /home/yunusdanabas/as_robotics/microros_ws/install/micro_ros_msgs/include/micro_ros_msgs/micro_ros_msgs\n'}
[9.578588] (micro_ros_msgs) StdoutLine: {'line': b'-- Installing: /home/yunusdanabas/as_robotics/microros_ws/install/micro_ros_msgs/include/micro_ros_msgs/micro_ros_msgs/msg\n'}
[9.578798] (micro_ros_msgs) StdoutLine: {'line': b'-- Installing: /home/yunusdanabas/as_robotics/microros_ws/install/micro_ros_msgs/include/micro_ros_msgs/micro_ros_msgs/msg/node.h\n'}
[9.578952] (micro_ros_msgs) StdoutLine: {'line': b'-- Installing: /home/yunusdanabas/as_robotics/microros_ws/install/micro_ros_msgs/include/micro_ros_msgs/micro_ros_msgs/msg/rosidl_generator_c__visibility_control.h\n'}
[9.579103] (micro_ros_msgs) StdoutLine: {'line': b'-- Installing: /home/yunusdanabas/as_robotics/microros_ws/install/micro_ros_msgs/include/micro_ros_msgs/micro_ros_msgs/msg/graph.h\n'}
[9.579251] (micro_ros_msgs) StdoutLine: {'line': b'-- Installing: /home/yunusdanabas/as_robotics/microros_ws/install/micro_ros_msgs/include/micro_ros_msgs/micro_ros_msgs/msg/detail\n'}
[9.579512] (micro_ros_msgs) StdoutLine: {'line': b'-- Installing: /home/yunusdanabas/as_robotics/microros_ws/install/micro_ros_msgs/include/micro_ros_msgs/micro_ros_msgs/msg/detail/entity__type_support.h\n'}
[9.579676] (micro_ros_msgs) StdoutLine: {'line': b'-- Installing: /home/yunusdanabas/as_robotics/microros_ws/install/micro_ros_msgs/include/micro_ros_msgs/micro_ros_msgs/msg/detail/entity__struct.h\n'}
[9.579828] (micro_ros_msgs) StdoutLine: {'line': b'-- Installing: /home/yunusdanabas/as_robotics/microros_ws/install/micro_ros_msgs/include/micro_ros_msgs/micro_ros_msgs/msg/detail/graph__functions.c\n'}
[9.580048] (micro_ros_msgs) StdoutLine: {'line': b'-- Installing: /home/yunusdanabas/as_robotics/microros_ws/install/micro_ros_msgs/include/micro_ros_msgs/micro_ros_msgs/msg/detail/entity__functions.h\n'}
[9.580202] (micro_ros_msgs) StdoutLine: {'line': b'-- Installing: /home/yunusdanabas/as_robotics/microros_ws/install/micro_ros_msgs/include/micro_ros_msgs/micro_ros_msgs/msg/detail/node__description.c\n'}
[9.580429] (micro_ros_msgs) StdoutLine: {'line': b'-- Installing: /home/yunusdanabas/as_robotics/microros_ws/install/micro_ros_msgs/include/micro_ros_msgs/micro_ros_msgs/msg/detail/graph__functions.h\n'}
[9.580669] (micro_ros_msgs) StdoutLine: {'line': b'-- Installing: /home/yunusdanabas/as_robotics/microros_ws/install/micro_ros_msgs/include/micro_ros_msgs/micro_ros_msgs/msg/detail/graph__struct.h\n'}
[9.580823] (micro_ros_msgs) StdoutLine: {'line': b'-- Installing: /home/yunusdanabas/as_robotics/microros_ws/install/micro_ros_msgs/include/micro_ros_msgs/micro_ros_msgs/msg/detail/entity__type_support.c\n'}
[9.580982] (micro_ros_msgs) StdoutLine: {'line': b'-- Installing: /home/yunusdanabas/as_robotics/microros_ws/install/micro_ros_msgs/include/micro_ros_msgs/micro_ros_msgs/msg/detail/entity__functions.c\n'}
[9.581280] (micro_ros_msgs) StdoutLine: {'line': b'-- Installing: /home/yunusdanabas/as_robotics/microros_ws/install/micro_ros_msgs/include/micro_ros_msgs/micro_ros_msgs/msg/detail/node__type_support.c\n'}
[9.581574] (micro_ros_msgs) StdoutLine: {'line': b'-- Installing: /home/yunusdanabas/as_robotics/microros_ws/install/micro_ros_msgs/include/micro_ros_msgs/micro_ros_msgs/msg/detail/node__struct.h\n'}
[9.581735] (micro_ros_msgs) StdoutLine: {'line': b'-- Installing: /home/yunusdanabas/as_robotics/microros_ws/install/micro_ros_msgs/include/micro_ros_msgs/micro_ros_msgs/msg/detail/node__functions.h\n'}
[9.581885] (micro_ros_msgs) StdoutLine: {'line': b'-- Installing: /home/yunusdanabas/as_robotics/microros_ws/install/micro_ros_msgs/include/micro_ros_msgs/micro_ros_msgs/msg/detail/graph__type_support.h\n'}
[9.582045] (micro_ros_msgs) StdoutLine: {'line': b'-- Installing: /home/yunusdanabas/as_robotics/microros_ws/install/micro_ros_msgs/include/micro_ros_msgs/micro_ros_msgs/msg/detail/graph__type_support.c\n'}
[9.582284] (micro_ros_msgs) StdoutLine: {'line': b'-- Installing: /home/yunusdanabas/as_robotics/microros_ws/install/micro_ros_msgs/include/micro_ros_msgs/micro_ros_msgs/msg/detail/graph__description.c\n'}
[9.582667] (micro_ros_msgs) StdoutLine: {'line': b'-- Installing: /home/yunusdanabas/as_robotics/microros_ws/install/micro_ros_msgs/include/micro_ros_msgs/micro_ros_msgs/msg/detail/node__type_support.h\n'}
[9.583082] (micro_ros_msgs) StdoutLine: {'line': b'-- Installing: /home/yunusdanabas/as_robotics/microros_ws/install/micro_ros_msgs/include/micro_ros_msgs/micro_ros_msgs/msg/detail/node__functions.c\n'}
[9.583320] (micro_ros_msgs) StdoutLine: {'line': b'-- Installing: /home/yunusdanabas/as_robotics/microros_ws/install/micro_ros_msgs/include/micro_ros_msgs/micro_ros_msgs/msg/detail/entity__description.c\n'}
[9.583581] (micro_ros_msgs) StdoutLine: {'line': b'-- Installing: /home/yunusdanabas/as_robotics/microros_ws/install/micro_ros_msgs/include/micro_ros_msgs/micro_ros_msgs/msg/entity.h\n'}
[9.583811] (micro_ros_msgs) StdoutLine: {'line': b'-- Installing: /home/yunusdanabas/as_robotics/microros_ws/install/micro_ros_msgs/share/micro_ros_msgs/environment/library_path.sh\n'}
[9.583957] (micro_ros_msgs) StdoutLine: {'line': b'-- Installing: /home/yunusdanabas/as_robotics/microros_ws/install/micro_ros_msgs/share/micro_ros_msgs/environment/library_path.dsv\n'}
[9.584173] (micro_ros_msgs) StdoutLine: {'line': b'-- Installing: /home/yunusdanabas/as_robotics/microros_ws/install/micro_ros_msgs/lib/libmicro_ros_msgs__rosidl_generator_c.so\n'}
[9.584324] (micro_ros_msgs) StdoutLine: {'line': b'-- Set non-toolchain portion of runtime path of "/home/yunusdanabas/as_robotics/microros_ws/install/micro_ros_msgs/lib/libmicro_ros_msgs__rosidl_generator_c.so" to ""\n'}
[9.584822] (micro_ros_msgs) StdoutLine: {'line': b'-- Up-to-date: /home/yunusdanabas/as_robotics/microros_ws/install/micro_ros_msgs/include/micro_ros_msgs/micro_ros_msgs\n'}
[9.584981] (micro_ros_msgs) StdoutLine: {'line': b'-- Up-to-date: /home/yunusdanabas/as_robotics/microros_ws/install/micro_ros_msgs/include/micro_ros_msgs/micro_ros_msgs/msg\n'}
[9.585133] (micro_ros_msgs) StdoutLine: {'line': b'-- Installing: /home/yunusdanabas/as_robotics/microros_ws/install/micro_ros_msgs/include/micro_ros_msgs/micro_ros_msgs/msg/rosidl_typesupport_fastrtps_c__visibility_control.h\n'}
[9.585423] (micro_ros_msgs) StdoutLine: {'line': b'-- Up-to-date: /home/yunusdanabas/as_robotics/microros_ws/install/micro_ros_msgs/include/micro_ros_msgs/micro_ros_msgs/msg/detail\n'}
[9.585682] (micro_ros_msgs) StdoutLine: {'line': b'-- Installing: /home/yunusdanabas/as_robotics/microros_ws/install/micro_ros_msgs/include/micro_ros_msgs/micro_ros_msgs/msg/detail/node__rosidl_typesupport_fastrtps_c.h\n'}
[9.585868] (micro_ros_msgs) StdoutLine: {'line': b'-- Installing: /home/yunusdanabas/as_robotics/microros_ws/install/micro_ros_msgs/include/micro_ros_msgs/micro_ros_msgs/msg/detail/graph__rosidl_typesupport_fastrtps_c.h\n'}
[9.586054] (micro_ros_msgs) StdoutLine: {'line': b'-- Installing: /home/yunusdanabas/as_robotics/microros_ws/install/micro_ros_msgs/include/micro_ros_msgs/micro_ros_msgs/msg/detail/entity__rosidl_typesupport_fastrtps_c.h\n'}
[9.586215] (micro_ros_msgs) StdoutLine: {'line': b'-- Installing: /home/yunusdanabas/as_robotics/microros_ws/install/micro_ros_msgs/lib/libmicro_ros_msgs__rosidl_typesupport_fastrtps_c.so\n'}
[9.586643] (micro_ros_msgs) StdoutLine: {'line': b'-- Set non-toolchain portion of runtime path of "/home/yunusdanabas/as_robotics/microros_ws/install/micro_ros_msgs/lib/libmicro_ros_msgs__rosidl_typesupport_fastrtps_c.so" to ""\n'}
[9.586808] (micro_ros_msgs) StdoutLine: {'line': b'-- Up-to-date: /home/yunusdanabas/as_robotics/microros_ws/install/micro_ros_msgs/include/micro_ros_msgs/micro_ros_msgs\n'}
[9.586965] (micro_ros_msgs) StdoutLine: {'line': b'-- Up-to-date: /home/yunusdanabas/as_robotics/microros_ws/install/micro_ros_msgs/include/micro_ros_msgs/micro_ros_msgs/msg\n'}
[9.587122] (micro_ros_msgs) StdoutLine: {'line': b'-- Installing: /home/yunusdanabas/as_robotics/microros_ws/install/micro_ros_msgs/include/micro_ros_msgs/micro_ros_msgs/msg/rosidl_typesupport_introspection_c__visibility_control.h\n'}
[9.587278] (micro_ros_msgs) StdoutLine: {'line': b'-- Up-to-date: /home/yunusdanabas/as_robotics/microros_ws/install/micro_ros_msgs/include/micro_ros_msgs/micro_ros_msgs/msg/detail\n'}
[9.587466] (micro_ros_msgs) StdoutLine: {'line': b'-- Installing: /home/yunusdanabas/as_robotics/microros_ws/install/micro_ros_msgs/include/micro_ros_msgs/micro_ros_msgs/msg/detail/graph__rosidl_typesupport_introspection_c.h\n'}
[9.587961] (micro_ros_msgs) StdoutLine: {'line': b'-- Installing: /home/yunusdanabas/as_robotics/microros_ws/install/micro_ros_msgs/include/micro_ros_msgs/micro_ros_msgs/msg/detail/entity__type_support.c\n'}
[9.588113] (micro_ros_msgs) StdoutLine: {'line': b'-- Installing: /home/yunusdanabas/as_robotics/microros_ws/install/micro_ros_msgs/include/micro_ros_msgs/micro_ros_msgs/msg/detail/node__type_support.c\n'}
[9.588268] (micro_ros_msgs) StdoutLine: {'line': b'-- Installing: /home/yunusdanabas/as_robotics/microros_ws/install/micro_ros_msgs/include/micro_ros_msgs/micro_ros_msgs/msg/detail/entity__rosidl_typesupport_introspection_c.h\n'}
[9.588625] (micro_ros_msgs) StdoutLine: {'line': b'-- Installing: /home/yunusdanabas/as_robotics/microros_ws/install/micro_ros_msgs/include/micro_ros_msgs/micro_ros_msgs/msg/detail/graph__type_support.c\n'}
[9.588787] (micro_ros_msgs) StdoutLine: {'line': b'-- Installing: /home/yunusdanabas/as_robotics/microros_ws/install/micro_ros_msgs/include/micro_ros_msgs/micro_ros_msgs/msg/detail/node__rosidl_typesupport_introspection_c.h\n'}
[9.589101] (micro_ros_msgs) StdoutLine: {'line': b'-- Installing: /home/yunusdanabas/as_robotics/microros_ws/install/micro_ros_msgs/lib/libmicro_ros_msgs__rosidl_typesupport_introspection_c.so\n'}
[9.589255] (micro_ros_msgs) StdoutLine: {'line': b'-- Set non-toolchain portion of runtime path of "/home/yunusdanabas/as_robotics/microros_ws/install/micro_ros_msgs/lib/libmicro_ros_msgs__rosidl_typesupport_introspection_c.so" to ""\n'}
[9.589519] (micro_ros_msgs) StdoutLine: {'line': b'-- Installing: /home/yunusdanabas/as_robotics/microros_ws/install/micro_ros_msgs/lib/libmicro_ros_msgs__rosidl_typesupport_c.so\n'}
[9.589673] (micro_ros_msgs) StdoutLine: {'line': b'-- Set non-toolchain portion of runtime path of "/home/yunusdanabas/as_robotics/microros_ws/install/micro_ros_msgs/lib/libmicro_ros_msgs__rosidl_typesupport_c.so" to ""\n'}
[9.589825] (micro_ros_msgs) StdoutLine: {'line': b'-- Up-to-date: /home/yunusdanabas/as_robotics/microros_ws/install/micro_ros_msgs/include/micro_ros_msgs/micro_ros_msgs\n'}
[9.589974] (micro_ros_msgs) StdoutLine: {'line': b'-- Up-to-date: /home/yunusdanabas/as_robotics/microros_ws/install/micro_ros_msgs/include/micro_ros_msgs/micro_ros_msgs/msg\n'}
[9.590127] (micro_ros_msgs) StdoutLine: {'line': b'-- Installing: /home/yunusdanabas/as_robotics/microros_ws/install/micro_ros_msgs/include/micro_ros_msgs/micro_ros_msgs/msg/graph.hpp\n'}
[9.590276] (micro_ros_msgs) StdoutLine: {'line': b'-- Installing: /home/yunusdanabas/as_robotics/microros_ws/install/micro_ros_msgs/include/micro_ros_msgs/micro_ros_msgs/msg/rosidl_generator_cpp__visibility_control.hpp\n'}
[9.590658] (micro_ros_msgs) StdoutLine: {'line': b'-- Installing: /home/yunusdanabas/as_robotics/microros_ws/install/micro_ros_msgs/include/micro_ros_msgs/micro_ros_msgs/msg/entity.hpp\n'}
[9.590889] (micro_ros_msgs) StdoutLine: {'line': b'-- Up-to-date: /home/yunusdanabas/as_robotics/microros_ws/install/micro_ros_msgs/include/micro_ros_msgs/micro_ros_msgs/msg/detail\n'}
[9.591038] (micro_ros_msgs) StdoutLine: {'line': b'-- Installing: /home/yunusdanabas/as_robotics/microros_ws/install/micro_ros_msgs/include/micro_ros_msgs/micro_ros_msgs/msg/detail/entity__builder.hpp\n'}
[9.591189] (micro_ros_msgs) StdoutLine: {'line': b'-- Installing: /home/yunusdanabas/as_robotics/microros_ws/install/micro_ros_msgs/include/micro_ros_msgs/micro_ros_msgs/msg/detail/node__builder.hpp\n'}
[9.591351] (micro_ros_msgs) StdoutLine: {'line': b'-- Installing: /home/yunusdanabas/as_robotics/microros_ws/install/micro_ros_msgs/include/micro_ros_msgs/micro_ros_msgs/msg/detail/graph__builder.hpp\n'}
[9.591706] (micro_ros_msgs) StdoutLine: {'line': b'-- Installing: /home/yunusdanabas/as_robotics/microros_ws/install/micro_ros_msgs/include/micro_ros_msgs/micro_ros_msgs/msg/detail/entity__traits.hpp\n'}
[9.591863] (micro_ros_msgs) StdoutLine: {'line': b'-- Installing: /home/yunusdanabas/as_robotics/microros_ws/install/micro_ros_msgs/include/micro_ros_msgs/micro_ros_msgs/msg/detail/entity__struct.hpp\n'}
[9.592013] (micro_ros_msgs) StdoutLine: {'line': b'-- Installing: /home/yunusdanabas/as_robotics/microros_ws/install/micro_ros_msgs/include/micro_ros_msgs/micro_ros_msgs/msg/detail/graph__type_support.hpp\n'}
[9.592165] (micro_ros_msgs) StdoutLine: {'line': b'-- Installing: /home/yunusdanabas/as_robotics/microros_ws/install/micro_ros_msgs/include/micro_ros_msgs/micro_ros_msgs/msg/detail/node__traits.hpp\n'}
[9.592314] (micro_ros_msgs) StdoutLine: {'line': b'-- Installing: /home/yunusdanabas/as_robotics/microros_ws/install/micro_ros_msgs/include/micro_ros_msgs/micro_ros_msgs/msg/detail/node__struct.hpp\n'}
[9.592482] (micro_ros_msgs) StdoutLine: {'line': b'-- Installing: /home/yunusdanabas/as_robotics/microros_ws/install/micro_ros_msgs/include/micro_ros_msgs/micro_ros_msgs/msg/detail/graph__traits.hpp\n'}
[9.592636] (micro_ros_msgs) StdoutLine: {'line': b'-- Installing: /home/yunusdanabas/as_robotics/microros_ws/install/micro_ros_msgs/include/micro_ros_msgs/micro_ros_msgs/msg/detail/node__type_support.hpp\n'}
[9.592786] (micro_ros_msgs) StdoutLine: {'line': b'-- Installing: /home/yunusdanabas/as_robotics/microros_ws/install/micro_ros_msgs/include/micro_ros_msgs/micro_ros_msgs/msg/detail/graph__struct.hpp\n'}
[9.592939] (micro_ros_msgs) StdoutLine: {'line': b'-- Installing: /home/yunusdanabas/as_robotics/microros_ws/install/micro_ros_msgs/include/micro_ros_msgs/micro_ros_msgs/msg/detail/entity__type_support.hpp\n'}
[9.593382] (micro_ros_msgs) StdoutLine: {'line': b'-- Installing: /home/yunusdanabas/as_robotics/microros_ws/install/micro_ros_msgs/include/micro_ros_msgs/micro_ros_msgs/msg/node.hpp\n'}
[9.593506] (micro_ros_msgs) StdoutLine: {'line': b'-- Up-to-date: /home/yunusdanabas/as_robotics/microros_ws/install/micro_ros_msgs/include/micro_ros_msgs/micro_ros_msgs\n'}
[9.593602] (micro_ros_msgs) StdoutLine: {'line': b'-- Up-to-date: /home/yunusdanabas/as_robotics/microros_ws/install/micro_ros_msgs/include/micro_ros_msgs/micro_ros_msgs/msg\n'}
[9.593693] (micro_ros_msgs) StdoutLine: {'line': b'-- Installing: /home/yunusdanabas/as_robotics/microros_ws/install/micro_ros_msgs/include/micro_ros_msgs/micro_ros_msgs/msg/rosidl_typesupport_fastrtps_cpp__visibility_control.h\n'}
[9.593879] (micro_ros_msgs) StdoutLine: {'line': b'-- Up-to-date: /home/yunusdanabas/as_robotics/microros_ws/install/micro_ros_msgs/include/micro_ros_msgs/micro_ros_msgs/msg/detail\n'}
[9.593969] (micro_ros_msgs) StdoutLine: {'line': b'-- Installing: /home/yunusdanabas/as_robotics/microros_ws/install/micro_ros_msgs/include/micro_ros_msgs/micro_ros_msgs/msg/detail/dds_fastrtps\n'}
[9.594055] (micro_ros_msgs) StdoutLine: {'line': b'-- Installing: /home/yunusdanabas/as_robotics/microros_ws/install/micro_ros_msgs/include/micro_ros_msgs/micro_ros_msgs/msg/detail/graph__rosidl_typesupport_fastrtps_cpp.hpp\n'}
[9.594149] (micro_ros_msgs) StdoutLine: {'line': b'-- Installing: /home/yunusdanabas/as_robotics/microros_ws/install/micro_ros_msgs/include/micro_ros_msgs/micro_ros_msgs/msg/detail/node__rosidl_typesupport_fastrtps_cpp.hpp\n'}
[9.594232] (micro_ros_msgs) StdoutLine: {'line': b'-- Installing: /home/yunusdanabas/as_robotics/microros_ws/install/micro_ros_msgs/include/micro_ros_msgs/micro_ros_msgs/msg/detail/entity__rosidl_typesupport_fastrtps_cpp.hpp\n'}
[9.594317] (micro_ros_msgs) StdoutLine: {'line': b'-- Installing: /home/yunusdanabas/as_robotics/microros_ws/install/micro_ros_msgs/lib/libmicro_ros_msgs__rosidl_typesupport_fastrtps_cpp.so\n'}
[9.594427] (micro_ros_msgs) StdoutLine: {'line': b'-- Set non-toolchain portion of runtime path of "/home/yunusdanabas/as_robotics/microros_ws/install/micro_ros_msgs/lib/libmicro_ros_msgs__rosidl_typesupport_fastrtps_cpp.so" to ""\n'}
[9.594517] (micro_ros_msgs) StdoutLine: {'line': b'-- Up-to-date: /home/yunusdanabas/as_robotics/microros_ws/install/micro_ros_msgs/include/micro_ros_msgs/micro_ros_msgs\n'}
[9.594602] (micro_ros_msgs) StdoutLine: {'line': b'-- Up-to-date: /home/yunusdanabas/as_robotics/microros_ws/install/micro_ros_msgs/include/micro_ros_msgs/micro_ros_msgs/msg\n'}
[9.594685] (micro_ros_msgs) StdoutLine: {'line': b'-- Up-to-date: /home/yunusdanabas/as_robotics/microros_ws/install/micro_ros_msgs/include/micro_ros_msgs/micro_ros_msgs/msg/detail\n'}
[9.594769] (micro_ros_msgs) StdoutLine: {'line': b'-- Installing: /home/yunusdanabas/as_robotics/microros_ws/install/micro_ros_msgs/include/micro_ros_msgs/micro_ros_msgs/msg/detail/entity__type_support.cpp\n'}
[9.594853] (micro_ros_msgs) StdoutLine: {'line': b'-- Installing: /home/yunusdanabas/as_robotics/microros_ws/install/micro_ros_msgs/include/micro_ros_msgs/micro_ros_msgs/msg/detail/entity__rosidl_typesupport_introspection_cpp.hpp\n'}
[9.594937] (micro_ros_msgs) StdoutLine: {'line': b'-- Installing: /home/yunusdanabas/as_robotics/microros_ws/install/micro_ros_msgs/include/micro_ros_msgs/micro_ros_msgs/msg/detail/node__type_support.cpp\n'}
[9.595021] (micro_ros_msgs) StdoutLine: {'line': b'-- Installing: /home/yunusdanabas/as_robotics/microros_ws/install/micro_ros_msgs/include/micro_ros_msgs/micro_ros_msgs/msg/detail/graph__type_support.cpp\n'}
[9.595105] (micro_ros_msgs) StdoutLine: {'line': b'-- Installing: /home/yunusdanabas/as_robotics/microros_ws/install/micro_ros_msgs/include/micro_ros_msgs/micro_ros_msgs/msg/detail/node__rosidl_typesupport_introspection_cpp.hpp\n'}
[9.595188] (micro_ros_msgs) StdoutLine: {'line': b'-- Installing: /home/yunusdanabas/as_robotics/microros_ws/install/micro_ros_msgs/include/micro_ros_msgs/micro_ros_msgs/msg/detail/graph__rosidl_typesupport_introspection_cpp.hpp\n'}
[9.595272] (micro_ros_msgs) StdoutLine: {'line': b'-- Installing: /home/yunusdanabas/as_robotics/microros_ws/install/micro_ros_msgs/lib/libmicro_ros_msgs__rosidl_typesupport_introspection_cpp.so\n'}
[9.595370] (micro_ros_msgs) StdoutLine: {'line': b'-- Set non-toolchain portion of runtime path of "/home/yunusdanabas/as_robotics/microros_ws/install/micro_ros_msgs/lib/libmicro_ros_msgs__rosidl_typesupport_introspection_cpp.so" to ""\n'}
[9.595463] (micro_ros_msgs) StdoutLine: {'line': b'-- Installing: /home/yunusdanabas/as_robotics/microros_ws/install/micro_ros_msgs/lib/libmicro_ros_msgs__rosidl_typesupport_cpp.so\n'}
[9.595550] (micro_ros_msgs) StdoutLine: {'line': b'-- Set non-toolchain portion of runtime path of "/home/yunusdanabas/as_robotics/microros_ws/install/micro_ros_msgs/lib/libmicro_ros_msgs__rosidl_typesupport_cpp.so" to ""\n'}
[9.595634] (micro_ros_msgs) StdoutLine: {'line': b'-- Installing: /home/yunusdanabas/as_robotics/microros_ws/install/micro_ros_msgs/share/micro_ros_msgs/environment/pythonpath.sh\n'}
[9.595717] (micro_ros_msgs) StdoutLine: {'line': b'-- Installing: /home/yunusdanabas/as_robotics/microros_ws/install/micro_ros_msgs/share/micro_ros_msgs/environment/pythonpath.dsv\n'}
[9.595801] (micro_ros_msgs) StdoutLine: {'line': b'-- Installing: /home/yunusdanabas/as_robotics/microros_ws/install/micro_ros_msgs/lib/python3.12/site-packages/micro_ros_msgs-5.0.2-py3.12.egg-info\n'}
[9.595900] (micro_ros_msgs) StdoutLine: {'line': b'-- Installing: /home/yunusdanabas/as_robotics/microros_ws/install/micro_ros_msgs/lib/python3.12/site-packages/micro_ros_msgs-5.0.2-py3.12.egg-info/PKG-INFO\n'}
[9.595989] (micro_ros_msgs) StdoutLine: {'line': b'-- Installing: /home/yunusdanabas/as_robotics/microros_ws/install/micro_ros_msgs/lib/python3.12/site-packages/micro_ros_msgs-5.0.2-py3.12.egg-info/dependency_links.txt\n'}
[9.596080] (micro_ros_msgs) StdoutLine: {'line': b'-- Installing: /home/yunusdanabas/as_robotics/microros_ws/install/micro_ros_msgs/lib/python3.12/site-packages/micro_ros_msgs-5.0.2-py3.12.egg-info/top_level.txt\n'}
[9.596164] (micro_ros_msgs) StdoutLine: {'line': b'-- Installing: /home/yunusdanabas/as_robotics/microros_ws/install/micro_ros_msgs/lib/python3.12/site-packages/micro_ros_msgs-5.0.2-py3.12.egg-info/SOURCES.txt\n'}
[9.596247] (micro_ros_msgs) StdoutLine: {'line': b'-- Installing: /home/yunusdanabas/as_robotics/microros_ws/install/micro_ros_msgs/lib/python3.12/site-packages/micro_ros_msgs\n'}
[9.596330] (micro_ros_msgs) StdoutLine: {'line': b'-- Installing: /home/yunusdanabas/as_robotics/microros_ws/install/micro_ros_msgs/lib/python3.12/site-packages/micro_ros_msgs/msg\n'}
[9.596438] (micro_ros_msgs) StdoutLine: {'line': b'-- Installing: /home/yunusdanabas/as_robotics/microros_ws/install/micro_ros_msgs/lib/python3.12/site-packages/micro_ros_msgs/msg/_entity_s.c\n'}
[9.596523] (micro_ros_msgs) StdoutLine: {'line': b'-- Installing: /home/yunusdanabas/as_robotics/microros_ws/install/micro_ros_msgs/lib/python3.12/site-packages/micro_ros_msgs/msg/_graph.py\n'}
[9.596608] (micro_ros_msgs) StdoutLine: {'line': b'-- Installing: /home/yunusdanabas/as_robotics/microros_ws/install/micro_ros_msgs/lib/python3.12/site-packages/micro_ros_msgs/msg/_node_s.c\n'}
[9.596693] (micro_ros_msgs) StdoutLine: {'line': b'-- Installing: /home/yunusdanabas/as_robotics/microros_ws/install/micro_ros_msgs/lib/python3.12/site-packages/micro_ros_msgs/msg/_entity.py\n'}
[9.596776] (micro_ros_msgs) StdoutLine: {'line': b'-- Installing: /home/yunusdanabas/as_robotics/microros_ws/install/micro_ros_msgs/lib/python3.12/site-packages/micro_ros_msgs/msg/__init__.py\n'}
[9.596860] (micro_ros_msgs) StdoutLine: {'line': b'-- Installing: /home/yunusdanabas/as_robotics/microros_ws/install/micro_ros_msgs/lib/python3.12/site-packages/micro_ros_msgs/msg/_node.py\n'}
[9.596950] (micro_ros_msgs) StdoutLine: {'line': b'-- Installing: /home/yunusdanabas/as_robotics/microros_ws/install/micro_ros_msgs/lib/python3.12/site-packages/micro_ros_msgs/msg/_graph_s.c\n'}
[9.597034] (micro_ros_msgs) StdoutLine: {'line': b'-- Installing: /home/yunusdanabas/as_robotics/microros_ws/install/micro_ros_msgs/lib/python3.12/site-packages/micro_ros_msgs/_micro_ros_msgs_s.ep.rosidl_typesupport_c.c\n'}
[9.597118] (micro_ros_msgs) StdoutLine: {'line': b'-- Installing: /home/yunusdanabas/as_robotics/microros_ws/install/micro_ros_msgs/lib/python3.12/site-packages/micro_ros_msgs/micro_ros_msgs_s__rosidl_typesupport_fastrtps_c.so\n'}
[9.597201] (micro_ros_msgs) StdoutLine: {'line': b'-- Installing: /home/yunusdanabas/as_robotics/microros_ws/install/micro_ros_msgs/lib/python3.12/site-packages/micro_ros_msgs/micro_ros_msgs_s__rosidl_typesupport_c.so\n'}
[9.597284] (micro_ros_msgs) StdoutLine: {'line': b'-- Installing: /home/yunusdanabas/as_robotics/microros_ws/install/micro_ros_msgs/lib/python3.12/site-packages/micro_ros_msgs/__init__.py\n'}
[9.597378] (micro_ros_msgs) StdoutLine: {'line': b'-- Installing: /home/yunusdanabas/as_robotics/microros_ws/install/micro_ros_msgs/lib/python3.12/site-packages/micro_ros_msgs/_micro_ros_msgs_s.ep.rosidl_typesupport_fastrtps_c.c\n'}
[9.597468] (micro_ros_msgs) StdoutLine: {'line': b'-- Installing: /home/yunusdanabas/as_robotics/microros_ws/install/micro_ros_msgs/lib/python3.12/site-packages/micro_ros_msgs/micro_ros_msgs_s__rosidl_typesupport_introspection_c.so\n'}
[9.597559] (micro_ros_msgs) StdoutLine: {'line': b'-- Installing: /home/yunusdanabas/as_robotics/microros_ws/install/micro_ros_msgs/lib/python3.12/site-packages/micro_ros_msgs/_micro_ros_msgs_s.ep.rosidl_typesupport_introspection_c.c\n'}
[9.649746] (-) TimerEvent: {}
[9.653002] (micro_ros_msgs) StdoutLine: {'line': b"Listing '/home/yunusdanabas/as_robotics/microros_ws/install/micro_ros_msgs/lib/python3.12/site-packages/micro_ros_msgs'...\n"}
[9.653471] (micro_ros_msgs) StdoutLine: {'line': b"Compiling '/home/yunusdanabas/as_robotics/microros_ws/install/micro_ros_msgs/lib/python3.12/site-packages/micro_ros_msgs/__init__.py'...\n"}
[9.653832] (micro_ros_msgs) StdoutLine: {'line': b"Listing '/home/yunusdanabas/as_robotics/microros_ws/install/micro_ros_msgs/lib/python3.12/site-packages/micro_ros_msgs/msg'...\n"}
[9.654115] (micro_ros_msgs) StdoutLine: {'line': b"Compiling '/home/yunusdanabas/as_robotics/microros_ws/install/micro_ros_msgs/lib/python3.12/site-packages/micro_ros_msgs/msg/__init__.py'...\n"}
[9.654364] (micro_ros_msgs) StdoutLine: {'line': b"Compiling '/home/yunusdanabas/as_robotics/microros_ws/install/micro_ros_msgs/lib/python3.12/site-packages/micro_ros_msgs/msg/_entity.py'...\n"}
[9.654580] (micro_ros_msgs) StdoutLine: {'line': b"Compiling '/home/yunusdanabas/as_robotics/microros_ws/install/micro_ros_msgs/lib/python3.12/site-packages/micro_ros_msgs/msg/_graph.py'...\n"}
[9.654742] (micro_ros_msgs) StdoutLine: {'line': b"Compiling '/home/yunusdanabas/as_robotics/microros_ws/install/micro_ros_msgs/lib/python3.12/site-packages/micro_ros_msgs/msg/_node.py'...\n"}
[9.661696] (micro_ros_msgs) StdoutLine: {'line': b'-- Installing: /home/yunusdanabas/as_robotics/microros_ws/install/micro_ros_msgs/lib/python3.12/site-packages/micro_ros_msgs/micro_ros_msgs_s__rosidl_typesupport_fastrtps_c.so\n'}
[9.662049] (micro_ros_msgs) StdoutLine: {'line': b'-- Set non-toolchain portion of runtime path of "/home/yunusdanabas/as_robotics/microros_ws/install/micro_ros_msgs/lib/python3.12/site-packages/micro_ros_msgs/micro_ros_msgs_s__rosidl_typesupport_fastrtps_c.so" to ""\n'}
[9.662312] (micro_ros_msgs) StdoutLine: {'line': b'-- Installing: /home/yunusdanabas/as_robotics/microros_ws/install/micro_ros_msgs/lib/python3.12/site-packages/micro_ros_msgs/micro_ros_msgs_s__rosidl_typesupport_introspection_c.so\n'}
[9.662557] (micro_ros_msgs) StdoutLine: {'line': b'-- Set non-toolchain portion of runtime path of "/home/yunusdanabas/as_robotics/microros_ws/install/micro_ros_msgs/lib/python3.12/site-packages/micro_ros_msgs/micro_ros_msgs_s__rosidl_typesupport_introspection_c.so" to ""\n'}
[9.662787] (micro_ros_msgs) StdoutLine: {'line': b'-- Installing: /home/yunusdanabas/as_robotics/microros_ws/install/micro_ros_msgs/lib/python3.12/site-packages/micro_ros_msgs/micro_ros_msgs_s__rosidl_typesupport_c.so\n'}
[9.663003] (micro_ros_msgs) StdoutLine: {'line': b'-- Set non-toolchain portion of runtime path of "/home/yunusdanabas/as_robotics/microros_ws/install/micro_ros_msgs/lib/python3.12/site-packages/micro_ros_msgs/micro_ros_msgs_s__rosidl_typesupport_c.so" to ""\n'}
[9.663159] (micro_ros_msgs) StdoutLine: {'line': b'-- Installing: /home/yunusdanabas/as_robotics/microros_ws/install/micro_ros_msgs/lib/libmicro_ros_msgs__rosidl_generator_py.so\n'}
[9.663363] (micro_ros_msgs) StdoutLine: {'line': b'-- Set non-toolchain portion of runtime path of "/home/yunusdanabas/as_robotics/microros_ws/install/micro_ros_msgs/lib/libmicro_ros_msgs__rosidl_generator_py.so" to ""\n'}
[9.663625] (micro_ros_msgs) StdoutLine: {'line': b'-- Installing: /home/yunusdanabas/as_robotics/microros_ws/install/micro_ros_msgs/share/micro_ros_msgs/msg/Graph.idl\n'}
[9.663830] (micro_ros_msgs) StdoutLine: {'line': b'-- Installing: /home/yunusdanabas/as_robotics/microros_ws/install/micro_ros_msgs/share/micro_ros_msgs/msg/Node.idl\n'}
[9.663987] (micro_ros_msgs) StdoutLine: {'line': b'-- Installing: /home/yunusdanabas/as_robotics/microros_ws/install/micro_ros_msgs/share/micro_ros_msgs/msg/Entity.idl\n'}
[9.664185] (micro_ros_msgs) StdoutLine: {'line': b'-- Installing: /home/yunusdanabas/as_robotics/microros_ws/install/micro_ros_msgs/share/micro_ros_msgs/msg/Graph.msg\n'}
[9.664408] (micro_ros_msgs) StdoutLine: {'line': b'-- Installing: /home/yunusdanabas/as_robotics/microros_ws/install/micro_ros_msgs/share/micro_ros_msgs/msg/Node.msg\n'}
[9.664665] (micro_ros_msgs) StdoutLine: {'line': b'-- Installing: /home/yunusdanabas/as_robotics/microros_ws/install/micro_ros_msgs/share/micro_ros_msgs/msg/Entity.msg\n'}
[9.664820] (micro_ros_msgs) StdoutLine: {'line': b'-- Installing: /home/yunusdanabas/as_robotics/microros_ws/install/micro_ros_msgs/share/ament_index/resource_index/package_run_dependencies/micro_ros_msgs\n'}
[9.664971] (micro_ros_msgs) StdoutLine: {'line': b'-- Installing: /home/yunusdanabas/as_robotics/microros_ws/install/micro_ros_msgs/share/ament_index/resource_index/parent_prefix_path/micro_ros_msgs\n'}
[9.665121] (micro_ros_msgs) StdoutLine: {'line': b'-- Installing: /home/yunusdanabas/as_robotics/microros_ws/install/micro_ros_msgs/share/micro_ros_msgs/environment/ament_prefix_path.sh\n'}
[9.665350] (micro_ros_msgs) StdoutLine: {'line': b'-- Installing: /home/yunusdanabas/as_robotics/microros_ws/install/micro_ros_msgs/share/micro_ros_msgs/environment/ament_prefix_path.dsv\n'}
[9.665620] (micro_ros_msgs) StdoutLine: {'line': b'-- Installing: /home/yunusdanabas/as_robotics/microros_ws/install/micro_ros_msgs/share/micro_ros_msgs/environment/path.sh\n'}
[9.665809] (micro_ros_msgs) StdoutLine: {'line': b'-- Installing: /home/yunusdanabas/as_robotics/microros_ws/install/micro_ros_msgs/share/micro_ros_msgs/environment/path.dsv\n'}
[9.666003] (micro_ros_msgs) StdoutLine: {'line': b'-- Installing: /home/yunusdanabas/as_robotics/microros_ws/install/micro_ros_msgs/share/micro_ros_msgs/local_setup.bash\n'}
[9.666215] (micro_ros_msgs) StdoutLine: {'line': b'-- Installing: /home/yunusdanabas/as_robotics/microros_ws/install/micro_ros_msgs/share/micro_ros_msgs/local_setup.sh\n'}
[9.666440] (micro_ros_msgs) StdoutLine: {'line': b'-- Installing: /home/yunusdanabas/as_robotics/microros_ws/install/micro_ros_msgs/share/micro_ros_msgs/local_setup.zsh\n'}
[9.667029] (micro_ros_msgs) StdoutLine: {'line': b'-- Installing: /home/yunusdanabas/as_robotics/microros_ws/install/micro_ros_msgs/share/micro_ros_msgs/local_setup.dsv\n'}
[9.667920] (micro_ros_msgs) StdoutLine: {'line': b'-- Installing: /home/yunusdanabas/as_robotics/microros_ws/install/micro_ros_msgs/share/micro_ros_msgs/package.dsv\n'}
[9.668328] (micro_ros_msgs) StdoutLine: {'line': b'-- Installing: /home/yunusdanabas/as_robotics/microros_ws/install/micro_ros_msgs/share/ament_index/resource_index/packages/micro_ros_msgs\n'}
[9.669463] (micro_ros_msgs) StdoutLine: {'line': b'-- Installing: /home/yunusdanabas/as_robotics/microros_ws/install/micro_ros_msgs/share/micro_ros_msgs/cmake/export_micro_ros_msgs__rosidl_generator_cExport.cmake\n'}
[9.669748] (micro_ros_msgs) StdoutLine: {'line': b'-- Installing: /home/yunusdanabas/as_robotics/microros_ws/install/micro_ros_msgs/share/micro_ros_msgs/cmake/export_micro_ros_msgs__rosidl_generator_cExport-noconfig.cmake\n'}
[9.669979] (micro_ros_msgs) StdoutLine: {'line': b'-- Installing: /home/yunusdanabas/as_robotics/microros_ws/install/micro_ros_msgs/share/micro_ros_msgs/cmake/export_micro_ros_msgs__rosidl_typesupport_fastrtps_cExport.cmake\n'}
[9.670193] (micro_ros_msgs) StdoutLine: {'line': b'-- Installing: /home/yunusdanabas/as_robotics/microros_ws/install/micro_ros_msgs/share/micro_ros_msgs/cmake/export_micro_ros_msgs__rosidl_typesupport_fastrtps_cExport-noconfig.cmake\n'}
[9.670728] (micro_ros_msgs) StdoutLine: {'line': b'-- Installing: /home/yunusdanabas/as_robotics/microros_ws/install/micro_ros_msgs/share/micro_ros_msgs/cmake/micro_ros_msgs__rosidl_typesupport_introspection_cExport.cmake\n'}
[9.671027] (micro_ros_msgs) StdoutLine: {'line': b'-- Installing: /home/yunusdanabas/as_robotics/microros_ws/install/micro_ros_msgs/share/micro_ros_msgs/cmake/micro_ros_msgs__rosidl_typesupport_introspection_cExport-noconfig.cmake\n'}
[9.671197] (micro_ros_msgs) StdoutLine: {'line': b'-- Installing: /home/yunusdanabas/as_robotics/microros_ws/install/micro_ros_msgs/share/micro_ros_msgs/cmake/micro_ros_msgs__rosidl_typesupport_cExport.cmake\n'}
[9.671567] (micro_ros_msgs) StdoutLine: {'line': b'-- Installing: /home/yunusdanabas/as_robotics/microros_ws/install/micro_ros_msgs/share/micro_ros_msgs/cmake/micro_ros_msgs__rosidl_typesupport_cExport-noconfig.cmake\n'}
[9.671744] (micro_ros_msgs) StdoutLine: {'line': b'-- Installing: /home/yunusdanabas/as_robotics/microros_ws/install/micro_ros_msgs/share/micro_ros_msgs/cmake/export_micro_ros_msgs__rosidl_generator_cppExport.cmake\n'}
[9.671901] (micro_ros_msgs) StdoutLine: {'line': b'-- Installing: /home/yunusdanabas/as_robotics/microros_ws/install/micro_ros_msgs/share/micro_ros_msgs/cmake/export_micro_ros_msgs__rosidl_typesupport_fastrtps_cppExport.cmake\n'}
[9.672044] (micro_ros_msgs) StdoutLine: {'line': b'-- Installing: /home/yunusdanabas/as_robotics/microros_ws/install/micro_ros_msgs/share/micro_ros_msgs/cmake/export_micro_ros_msgs__rosidl_typesupport_fastrtps_cppExport-noconfig.cmake\n'}
[9.672198] (micro_ros_msgs) StdoutLine: {'line': b'-- Installing: /home/yunusdanabas/as_robotics/microros_ws/install/micro_ros_msgs/share/micro_ros_msgs/cmake/micro_ros_msgs__rosidl_typesupport_introspection_cppExport.cmake\n'}
[9.672322] (micro_ros_msgs) StdoutLine: {'line': b'-- Installing: /home/yunusdanabas/as_robotics/microros_ws/install/micro_ros_msgs/share/micro_ros_msgs/cmake/micro_ros_msgs__rosidl_typesupport_introspection_cppExport-noconfig.cmake\n'}
[9.672792] (micro_ros_msgs) StdoutLine: {'line': b'-- Installing: /home/yunusdanabas/as_robotics/microros_ws/install/micro_ros_msgs/share/micro_ros_msgs/cmake/micro_ros_msgs__rosidl_typesupport_cppExport.cmake\n'}
[9.672912] (micro_ros_msgs) StdoutLine: {'line': b'-- Installing: /home/yunusdanabas/as_robotics/microros_ws/install/micro_ros_msgs/share/micro_ros_msgs/cmake/micro_ros_msgs__rosidl_typesupport_cppExport-noconfig.cmake\n'}
[9.673039] (micro_ros_msgs) StdoutLine: {'line': b'-- Installing: /home/yunusdanabas/as_robotics/microros_ws/install/micro_ros_msgs/share/micro_ros_msgs/cmake/export_micro_ros_msgs__rosidl_generator_pyExport.cmake\n'}
[9.673139] (micro_ros_msgs) StdoutLine: {'line': b'-- Installing: /home/yunusdanabas/as_robotics/microros_ws/install/micro_ros_msgs/share/micro_ros_msgs/cmake/export_micro_ros_msgs__rosidl_generator_pyExport-noconfig.cmake\n'}
[9.673232] (micro_ros_msgs) StdoutLine: {'line': b'-- Installing: /home/yunusdanabas/as_robotics/microros_ws/install/micro_ros_msgs/share/micro_ros_msgs/cmake/rosidl_cmake-extras.cmake\n'}
[9.673556] (micro_ros_msgs) StdoutLine: {'line': b'-- Installing: /home/yunusdanabas/as_robotics/microros_ws/install/micro_ros_msgs/share/micro_ros_msgs/cmake/ament_cmake_export_include_directories-extras.cmake\n'}
[9.673696] (micro_ros_msgs) StdoutLine: {'line': b'-- Installing: /home/yunusdanabas/as_robotics/microros_ws/install/micro_ros_msgs/share/micro_ros_msgs/cmake/ament_cmake_export_libraries-extras.cmake\n'}
[9.673783] (micro_ros_msgs) StdoutLine: {'line': b'-- Installing: /home/yunusdanabas/as_robotics/microros_ws/install/micro_ros_msgs/share/micro_ros_msgs/cmake/ament_cmake_export_targets-extras.cmake\n'}
[9.673868] (micro_ros_msgs) StdoutLine: {'line': b'-- Installing: /home/yunusdanabas/as_robotics/microros_ws/install/micro_ros_msgs/share/micro_ros_msgs/cmake/rosidl_cmake_export_typesupport_targets-extras.cmake\n'}
[9.673952] (micro_ros_msgs) StdoutLine: {'line': b'-- Installing: /home/yunusdanabas/as_robotics/microros_ws/install/micro_ros_msgs/share/micro_ros_msgs/cmake/ament_cmake_export_dependencies-extras.cmake\n'}
[9.674036] (micro_ros_msgs) StdoutLine: {'line': b'-- Installing: /home/yunusdanabas/as_robotics/microros_ws/install/micro_ros_msgs/share/micro_ros_msgs/cmake/rosidl_cmake_export_typesupport_libraries-extras.cmake\n'}
[9.674120] (micro_ros_msgs) StdoutLine: {'line': b'-- Installing: /home/yunusdanabas/as_robotics/microros_ws/install/micro_ros_msgs/share/micro_ros_msgs/cmake/micro_ros_msgsConfig.cmake\n'}
[9.674205] (micro_ros_msgs) StdoutLine: {'line': b'-- Installing: /home/yunusdanabas/as_robotics/microros_ws/install/micro_ros_msgs/share/micro_ros_msgs/cmake/micro_ros_msgsConfig-version.cmake\n'}
[9.674302] (micro_ros_msgs) StdoutLine: {'line': b'-- Installing: /home/yunusdanabas/as_robotics/microros_ws/install/micro_ros_msgs/share/micro_ros_msgs/package.xml\n'}
[9.675756] (micro_ros_msgs) CommandEnded: {'returncode': 0}
[9.718771] (micro_ros_msgs) JobEnded: {'identifier': 'micro_ros_msgs', 'rc': 0}
[9.720131] (micro_ros_agent) JobStarted: {'identifier': 'micro_ros_agent'}
[9.732046] (micro_ros_agent) JobProgress: {'identifier': 'micro_ros_agent', 'progress': 'cmake'}
[9.732602] (micro_ros_agent) Command: {'cmd': ['/usr/bin/cmake', '/home/yunusdanabas/as_robotics/microros_ws/src/uros/micro-ROS-Agent/micro_ros_agent', '-DUAGENT_BUILD_EXECUTABLE=OFF', '-DUAGENT_P2P_PROFILE=OFF', '--no-warn-unused-cli', '-DCMAKE_INSTALL_PREFIX=/home/yunusdanabas/as_robotics/microros_ws/install/micro_ros_agent'], 'cwd': '/home/yunusdanabas/as_robotics/microros_ws/build/micro_ros_agent', 'env': OrderedDict({'GJS_DEBUG_TOPICS': 'JS ERROR;JS LOG', 'LESSOPEN': '| /usr/bin/lesspipe %s', 'VSCODE_CWD': '/home/yunusdanabas', 'VSCODE_ESM_ENTRYPOINT': 'vs/workbench/api/node/extensionHostProcess', 'CONDA_PROMPT_MODIFIER': '(base)', 'GZ_SIM_RESOURCE_PATH': '/opt/ros/jazzy/share', 'USER': 'yunusdanabas', 'LC_TIME': 'tr_TR.UTF-8', 'VSCODE_NLS_CONFIG': '{"userLocale":"en-us","osLocale":"en-us","resolvedLanguage":"en","defaultMessagesFile":"/usr/share/cursor/resources/app/out/nls.messages.json","locale":"en-us","availableLanguages":{}}', 'GZ_CONFIG_PATH': '/opt/ros/jazzy/opt/gz_sim_vendor/share/gz:/opt/ros/jazzy/opt/sdformat_vendor/share/gz:/opt/ros/jazzy/opt/gz_gui_vendor/share/gz:/opt/ros/jazzy/opt/gz_transport_vendor/share/gz:/opt/ros/jazzy/opt/gz_rendering_vendor/share/gz:/opt/ros/jazzy/opt/gz_plugin_vendor/share/gz:/opt/ros/jazzy/opt/gz_fuel_tools_vendor/share/gz:/opt/ros/jazzy/opt/gz_msgs_vendor/share/gz:/opt/ros/jazzy/opt/gz_common_vendor/share/gz', 'VSCODE_HANDLES_UNCAUGHT_ERRORS': 'true', 'XDG_SESSION_TYPE': 'wayland', 'CLUTTER_DISABLE_MIPMAPPED_TEXT': '1', 'SHLVL': '2', 'LD_LIBRARY_PATH': '/home/yunusdanabas/as_robotics/microros_ws/install/micro_ros_msgs/lib:/opt/ros/jazzy/opt/gz_sim_vendor/lib:/opt/ros/jazzy/opt/gz_sensors_vendor/lib:/opt/ros/jazzy/opt/gz_physics_vendor/lib:/opt/ros/jazzy/opt/sdformat_vendor/lib:/opt/ros/jazzy/opt/rviz_ogre_vendor/lib:/opt/ros/jazzy/lib/x86_64-linux-gnu:/opt/ros/jazzy/opt/gz_gui_vendor/lib:/opt/ros/jazzy/opt/gz_transport_vendor/lib:/opt/ros/jazzy/opt/gz_rendering_vendor/lib:/opt/ros/jazzy/opt/gz_plugin_vendor/lib:/opt/ros/jazzy/opt/gz_fuel_tools_vendor/lib:/opt/ros/jazzy/opt/gz_msgs_vendor/lib:/opt/ros/jazzy/opt/gz_common_vendor/lib:/opt/ros/jazzy/opt/gz_math_vendor/lib:/opt/ros/jazzy/opt/gz_utils_vendor/lib:/opt/ros/jazzy/opt/gz_tools_vendor/lib:/opt/ros/jazzy/opt/gz_ogre_next_vendor/lib:/opt/ros/jazzy/opt/gz_dartsim_vendor/lib:/opt/ros/jazzy/opt/gz_cmake_vendor/lib:/opt/ros/jazzy/lib', 'HOME': '/home/yunusdanabas', 'CHROME_DESKTOP': 'cursor.desktop', 'CONDA_SHLVL': '1', 'OLDPWD': '/home/yunusdanabas/as_robotics/microros_ws', 'DESKTOP_SESSION': 'ubuntu', 'NVM_BIN': '/home/yunusdanabas/.nvm/versions/node/v22.17.1/bin', 'NVM_INC': '/home/yunusdanabas/.nvm/versions/node/v22.17.1/include/node', 'VSCODE_IPC_HOOK': '/run/user/1000/vscode-baea8b7b-2.0.-main.sock', 'GIO_LAUNCHED_DESKTOP_FILE': '/usr/share/applications/cursor.desktop', 'APPLICATION_INSIGHTS_NO_DIAGNOSTIC_CHANNEL': '1', 'ROS_PYTHON_VERSION': '3', 'GNOME_SHELL_SESSION_MODE': 'ubuntu', 'GTK_MODULES': 'gail:atk-bridge', 'LC_MONETARY': 'tr_TR.UTF-8', 'MANAGERPID': '2697', 'SYSTEMD_EXEC_PID': '3002', 'IM_CONFIG_CHECK_ENV': '1', 'GSM_SKIP_SSH_AGENT_WORKAROUND': 'true', 'NO_COLOR': '1', 'DBUS_SESSION_BUS_ADDRESS': 'unix:path=/run/user/1000/bus', 'GIO_LAUNCHED_DESKTOP_FILE_PID': '51617', 'NVM_DIR': '/home/yunusdanabas/.nvm', 'VSCODE_CRASH_REPORTER_PROCESS_TYPE': 'extensionHost', 'DEBUGINFOD_URLS': 'https://debuginfod.ubuntu.com', 'IM_CONFIG_PHASE': '1', 'WAYLAND_DISPLAY': 'wayland-0', 'COLCON_PREFIX_PATH': '/home/yunusdanabas/as_robotics/microros_ws/install:/home/yunusdanabas/ros_ws/install', 'ROS_DISTRO': 'jazzy', 'LOGNAME': 'yunusdanabas', 'FORCE_COLOR': '0', 'JOURNAL_STREAM': '8:24920', '_': '/usr/bin/colcon', 'ROS_VERSION': '2', 'MEMORY_PRESSURE_WATCH': '/sys/fs/cgroup/user.slice/user-1000.slice/user@1000.service/session.slice/org.gnome.Shell@wayland.service/memory.pressure', 'XDG_SESSION_CLASS': 'user', 'APPLICATIONINSIGHTS_CONFIGURATION_CONTENT': '{}', 'USERNAME': 'yunusdanabas', 'TERM': 'dumb', 'GNOME_DESKTOP_SESSION_ID': 'this-is-deprecated', 'COMPOSER_NO_INTERACTION': '1', 'PATH': '/home/yunusdanabas/.local/bin:/home/yunusdanabas/.local/bin:/home/yunusdanabas/.gem/bin:/home/yunusdanabas/mamba/bin:/home/yunusdanabas/.local/bin:/home/yunusdanabas/.nvm/versions/node/v22.17.1/bin:/home/yunusdanabas/.gem/bin:/opt/ros/jazzy/opt/gz_msgs_vendor/bin:/opt/ros/jazzy/opt/gz_tools_vendor/bin:/opt/ros/jazzy/opt/gz_ogre_next_vendor/bin:/opt/ros/jazzy/bin:/home/yunusdanabas/mambaforge/bin:/home/yunusdanabas/mambaforge/condabin:/home/yunusdanabas/mamba/bin:/usr/local/sbin:/usr/local/bin:/usr/sbin:/usr/bin:/sbin:/bin:/usr/games:/usr/local/games:/snap/bin:/snap/bin', 'SESSION_MANAGER': 'local/yunusdanabas:@/tmp/.ICE-unix/2967,unix/yunusdanabas:/tmp/.ICE-unix/2967', 'INVOCATION_ID': '57581e4b92054fe4a9a17148b57720c6', 'XDG_MENU_PREFIX': 'gnome-', 'LC_ADDRESS': 'tr_TR.UTF-8', 'VSCODE_PROCESS_TITLE': 'extension-host  [1-1]', 'GNOME_SETUP_DISPLAY': ':1', 'XDG_RUNTIME_DIR': '/run/user/1000', 'GDK_BACKEND': 'x11', 'MAMBA_ROOT_PREFIX': '/home/yunusdanabas/mambaforge', 'CURSOR_AGENT': '1', 'DISPLAY': ':0', 'LANG': 'en_US.UTF-8', 'XDG_CURRENT_DESKTOP': 'Unity', 'LC_TELEPHONE': 'tr_TR.UTF-8', 'XMODIFIERS': '@im=ibus', 'XDG_SESSION_DESKTOP': 'ubuntu', 'XAUTHORITY': '/run/user/1000/.mutter-Xwaylandauth.8ZYKF3', 'LS_COLORS': '', 'SBX_CHROME_API_RQ': '1', 'CURSOR_TRACE_ID': 'd6e3589b80e34e24af74d6fdb6238dc8', 'SSH_AUTH_SOCK': '/run/user/1000/keyring/ssh', 'XML_CATALOG_FILES': 'file:///home/yunusdanabas/mambaforge/etc/xml/catalog file:///etc/xml/catalog', 'AMENT_PREFIX_PATH': '/home/yunusdanabas/as_robotics/microros_ws/install/micro_ros_msgs:/home/yunusdanabas/as_robotics/microros_ws/install/micro_ros_setup:/opt/ros/jazzy', 'CONDA_PYTHON_EXE': '/home/yunusdanabas/mambaforge/bin/python', 'ORIGINAL_XDG_CURRENT_DESKTOP': 'ubuntu:GNOME', 'SHELL': '/bin/bash', 'LC_NAME': 'tr_TR.UTF-8', 'QT_ACCESSIBILITY': '1', 'GDMSESSION': 'ubuntu', 'GEM_HOME': '/home/yunusdanabas/.gem', 'LESSCLOSE': '/usr/bin/lesspipe %s %s', 'CONDA_DEFAULT_ENV': 'base', 'LC_MEASUREMENT': 'tr_TR.UTF-8', 'GJS_DEBUG_OUTPUT': 'stderr', 'MAMBA_EXE': '/home/yunusdanabas/mambaforge/bin/mamba', 'LC_IDENTIFICATION': 'tr_TR.UTF-8', 'ROS_AUTOMATIC_DISCOVERY_RANGE': 'SUBNET', 'QT_IM_MODULE': 'ibus', 'PWD': '/home/yunusdanabas/as_robotics/microros_ws/build/micro_ros_agent', 'XDG_CONFIG_DIRS': '/etc/xdg/xdg-ubuntu:/etc/xdg', 'CONDA_EXE': '/home/yunusdanabas/mambaforge/bin/conda', 'VSCODE_CODE_CACHE_PATH': '/home/yunusdanabas/.config/Cursor/CachedData/25412918da7e74b2686b25d62da1f01cfcd27680', 'NVM_CD_FLAGS': '', 'XDG_DATA_DIRS': '/usr/share/ubuntu:/usr/share/gnome:/usr/local/share/:/usr/share/:/var/lib/snapd/desktop', 'PYTHONPATH': '/home/yunusdanabas/as_robotics/microros_ws/install/micro_ros_msgs/lib/python3.12/site-packages:/opt/ros/jazzy/lib/python3.12/site-packages', 'LC_NUMERIC': 'tr_TR.UTF-8', 'CONDA_PREFIX': '/home/yunusdanabas/mambaforge', 'LC_PAPER': 'tr_TR.UTF-8', 'COLCON': '1', 'MEMORY_PRESSURE_WRITE': 'c29tZSAyMDAwMDAgMjAwMDAwMAA=', 'CMAKE_PREFIX_PATH': '/home/yunusdanabas/as_robotics/microros_ws/install/micro_ros_msgs:/home/yunusdanabas/as_robotics/microros_ws/install/micro_ros_setup:/opt/ros/jazzy/opt/gz_sim_vendor:/opt/ros/jazzy/opt/gz_sensors_vendor:/opt/ros/jazzy/opt/gz_physics_vendor:/opt/ros/jazzy/opt/sdformat_vendor:/opt/ros/jazzy/opt/gz_gui_vendor:/opt/ros/jazzy/opt/gz_transport_vendor:/opt/ros/jazzy/opt/gz_rendering_vendor:/opt/ros/jazzy/opt/gz_plugin_vendor:/opt/ros/jazzy/opt/gz_fuel_tools_vendor:/opt/ros/jazzy/opt/gz_msgs_vendor:/opt/ros/jazzy/opt/gz_common_vendor:/opt/ros/jazzy/opt/gz_math_vendor:/opt/ros/jazzy/opt/gz_utils_vendor:/opt/ros/jazzy/opt/gz_tools_vendor:/opt/ros/jazzy/opt/gz_ogre_next_vendor:/opt/ros/jazzy/opt/gz_dartsim_vendor:/opt/ros/jazzy/opt/gz_cmake_vendor:/opt/ros/jazzy', 'VSCODE_PID': '51617'}), 'shell': False}
[9.749763] (-) TimerEvent: {}
[9.822074] (micro_ros_agent) StdoutLine: {'line': b'Not searching for unused variables given on the command line.\n'}
[9.822397] (micro_ros_agent) StdoutLine: {'line': b'-- The C compiler identification is GNU 13.3.0\n'}
[9.840265] (micro_ros_agent) StdoutLine: {'line': b'-- Detecting C compiler ABI info\n'}
[9.849891] (-) TimerEvent: {}
[9.950209] (-) TimerEvent: {}
[9.955872] (micro_ros_agent) StdoutLine: {'line': b'-- Detecting C compiler ABI info - done\n'}
[9.968788] (micro_ros_agent) StdoutLine: {'line': b'-- Check for working C compiler: /usr/bin/cc - skipped\n'}
[9.969106] (micro_ros_agent) StdoutLine: {'line': b'-- Detecting C compile features\n'}
[9.969901] (micro_ros_agent) StdoutLine: {'line': b'-- Detecting C compile features - done\n'}
[10.038505] (micro_ros_agent) StdoutLine: {'line': b'-- The CXX compiler identification is GNU 13.3.0\n'}
[10.050361] (-) TimerEvent: {}
[10.053658] (micro_ros_agent) StdoutLine: {'line': b'-- Detecting CXX compiler ABI info\n'}
[10.150431] (-) TimerEvent: {}
[10.175822] (micro_ros_agent) StdoutLine: {'line': b'-- Detecting CXX compiler ABI info - done\n'}
[10.187863] (micro_ros_agent) StdoutLine: {'line': b'-- Check for working CXX compiler: /usr/bin/c++ - skipped\n'}
[10.188313] (micro_ros_agent) StdoutLine: {'line': b'-- Detecting CXX compile features\n'}
[10.188933] (micro_ros_agent) StdoutLine: {'line': b'-- Detecting CXX compile features - done\n'}
[10.238830] (micro_ros_agent) StdoutLine: {'line': b'-- Configuring done (0.5s)\n'}
[10.244097] (micro_ros_agent) StdoutLine: {'line': b'-- Generating done (0.0s)\n'}
[10.246526] (micro_ros_agent) StdoutLine: {'line': b'-- Build files have been written to: /home/yunusdanabas/as_robotics/microros_ws/build/micro_ros_agent\n'}
[10.250516] (-) TimerEvent: {}
[10.250934] (micro_ros_agent) CommandEnded: {'returncode': 0}
[10.251533] (micro_ros_agent) JobProgress: {'identifier': 'micro_ros_agent', 'progress': 'build'}
[10.251808] (micro_ros_agent) Command: {'cmd': ['/usr/bin/cmake', '--build', '/home/yunusdanabas/as_robotics/microros_ws/build/micro_ros_agent', '--', '-j8', '-l8'], 'cwd': '/home/yunusdanabas/as_robotics/microros_ws/build/micro_ros_agent', 'env': OrderedDict({'GJS_DEBUG_TOPICS': 'JS ERROR;JS LOG', 'LESSOPEN': '| /usr/bin/lesspipe %s', 'VSCODE_CWD': '/home/yunusdanabas', 'VSCODE_ESM_ENTRYPOINT': 'vs/workbench/api/node/extensionHostProcess', 'CONDA_PROMPT_MODIFIER': '(base)', 'GZ_SIM_RESOURCE_PATH': '/opt/ros/jazzy/share', 'USER': 'yunusdanabas', 'LC_TIME': 'tr_TR.UTF-8', 'VSCODE_NLS_CONFIG': '{"userLocale":"en-us","osLocale":"en-us","resolvedLanguage":"en","defaultMessagesFile":"/usr/share/cursor/resources/app/out/nls.messages.json","locale":"en-us","availableLanguages":{}}', 'GZ_CONFIG_PATH': '/opt/ros/jazzy/opt/gz_sim_vendor/share/gz:/opt/ros/jazzy/opt/sdformat_vendor/share/gz:/opt/ros/jazzy/opt/gz_gui_vendor/share/gz:/opt/ros/jazzy/opt/gz_transport_vendor/share/gz:/opt/ros/jazzy/opt/gz_rendering_vendor/share/gz:/opt/ros/jazzy/opt/gz_plugin_vendor/share/gz:/opt/ros/jazzy/opt/gz_fuel_tools_vendor/share/gz:/opt/ros/jazzy/opt/gz_msgs_vendor/share/gz:/opt/ros/jazzy/opt/gz_common_vendor/share/gz', 'VSCODE_HANDLES_UNCAUGHT_ERRORS': 'true', 'XDG_SESSION_TYPE': 'wayland', 'CLUTTER_DISABLE_MIPMAPPED_TEXT': '1', 'SHLVL': '2', 'LD_LIBRARY_PATH': '/home/yunusdanabas/as_robotics/microros_ws/install/micro_ros_msgs/lib:/opt/ros/jazzy/opt/gz_sim_vendor/lib:/opt/ros/jazzy/opt/gz_sensors_vendor/lib:/opt/ros/jazzy/opt/gz_physics_vendor/lib:/opt/ros/jazzy/opt/sdformat_vendor/lib:/opt/ros/jazzy/opt/rviz_ogre_vendor/lib:/opt/ros/jazzy/lib/x86_64-linux-gnu:/opt/ros/jazzy/opt/gz_gui_vendor/lib:/opt/ros/jazzy/opt/gz_transport_vendor/lib:/opt/ros/jazzy/opt/gz_rendering_vendor/lib:/opt/ros/jazzy/opt/gz_plugin_vendor/lib:/opt/ros/jazzy/opt/gz_fuel_tools_vendor/lib:/opt/ros/jazzy/opt/gz_msgs_vendor/lib:/opt/ros/jazzy/opt/gz_common_vendor/lib:/opt/ros/jazzy/opt/gz_math_vendor/lib:/opt/ros/jazzy/opt/gz_utils_vendor/lib:/opt/ros/jazzy/opt/gz_tools_vendor/lib:/opt/ros/jazzy/opt/gz_ogre_next_vendor/lib:/opt/ros/jazzy/opt/gz_dartsim_vendor/lib:/opt/ros/jazzy/opt/gz_cmake_vendor/lib:/opt/ros/jazzy/lib', 'HOME': '/home/yunusdanabas', 'CHROME_DESKTOP': 'cursor.desktop', 'CONDA_SHLVL': '1', 'OLDPWD': '/home/yunusdanabas/as_robotics/microros_ws', 'DESKTOP_SESSION': 'ubuntu', 'NVM_BIN': '/home/yunusdanabas/.nvm/versions/node/v22.17.1/bin', 'NVM_INC': '/home/yunusdanabas/.nvm/versions/node/v22.17.1/include/node', 'VSCODE_IPC_HOOK': '/run/user/1000/vscode-baea8b7b-2.0.-main.sock', 'GIO_LAUNCHED_DESKTOP_FILE': '/usr/share/applications/cursor.desktop', 'APPLICATION_INSIGHTS_NO_DIAGNOSTIC_CHANNEL': '1', 'ROS_PYTHON_VERSION': '3', 'GNOME_SHELL_SESSION_MODE': 'ubuntu', 'GTK_MODULES': 'gail:atk-bridge', 'LC_MONETARY': 'tr_TR.UTF-8', 'MANAGERPID': '2697', 'SYSTEMD_EXEC_PID': '3002', 'IM_CONFIG_CHECK_ENV': '1', 'GSM_SKIP_SSH_AGENT_WORKAROUND': 'true', 'NO_COLOR': '1', 'DBUS_SESSION_BUS_ADDRESS': 'unix:path=/run/user/1000/bus', 'GIO_LAUNCHED_DESKTOP_FILE_PID': '51617', 'NVM_DIR': '/home/yunusdanabas/.nvm', 'VSCODE_CRASH_REPORTER_PROCESS_TYPE': 'extensionHost', 'DEBUGINFOD_URLS': 'https://debuginfod.ubuntu.com', 'IM_CONFIG_PHASE': '1', 'WAYLAND_DISPLAY': 'wayland-0', 'COLCON_PREFIX_PATH': '/home/yunusdanabas/as_robotics/microros_ws/install:/home/yunusdanabas/ros_ws/install', 'ROS_DISTRO': 'jazzy', 'LOGNAME': 'yunusdanabas', 'FORCE_COLOR': '0', 'JOURNAL_STREAM': '8:24920', '_': '/usr/bin/colcon', 'ROS_VERSION': '2', 'MEMORY_PRESSURE_WATCH': '/sys/fs/cgroup/user.slice/user-1000.slice/user@1000.service/session.slice/org.gnome.Shell@wayland.service/memory.pressure', 'XDG_SESSION_CLASS': 'user', 'APPLICATIONINSIGHTS_CONFIGURATION_CONTENT': '{}', 'USERNAME': 'yunusdanabas', 'TERM': 'dumb', 'GNOME_DESKTOP_SESSION_ID': 'this-is-deprecated', 'COMPOSER_NO_INTERACTION': '1', 'PATH': '/home/yunusdanabas/.local/bin:/home/yunusdanabas/.local/bin:/home/yunusdanabas/.gem/bin:/home/yunusdanabas/mamba/bin:/home/yunusdanabas/.local/bin:/home/yunusdanabas/.nvm/versions/node/v22.17.1/bin:/home/yunusdanabas/.gem/bin:/opt/ros/jazzy/opt/gz_msgs_vendor/bin:/opt/ros/jazzy/opt/gz_tools_vendor/bin:/opt/ros/jazzy/opt/gz_ogre_next_vendor/bin:/opt/ros/jazzy/bin:/home/yunusdanabas/mambaforge/bin:/home/yunusdanabas/mambaforge/condabin:/home/yunusdanabas/mamba/bin:/usr/local/sbin:/usr/local/bin:/usr/sbin:/usr/bin:/sbin:/bin:/usr/games:/usr/local/games:/snap/bin:/snap/bin', 'SESSION_MANAGER': 'local/yunusdanabas:@/tmp/.ICE-unix/2967,unix/yunusdanabas:/tmp/.ICE-unix/2967', 'INVOCATION_ID': '57581e4b92054fe4a9a17148b57720c6', 'XDG_MENU_PREFIX': 'gnome-', 'LC_ADDRESS': 'tr_TR.UTF-8', 'VSCODE_PROCESS_TITLE': 'extension-host  [1-1]', 'GNOME_SETUP_DISPLAY': ':1', 'XDG_RUNTIME_DIR': '/run/user/1000', 'GDK_BACKEND': 'x11', 'MAMBA_ROOT_PREFIX': '/home/yunusdanabas/mambaforge', 'CURSOR_AGENT': '1', 'DISPLAY': ':0', 'LANG': 'en_US.UTF-8', 'XDG_CURRENT_DESKTOP': 'Unity', 'LC_TELEPHONE': 'tr_TR.UTF-8', 'XMODIFIERS': '@im=ibus', 'XDG_SESSION_DESKTOP': 'ubuntu', 'XAUTHORITY': '/run/user/1000/.mutter-Xwaylandauth.8ZYKF3', 'LS_COLORS': '', 'SBX_CHROME_API_RQ': '1', 'CURSOR_TRACE_ID': 'd6e3589b80e34e24af74d6fdb6238dc8', 'SSH_AUTH_SOCK': '/run/user/1000/keyring/ssh', 'XML_CATALOG_FILES': 'file:///home/yunusdanabas/mambaforge/etc/xml/catalog file:///etc/xml/catalog', 'AMENT_PREFIX_PATH': '/home/yunusdanabas/as_robotics/microros_ws/install/micro_ros_msgs:/home/yunusdanabas/as_robotics/microros_ws/install/micro_ros_setup:/opt/ros/jazzy', 'CONDA_PYTHON_EXE': '/home/yunusdanabas/mambaforge/bin/python', 'ORIGINAL_XDG_CURRENT_DESKTOP': 'ubuntu:GNOME', 'SHELL': '/bin/bash', 'LC_NAME': 'tr_TR.UTF-8', 'QT_ACCESSIBILITY': '1', 'GDMSESSION': 'ubuntu', 'GEM_HOME': '/home/yunusdanabas/.gem', 'LESSCLOSE': '/usr/bin/lesspipe %s %s', 'CONDA_DEFAULT_ENV': 'base', 'LC_MEASUREMENT': 'tr_TR.UTF-8', 'GJS_DEBUG_OUTPUT': 'stderr', 'MAMBA_EXE': '/home/yunusdanabas/mambaforge/bin/mamba', 'LC_IDENTIFICATION': 'tr_TR.UTF-8', 'ROS_AUTOMATIC_DISCOVERY_RANGE': 'SUBNET', 'QT_IM_MODULE': 'ibus', 'PWD': '/home/yunusdanabas/as_robotics/microros_ws/build/micro_ros_agent', 'XDG_CONFIG_DIRS': '/etc/xdg/xdg-ubuntu:/etc/xdg', 'CONDA_EXE': '/home/yunusdanabas/mambaforge/bin/conda', 'VSCODE_CODE_CACHE_PATH': '/home/yunusdanabas/.config/Cursor/CachedData/25412918da7e74b2686b25d62da1f01cfcd27680', 'NVM_CD_FLAGS': '', 'XDG_DATA_DIRS': '/usr/share/ubuntu:/usr/share/gnome:/usr/local/share/:/usr/share/:/var/lib/snapd/desktop', 'PYTHONPATH': '/home/yunusdanabas/as_robotics/microros_ws/install/micro_ros_msgs/lib/python3.12/site-packages:/opt/ros/jazzy/lib/python3.12/site-packages', 'LC_NUMERIC': 'tr_TR.UTF-8', 'CONDA_PREFIX': '/home/yunusdanabas/mambaforge', 'LC_PAPER': 'tr_TR.UTF-8', 'COLCON': '1', 'MEMORY_PRESSURE_WRITE': 'c29tZSAyMDAwMDAgMjAwMDAwMAA=', 'CMAKE_PREFIX_PATH': '/home/yunusdanabas/as_robotics/microros_ws/install/micro_ros_msgs:/home/yunusdanabas/as_robotics/microros_ws/install/micro_ros_setup:/opt/ros/jazzy/opt/gz_sim_vendor:/opt/ros/jazzy/opt/gz_sensors_vendor:/opt/ros/jazzy/opt/gz_physics_vendor:/opt/ros/jazzy/opt/sdformat_vendor:/opt/ros/jazzy/opt/gz_gui_vendor:/opt/ros/jazzy/opt/gz_transport_vendor:/opt/ros/jazzy/opt/gz_rendering_vendor:/opt/ros/jazzy/opt/gz_plugin_vendor:/opt/ros/jazzy/opt/gz_fuel_tools_vendor:/opt/ros/jazzy/opt/gz_msgs_vendor:/opt/ros/jazzy/opt/gz_common_vendor:/opt/ros/jazzy/opt/gz_math_vendor:/opt/ros/jazzy/opt/gz_utils_vendor:/opt/ros/jazzy/opt/gz_tools_vendor:/opt/ros/jazzy/opt/gz_ogre_next_vendor:/opt/ros/jazzy/opt/gz_dartsim_vendor:/opt/ros/jazzy/opt/gz_cmake_vendor:/opt/ros/jazzy', 'VSCODE_PID': '51617'}), 'shell': False}
[10.309096] (micro_ros_agent) StdoutLine: {'line': b"[  6%] Creating directories for 'xrceagent'\n"}
[10.339990] (micro_ros_agent) StdoutLine: {'line': b"[ 12%] Performing download step (git clone) for 'xrceagent'\n"}
[10.350627] (-) TimerEvent: {}
[10.365360] (micro_ros_agent) StderrLine: {'line': b"Cloning into 'xrceagent'...\n"}
[10.450716] (-) TimerEvent: {}
[10.551014] (-) TimerEvent: {}
[10.651316] (-) TimerEvent: {}
[10.751557] (-) TimerEvent: {}
[10.851701] (-) TimerEvent: {}
[10.951882] (-) TimerEvent: {}
[11.052210] (-) TimerEvent: {}
[11.152580] (-) TimerEvent: {}
[11.252810] (-) TimerEvent: {}
[11.352953] (-) TimerEvent: {}
[11.453117] (-) TimerEvent: {}
[11.553360] (-) TimerEvent: {}
[11.653532] (-) TimerEvent: {}
[11.753725] (-) TimerEvent: {}
[11.853979] (-) TimerEvent: {}
[11.954246] (-) TimerEvent: {}
[12.054536] (-) TimerEvent: {}
[12.154869] (-) TimerEvent: {}
[12.255153] (-) TimerEvent: {}
[12.355466] (-) TimerEvent: {}
[12.455878] (-) TimerEvent: {}
[12.556541] (-) TimerEvent: {}
[12.657003] (-) TimerEvent: {}
[12.677535] (micro_ros_agent) StderrLine: {'line': b'HEAD is now at 7362281 Release v2.4.3\n'}
[12.736836] (micro_ros_agent) StdoutLine: {'line': b"[ 18%] Performing update step for 'xrceagent'\n"}
[12.757060] (-) TimerEvent: {}
[12.770201] (micro_ros_agent) StdoutLine: {'line': b"[ 25%] No patch step for 'xrceagent'\n"}
[12.802582] (micro_ros_agent) StdoutLine: {'line': b"[ 31%] Performing configure step for 'xrceagent'\n"}
[12.814480] (micro_ros_agent) StdoutLine: {'line': b'loading initial cache file /home/yunusdanabas/as_robotics/microros_ws/build/micro_ros_agent/agent/tmp/xrceagent-cache-.cmake\n'}
[12.857172] (-) TimerEvent: {}
[12.883545] (micro_ros_agent) StdoutLine: {'line': b'-- The C compiler identification is GNU 13.3.0\n'}
[12.899258] (micro_ros_agent) StdoutLine: {'line': b'-- Detecting C compiler ABI info\n'}
[12.957316] (-) TimerEvent: {}
[13.011481] (micro_ros_agent) StdoutLine: {'line': b'-- Detecting C compiler ABI info - done\n'}
[13.024033] (micro_ros_agent) StdoutLine: {'line': b'-- Check for working C compiler: /usr/bin/cc - skipped\n'}
[13.024283] (micro_ros_agent) StdoutLine: {'line': b'-- Detecting C compile features\n'}
[13.024694] (micro_ros_agent) StdoutLine: {'line': b'-- Detecting C compile features - done\n'}
[13.057431] (-) TimerEvent: {}
[13.087099] (micro_ros_agent) StdoutLine: {'line': b'-- The CXX compiler identification is GNU 13.3.0\n'}
[13.102047] (micro_ros_agent) StdoutLine: {'line': b'-- Detecting CXX compiler ABI info\n'}
[13.157527] (-) TimerEvent: {}
[13.220972] (micro_ros_agent) StdoutLine: {'line': b'-- Detecting CXX compiler ABI info - done\n'}
[13.234024] (micro_ros_agent) StdoutLine: {'line': b'-- Check for working CXX compiler: /usr/bin/c++ - skipped\n'}
[13.234426] (micro_ros_agent) StdoutLine: {'line': b'-- Detecting CXX compile features\n'}
[13.235308] (micro_ros_agent) StdoutLine: {'line': b'-- Detecting CXX compile features - done\n'}
[13.257623] (-) TimerEvent: {}
[13.285809] (micro_ros_agent) StdoutLine: {'line': b'-- Configuring done (0.5s)\n'}
[13.289978] (micro_ros_agent) StdoutLine: {'line': b'-- Generating done (0.0s)\n'}
[13.290926] (micro_ros_agent) StdoutLine: {'line': b'-- Build files have been written to: /home/yunusdanabas/as_robotics/microros_ws/build/micro_ros_agent/agent/src/xrceagent-build\n'}
[13.315749] (micro_ros_agent) StdoutLine: {'line': b"[ 37%] Performing build step for 'xrceagent'\n"}
[13.357732] (-) TimerEvent: {}
[13.370028] (micro_ros_agent) StdoutLine: {'line': b"[  6%] Creating directories for 'spdlog'\n"}
[13.400970] (micro_ros_agent) StdoutLine: {'line': b"[ 12%] Performing download step (git clone) for 'spdlog'\n"}
[13.424327] (micro_ros_agent) StderrLine: {'line': b"Cloning into 'spdlog'...\n"}
[13.457827] (-) TimerEvent: {}
[13.557998] (-) TimerEvent: {}
[13.658220] (-) TimerEvent: {}
[13.758413] (-) TimerEvent: {}
[13.858575] (-) TimerEvent: {}
[13.958757] (-) TimerEvent: {}
[14.058939] (-) TimerEvent: {}
[14.159244] (-) TimerEvent: {}
[14.259557] (-) TimerEvent: {}
[14.359729] (-) TimerEvent: {}
[14.459984] (-) TimerEvent: {}
[14.560291] (-) TimerEvent: {}
[14.660479] (-) TimerEvent: {}
[14.760629] (-) TimerEvent: {}
[14.860815] (-) TimerEvent: {}
[14.961260] (-) TimerEvent: {}
[15.061486] (-) TimerEvent: {}
[15.161646] (-) TimerEvent: {}
[15.261795] (-) TimerEvent: {}
[15.361946] (-) TimerEvent: {}
[15.462186] (-) TimerEvent: {}
[15.562373] (-) TimerEvent: {}
[15.662573] (-) TimerEvent: {}
[15.762726] (-) TimerEvent: {}
[15.865435] (-) TimerEvent: {}
[15.965645] (-) TimerEvent: {}
[16.065854] (-) TimerEvent: {}
[16.166057] (-) TimerEvent: {}
[16.266415] (-) TimerEvent: {}
[16.366722] (-) TimerEvent: {}
[16.467003] (-) TimerEvent: {}
[16.567185] (-) TimerEvent: {}
[16.667378] (-) TimerEvent: {}
[16.767538] (-) TimerEvent: {}
[16.867789] (-) TimerEvent: {}
[16.968061] (-) TimerEvent: {}
[17.068259] (-) TimerEvent: {}
[17.168385] (-) TimerEvent: {}
[17.268582] (-) TimerEvent: {}
[17.368722] (-) TimerEvent: {}
[17.468865] (-) TimerEvent: {}
[17.569007] (-) TimerEvent: {}
[17.669264] (-) TimerEvent: {}
[17.769389] (-) TimerEvent: {}
[17.869584] (-) TimerEvent: {}
[17.969770] (-) TimerEvent: {}
[18.070020] (-) TimerEvent: {}
[18.170239] (-) TimerEvent: {}
[18.270424] (-) TimerEvent: {}
[18.370631] (-) TimerEvent: {}
[18.470805] (-) TimerEvent: {}
[18.570998] (-) TimerEvent: {}
[18.671178] (-) TimerEvent: {}
[18.771398] (-) TimerEvent: {}
[18.871627] (-) TimerEvent: {}
[18.971818] (-) TimerEvent: {}
[19.071988] (-) TimerEvent: {}
[19.172168] (-) TimerEvent: {}
[19.272425] (-) TimerEvent: {}
[19.372597] (-) TimerEvent: {}
[19.374250] (micro_ros_agent) StderrLine: {'line': b'HEAD is now at eb322062 Bump version to 1.9.2\n'}
[19.450664] (micro_ros_agent) StdoutLine: {'line': b"[ 18%] Performing update step for 'spdlog'\n"}
[19.472711] (-) TimerEvent: {}
[19.487817] (micro_ros_agent) StdoutLine: {'line': b"[ 25%] No patch step for 'spdlog'\n"}
[19.525856] (micro_ros_agent) StdoutLine: {'line': b"[ 31%] Performing configure step for 'spdlog'\n"}
[19.538413] (micro_ros_agent) StdoutLine: {'line': b'loading initial cache file /home/yunusdanabas/as_robotics/microros_ws/build/micro_ros_agent/agent/src/xrceagent-build/spdlog/tmp/spdlog-cache-.cmake\n'}
[19.572822] (-) TimerEvent: {}
[19.627500] (micro_ros_agent) StdoutLine: {'line': b'-- The CXX compiler identification is GNU 13.3.0\n'}
[19.652167] (micro_ros_agent) StdoutLine: {'line': b'-- Detecting CXX compiler ABI info\n'}
[19.672969] (-) TimerEvent: {}
[19.773179] (-) TimerEvent: {}
[19.831185] (micro_ros_agent) StdoutLine: {'line': b'-- Detecting CXX compiler ABI info - done\n'}
[19.856637] (micro_ros_agent) StdoutLine: {'line': b'-- Check for working CXX compiler: /usr/bin/c++ - skipped\n'}
[19.857121] (micro_ros_agent) StdoutLine: {'line': b'-- Detecting CXX compile features\n'}
[19.858306] (micro_ros_agent) StdoutLine: {'line': b'-- Detecting CXX compile features - done\n'}
[19.859549] (micro_ros_agent) StdoutLine: {'line': b'-- Build spdlog: 1.9.2\n'}
[19.865811] (micro_ros_agent) StdoutLine: {'line': b'-- Performing Test CMAKE_HAVE_LIBC_PTHREAD\n'}
[19.873288] (-) TimerEvent: {}
[19.973478] (-) TimerEvent: {}
[20.051864] (micro_ros_agent) StdoutLine: {'line': b'-- Performing Test CMAKE_HAVE_LIBC_PTHREAD - Success\n'}
[20.053607] (micro_ros_agent) StdoutLine: {'line': b'-- Found Threads: TRUE  \n'}
[20.054031] (micro_ros_agent) StdoutLine: {'line': b'-- Build type: Release\n'}
[20.055501] (micro_ros_agent) StdoutLine: {'line': b'-- Generating example(s)\n'}
[20.056918] (micro_ros_agent) StdoutLine: {'line': b'-- Generating install\n'}
[20.073596] (-) TimerEvent: {}
[20.083596] (micro_ros_agent) StdoutLine: {'line': b'-- Configuring done (0.5s)\n'}
[20.101413] (micro_ros_agent) StdoutLine: {'line': b'-- Generating done (0.0s)\n'}
[20.103298] (micro_ros_agent) StdoutLine: {'line': b'-- Build files have been written to: /home/yunusdanabas/as_robotics/microros_ws/build/micro_ros_agent/agent/src/xrceagent-build/spdlog/src/spdlog-build\n'}
[20.137785] (micro_ros_agent) StdoutLine: {'line': b"[ 37%] Performing build step for 'spdlog'\n"}
[20.173710] (-) TimerEvent: {}
[20.207510] (micro_ros_agent) StdoutLine: {'line': b'[ 40%] Building CXX object CMakeFiles/spdlog.dir/src/color_sinks.cpp.o\n'}
[20.207813] (micro_ros_agent) StdoutLine: {'line': b'[ 40%] Building CXX object CMakeFiles/spdlog.dir/src/file_sinks.cpp.o\n'}
[20.207998] (micro_ros_agent) StdoutLine: {'line': b'[ 40%] Building CXX object CMakeFiles/spdlog.dir/src/stdout_sinks.cpp.o\n'}
[20.208167] (micro_ros_agent) StdoutLine: {'line': b'[ 40%] Building CXX object CMakeFiles/spdlog.dir/src/cfg.cpp.o\n'}
[20.208321] (micro_ros_agent) StdoutLine: {'line': b'[ 50%] Building CXX object CMakeFiles/spdlog.dir/src/spdlog.cpp.o\n'}
[20.208697] (micro_ros_agent) StdoutLine: {'line': b'[ 70%] Building CXX object CMakeFiles/spdlog.dir/src/async.cpp.o\n'}
[20.208879] (micro_ros_agent) StdoutLine: {'line': b'[ 70%] Building CXX object CMakeFiles/spdlog.dir/src/fmt.cpp.o\n'}
[20.274376] (-) TimerEvent: {}
[20.378223] (-) TimerEvent: {}
[20.478410] (-) TimerEvent: {}
[20.578629] (-) TimerEvent: {}
[20.678860] (-) TimerEvent: {}
[20.780676] (-) TimerEvent: {}
[20.884399] (-) TimerEvent: {}
[20.984628] (-) TimerEvent: {}
[21.084891] (-) TimerEvent: {}
[21.188512] (-) TimerEvent: {}
[21.288760] (-) TimerEvent: {}
[21.389000] (-) TimerEvent: {}
[21.495538] (-) TimerEvent: {}
[21.595866] (-) TimerEvent: {}
[21.696093] (-) TimerEvent: {}
[21.803296] (-) TimerEvent: {}
[21.906033] (-) TimerEvent: {}
[22.006290] (-) TimerEvent: {}
[22.106564] (-) TimerEvent: {}
[22.207783] (-) TimerEvent: {}
[22.308772] (-) TimerEvent: {}
[22.412620] (-) TimerEvent: {}
[22.512930] (-) TimerEvent: {}
[22.613274] (-) TimerEvent: {}
[22.714426] (-) TimerEvent: {}
[22.814669] (-) TimerEvent: {}
[22.915143] (-) TimerEvent: {}
[23.017844] (-) TimerEvent: {}
[23.118078] (-) TimerEvent: {}
[23.220082] (-) TimerEvent: {}
[23.325426] (-) TimerEvent: {}
[23.425653] (-) TimerEvent: {}
[23.525894] (-) TimerEvent: {}
[23.632410] (-) TimerEvent: {}
[23.732627] (-) TimerEvent: {}
[23.832870] (-) TimerEvent: {}
[23.933145] (-) TimerEvent: {}
[24.034151] (-) TimerEvent: {}
[24.137428] (-) TimerEvent: {}
[24.237671] (-) TimerEvent: {}
[24.338133] (-) TimerEvent: {}
[24.446419] (-) TimerEvent: {}
[24.546670] (-) TimerEvent: {}
[24.648675] (-) TimerEvent: {}
[24.749433] (-) TimerEvent: {}
[24.849949] (-) TimerEvent: {}
[24.950178] (-) TimerEvent: {}
[25.050412] (-) TimerEvent: {}
[25.150627] (-) TimerEvent: {}
[25.250843] (-) TimerEvent: {}
[25.351232] (-) TimerEvent: {}
[25.451406] (-) TimerEvent: {}
[25.551594] (-) TimerEvent: {}
[25.651802] (-) TimerEvent: {}
[25.751997] (-) TimerEvent: {}
[25.852234] (-) TimerEvent: {}
[25.952440] (-) TimerEvent: {}
[26.052661] (-) TimerEvent: {}
[26.152897] (-) TimerEvent: {}
[26.253133] (-) TimerEvent: {}
[26.353390] (-) TimerEvent: {}
[26.453550] (-) TimerEvent: {}
[26.553743] (-) TimerEvent: {}
[26.653964] (-) TimerEvent: {}
[26.754215] (-) TimerEvent: {}
[26.854425] (-) TimerEvent: {}
[26.954590] (-) TimerEvent: {}
[27.054798] (-) TimerEvent: {}
[27.155060] (-) TimerEvent: {}
[27.255276] (-) TimerEvent: {}
[27.355471] (-) TimerEvent: {}
[27.455691] (-) TimerEvent: {}
[27.555871] (-) TimerEvent: {}
[27.656089] (-) TimerEvent: {}
[27.756273] (-) TimerEvent: {}
[27.856483] (-) TimerEvent: {}
[27.956714] (-) TimerEvent: {}
[28.056895] (-) TimerEvent: {}
[28.160412] (-) TimerEvent: {}
[28.260680] (-) TimerEvent: {}
[28.361312] (-) TimerEvent: {}
[28.463557] (-) TimerEvent: {}
[28.563825] (-) TimerEvent: {}
[28.665698] (-) TimerEvent: {}
[28.765942] (-) TimerEvent: {}
[28.866164] (-) TimerEvent: {}
[28.966373] (-) TimerEvent: {}
[29.066569] (-) TimerEvent: {}
[29.166780] (-) TimerEvent: {}
[29.266962] (-) TimerEvent: {}
[29.367170] (-) TimerEvent: {}
[29.467396] (-) TimerEvent: {}
[29.567584] (-) TimerEvent: {}
[29.667775] (-) TimerEvent: {}
[29.767978] (-) TimerEvent: {}
[29.868185] (-) TimerEvent: {}
[29.968392] (-) TimerEvent: {}
[30.068627] (-) TimerEvent: {}
[30.168853] (-) TimerEvent: {}
[30.269484] (-) TimerEvent: {}
[30.369827] (-) TimerEvent: {}
[30.470073] (-) TimerEvent: {}
[30.570306] (-) TimerEvent: {}
[30.670512] (-) TimerEvent: {}
[30.770774] (-) TimerEvent: {}
[30.871079] (-) TimerEvent: {}
[30.971286] (-) TimerEvent: {}
[31.071500] (-) TimerEvent: {}
[31.171700] (-) TimerEvent: {}
[31.271880] (-) TimerEvent: {}
[31.372115] (-) TimerEvent: {}
[31.472411] (-) TimerEvent: {}
[31.572605] (-) TimerEvent: {}
[31.673229] (-) TimerEvent: {}
[31.773429] (-) TimerEvent: {}
[31.873663] (-) TimerEvent: {}
[31.973848] (-) TimerEvent: {}
[32.074025] (-) TimerEvent: {}
[32.174304] (-) TimerEvent: {}
[32.275401] (-) TimerEvent: {}
[32.375660] (-) TimerEvent: {}
[32.475975] (-) TimerEvent: {}
[32.576184] (-) TimerEvent: {}
[32.676380] (-) TimerEvent: {}
[32.776568] (-) TimerEvent: {}
[32.876790] (-) TimerEvent: {}
[32.976993] (-) TimerEvent: {}
[33.077205] (-) TimerEvent: {}
[33.177403] (-) TimerEvent: {}
[33.277694] (-) TimerEvent: {}
[33.377936] (-) TimerEvent: {}
[33.410193] (micro_ros_agent) StdoutLine: {'line': b'[ 80%] Linking CXX static library libspdlog.a\n'}
[33.478049] (-) TimerEvent: {}
[33.523824] (micro_ros_agent) StdoutLine: {'line': b'[ 80%] Built target spdlog\n'}
[33.558655] (micro_ros_agent) StdoutLine: {'line': b'[ 90%] Building CXX object example/CMakeFiles/example.dir/example.cpp.o\n'}
[33.578163] (-) TimerEvent: {}
[33.678441] (-) TimerEvent: {}
[33.778706] (-) TimerEvent: {}
[33.880261] (-) TimerEvent: {}
[33.980692] (-) TimerEvent: {}
[34.080983] (-) TimerEvent: {}
[34.184425] (-) TimerEvent: {}
[34.284647] (-) TimerEvent: {}
[34.384927] (-) TimerEvent: {}
[34.485154] (-) TimerEvent: {}
[34.585363] (-) TimerEvent: {}
[34.685599] (-) TimerEvent: {}
[34.785843] (-) TimerEvent: {}
[34.886090] (-) TimerEvent: {}
[34.988390] (-) TimerEvent: {}
[35.088661] (-) TimerEvent: {}
[35.188908] (-) TimerEvent: {}
[35.289112] (-) TimerEvent: {}
[35.389313] (-) TimerEvent: {}
[35.489504] (-) TimerEvent: {}
[35.589684] (-) TimerEvent: {}
[35.689917] (-) TimerEvent: {}
[35.790113] (-) TimerEvent: {}
[35.890389] (-) TimerEvent: {}
[35.991103] (-) TimerEvent: {}
[36.091353] (-) TimerEvent: {}
[36.191548] (-) TimerEvent: {}
[36.291738] (-) TimerEvent: {}
[36.391972] (-) TimerEvent: {}
[36.492401] (-) TimerEvent: {}
[36.594421] (-) TimerEvent: {}
[36.694663] (-) TimerEvent: {}
[36.794875] (-) TimerEvent: {}
[36.895119] (-) TimerEvent: {}
[36.995327] (-) TimerEvent: {}
[37.095573] (-) TimerEvent: {}
[37.196597] (-) TimerEvent: {}
[37.299637] (-) TimerEvent: {}
[37.399861] (-) TimerEvent: {}
[37.500097] (-) TimerEvent: {}
[37.600323] (-) TimerEvent: {}
[37.701090] (-) TimerEvent: {}
[37.801273] (-) TimerEvent: {}
[37.901426] (-) TimerEvent: {}
[38.001608] (-) TimerEvent: {}
[38.101793] (-) TimerEvent: {}
[38.202026] (-) TimerEvent: {}
[38.302222] (-) TimerEvent: {}
[38.402530] (-) TimerEvent: {}
[38.506606] (-) TimerEvent: {}
[38.606846] (-) TimerEvent: {}
[38.707102] (-) TimerEvent: {}
[38.807365] (-) TimerEvent: {}
[38.907571] (-) TimerEvent: {}
[39.007761] (-) TimerEvent: {}
[39.107935] (-) TimerEvent: {}
[39.208120] (-) TimerEvent: {}
[39.308331] (-) TimerEvent: {}
[39.408772] (-) TimerEvent: {}
[39.508992] (-) TimerEvent: {}
[39.609190] (-) TimerEvent: {}
[39.709427] (-) TimerEvent: {}
[39.809691] (-) TimerEvent: {}
[39.909903] (-) TimerEvent: {}
[40.010106] (-) TimerEvent: {}
[40.110385] (-) TimerEvent: {}
[40.210589] (-) TimerEvent: {}
[40.315698] (-) TimerEvent: {}
[40.418540] (-) TimerEvent: {}
[40.518776] (-) TimerEvent: {}
[40.618992] (-) TimerEvent: {}
[40.719228] (-) TimerEvent: {}
[40.819427] (-) TimerEvent: {}
[40.919614] (-) TimerEvent: {}
[41.019797] (-) TimerEvent: {}
[41.119983] (-) TimerEvent: {}
[41.220188] (-) TimerEvent: {}
[41.320372] (-) TimerEvent: {}
[41.420559] (-) TimerEvent: {}
[41.520985] (-) TimerEvent: {}
[41.621207] (-) TimerEvent: {}
[41.699860] (micro_ros_agent) StdoutLine: {'line': b'[100%] Linking CXX executable example\n'}
[41.721307] (-) TimerEvent: {}
[41.821546] (-) TimerEvent: {}
[41.859489] (micro_ros_agent) StdoutLine: {'line': b'[100%] Built target example\n'}
[41.901803] (micro_ros_agent) StdoutLine: {'line': b"[ 43%] Performing install step for 'spdlog'\n"}
[41.921696] (-) TimerEvent: {}
[41.979543] (micro_ros_agent) StdoutLine: {'line': b'[ 80%] Built target spdlog\n'}
[42.014419] (micro_ros_agent) StdoutLine: {'line': b'[100%] Built target example\n'}
[42.021807] (-) TimerEvent: {}
[42.043150] (micro_ros_agent) StdoutLine: {'line': b'Install the project...\n'}
[42.060165] (micro_ros_agent) StdoutLine: {'line': b'-- Install configuration: "Release"\n'}
[42.060862] (micro_ros_agent) StdoutLine: {'line': b'-- Installing: /home/yunusdanabas/as_robotics/microros_ws/build/micro_ros_agent/agent/src/xrceagent-build/temp_install/spdlog-1.9.2/include\n'}
[42.061114] (micro_ros_agent) StdoutLine: {'line': b'-- Installing: /home/yunusdanabas/as_robotics/microros_ws/build/micro_ros_agent/agent/src/xrceagent-build/temp_install/spdlog-1.9.2/include/spdlog\n'}
[42.061793] (micro_ros_agent) StdoutLine: {'line': b'-- Installing: /home/yunusdanabas/as_robotics/microros_ws/build/micro_ros_agent/agent/src/xrceagent-build/temp_install/spdlog-1.9.2/include/spdlog/common-inl.h\n'}
[42.062739] (micro_ros_agent) StdoutLine: {'line': b'-- Installing: /home/yunusdanabas/as_robotics/microros_ws/build/micro_ros_agent/agent/src/xrceagent-build/temp_install/spdlog-1.9.2/include/spdlog/spdlog.h\n'}
[42.063077] (micro_ros_agent) StdoutLine: {'line': b'-- Installing: /home/yunusdanabas/as_robotics/microros_ws/build/micro_ros_agent/agent/src/xrceagent-build/temp_install/spdlog-1.9.2/include/spdlog/fmt\n'}
[42.063245] (micro_ros_agent) StdoutLine: {'line': b'-- Installing: /home/yunusdanabas/as_robotics/microros_ws/build/micro_ros_agent/agent/src/xrceagent-build/temp_install/spdlog-1.9.2/include/spdlog/fmt/xchar.h\n'}
[42.063467] (micro_ros_agent) StdoutLine: {'line': b'-- Installing: /home/yunusdanabas/as_robotics/microros_ws/build/micro_ros_agent/agent/src/xrceagent-build/temp_install/spdlog-1.9.2/include/spdlog/fmt/ostr.h\n'}
[42.063646] (micro_ros_agent) StdoutLine: {'line': b'-- Installing: /home/yunusdanabas/as_robotics/microros_ws/build/micro_ros_agent/agent/src/xrceagent-build/temp_install/spdlog-1.9.2/include/spdlog/fmt/fmt.h\n'}
[42.063777] (micro_ros_agent) StdoutLine: {'line': b'-- Installing: /home/yunusdanabas/as_robotics/microros_ws/build/micro_ros_agent/agent/src/xrceagent-build/temp_install/spdlog-1.9.2/include/spdlog/fmt/bin_to_hex.h\n'}
[42.064021] (micro_ros_agent) StdoutLine: {'line': b'-- Installing: /home/yunusdanabas/as_robotics/microros_ws/build/micro_ros_agent/agent/src/xrceagent-build/temp_install/spdlog-1.9.2/include/spdlog/fmt/compile.h\n'}
[42.064521] (micro_ros_agent) StdoutLine: {'line': b'-- Installing: /home/yunusdanabas/as_robotics/microros_ws/build/micro_ros_agent/agent/src/xrceagent-build/temp_install/spdlog-1.9.2/include/spdlog/fmt/chrono.h\n'}
[42.065099] (micro_ros_agent) StdoutLine: {'line': b'-- Installing: /home/yunusdanabas/as_robotics/microros_ws/build/micro_ros_agent/agent/src/xrceagent-build/temp_install/spdlog-1.9.2/include/spdlog/logger-inl.h\n'}
[42.065224] (micro_ros_agent) StdoutLine: {'line': b'-- Installing: /home/yunusdanabas/as_robotics/microros_ws/build/micro_ros_agent/agent/src/xrceagent-build/temp_install/spdlog-1.9.2/include/spdlog/pattern_formatter-inl.h\n'}
[42.065330] (micro_ros_agent) StdoutLine: {'line': b'-- Installing: /home/yunusdanabas/as_robotics/microros_ws/build/micro_ros_agent/agent/src/xrceagent-build/temp_install/spdlog-1.9.2/include/spdlog/common.h\n'}
[42.065730] (micro_ros_agent) StdoutLine: {'line': b'-- Installing: /home/yunusdanabas/as_robotics/microros_ws/build/micro_ros_agent/agent/src/xrceagent-build/temp_install/spdlog-1.9.2/include/spdlog/async.h\n'}
[42.065879] (micro_ros_agent) StdoutLine: {'line': b'-- Installing: /home/yunusdanabas/as_robotics/microros_ws/build/micro_ros_agent/agent/src/xrceagent-build/temp_install/spdlog-1.9.2/include/spdlog/fwd.h\n'}
[42.066191] (micro_ros_agent) StdoutLine: {'line': b'-- Installing: /home/yunusdanabas/as_robotics/microros_ws/build/micro_ros_agent/agent/src/xrceagent-build/temp_install/spdlog-1.9.2/include/spdlog/pattern_formatter.h\n'}
[42.066450] (micro_ros_agent) StdoutLine: {'line': b'-- Installing: /home/yunusdanabas/as_robotics/microros_ws/build/micro_ros_agent/agent/src/xrceagent-build/temp_install/spdlog-1.9.2/include/spdlog/version.h\n'}
[42.066800] (micro_ros_agent) StdoutLine: {'line': b'-- Installing: /home/yunusdanabas/as_robotics/microros_ws/build/micro_ros_agent/agent/src/xrceagent-build/temp_install/spdlog-1.9.2/include/spdlog/async_logger.h\n'}
[42.066980] (micro_ros_agent) StdoutLine: {'line': b'-- Installing: /home/yunusdanabas/as_robotics/microros_ws/build/micro_ros_agent/agent/src/xrceagent-build/temp_install/spdlog-1.9.2/include/spdlog/formatter.h\n'}
[42.067130] (micro_ros_agent) StdoutLine: {'line': b'-- Installing: /home/yunusdanabas/as_robotics/microros_ws/build/micro_ros_agent/agent/src/xrceagent-build/temp_install/spdlog-1.9.2/include/spdlog/logger.h\n'}
[42.067250] (micro_ros_agent) StdoutLine: {'line': b'-- Installing: /home/yunusdanabas/as_robotics/microros_ws/build/micro_ros_agent/agent/src/xrceagent-build/temp_install/spdlog-1.9.2/include/spdlog/cfg\n'}
[42.067524] (micro_ros_agent) StdoutLine: {'line': b'-- Installing: /home/yunusdanabas/as_robotics/microros_ws/build/micro_ros_agent/agent/src/xrceagent-build/temp_install/spdlog-1.9.2/include/spdlog/cfg/env.h\n'}
[42.067762] (micro_ros_agent) StdoutLine: {'line': b'-- Installing: /home/yunusdanabas/as_robotics/microros_ws/build/micro_ros_agent/agent/src/xrceagent-build/temp_install/spdlog-1.9.2/include/spdlog/cfg/argv.h\n'}
[42.067909] (micro_ros_agent) StdoutLine: {'line': b'-- Installing: /home/yunusdanabas/as_robotics/microros_ws/build/micro_ros_agent/agent/src/xrceagent-build/temp_install/spdlog-1.9.2/include/spdlog/cfg/helpers-inl.h\n'}
[42.068050] (micro_ros_agent) StdoutLine: {'line': b'-- Installing: /home/yunusdanabas/as_robotics/microros_ws/build/micro_ros_agent/agent/src/xrceagent-build/temp_install/spdlog-1.9.2/include/spdlog/cfg/helpers.h\n'}
[42.068142] (micro_ros_agent) StdoutLine: {'line': b'-- Installing: /home/yunusdanabas/as_robotics/microros_ws/build/micro_ros_agent/agent/src/xrceagent-build/temp_install/spdlog-1.9.2/include/spdlog/sinks\n'}
[42.068230] (micro_ros_agent) StdoutLine: {'line': b'-- Installing: /home/yunusdanabas/as_robotics/microros_ws/build/micro_ros_agent/agent/src/xrceagent-build/temp_install/spdlog-1.9.2/include/spdlog/sinks/mongo_sink.h\n'}
[42.068326] (micro_ros_agent) StdoutLine: {'line': b'-- Installing: /home/yunusdanabas/as_robotics/microros_ws/build/micro_ros_agent/agent/src/xrceagent-build/temp_install/spdlog-1.9.2/include/spdlog/sinks/ringbuffer_sink.h\n'}
[42.068509] (micro_ros_agent) StdoutLine: {'line': b'-- Installing: /home/yunusdanabas/as_robotics/microros_ws/build/micro_ros_agent/agent/src/xrceagent-build/temp_install/spdlog-1.9.2/include/spdlog/sinks/tcp_sink.h\n'}
[42.068672] (micro_ros_agent) StdoutLine: {'line': b'-- Installing: /home/yunusdanabas/as_robotics/microros_ws/build/micro_ros_agent/agent/src/xrceagent-build/temp_install/spdlog-1.9.2/include/spdlog/sinks/dist_sink.h\n'}
[42.068847] (micro_ros_agent) StdoutLine: {'line': b'-- Installing: /home/yunusdanabas/as_robotics/microros_ws/build/micro_ros_agent/agent/src/xrceagent-build/temp_install/spdlog-1.9.2/include/spdlog/sinks/dup_filter_sink.h\n'}
[42.069015] (micro_ros_agent) StdoutLine: {'line': b'-- Installing: /home/yunusdanabas/as_robotics/microros_ws/build/micro_ros_agent/agent/src/xrceagent-build/temp_install/spdlog-1.9.2/include/spdlog/sinks/android_sink.h\n'}
[42.069180] (micro_ros_agent) StdoutLine: {'line': b'-- Installing: /home/yunusdanabas/as_robotics/microros_ws/build/micro_ros_agent/agent/src/xrceagent-build/temp_install/spdlog-1.9.2/include/spdlog/sinks/wincolor_sink.h\n'}
[42.069310] (micro_ros_agent) StdoutLine: {'line': b'-- Installing: /home/yunusdanabas/as_robotics/microros_ws/build/micro_ros_agent/agent/src/xrceagent-build/temp_install/spdlog-1.9.2/include/spdlog/sinks/sink.h\n'}
[42.069841] (micro_ros_agent) StdoutLine: {'line': b'-- Installing: /home/yunusdanabas/as_robotics/microros_ws/build/micro_ros_agent/agent/src/xrceagent-build/temp_install/spdlog-1.9.2/include/spdlog/sinks/syslog_sink.h\n'}
[42.070097] (micro_ros_agent) StdoutLine: {'line': b'-- Installing: /home/yunusdanabas/as_robotics/microros_ws/build/micro_ros_agent/agent/src/xrceagent-build/temp_install/spdlog-1.9.2/include/spdlog/sinks/systemd_sink.h\n'}
[42.070266] (micro_ros_agent) StdoutLine: {'line': b'-- Installing: /home/yunusdanabas/as_robotics/microros_ws/build/micro_ros_agent/agent/src/xrceagent-build/temp_install/spdlog-1.9.2/include/spdlog/sinks/stdout_color_sinks.h\n'}
[42.070412] (micro_ros_agent) StdoutLine: {'line': b'-- Installing: /home/yunusdanabas/as_robotics/microros_ws/build/micro_ros_agent/agent/src/xrceagent-build/temp_install/spdlog-1.9.2/include/spdlog/sinks/stdout_sinks.h\n'}
[42.070892] (micro_ros_agent) StdoutLine: {'line': b'-- Installing: /home/yunusdanabas/as_robotics/microros_ws/build/micro_ros_agent/agent/src/xrceagent-build/temp_install/spdlog-1.9.2/include/spdlog/sinks/basic_file_sink.h\n'}
[42.070995] (micro_ros_agent) StdoutLine: {'line': b'-- Installing: /home/yunusdanabas/as_robotics/microros_ws/build/micro_ros_agent/agent/src/xrceagent-build/temp_install/spdlog-1.9.2/include/spdlog/sinks/base_sink-inl.h\n'}
[42.071089] (micro_ros_agent) StdoutLine: {'line': b'-- Installing: /home/yunusdanabas/as_robotics/microros_ws/build/micro_ros_agent/agent/src/xrceagent-build/temp_install/spdlog-1.9.2/include/spdlog/sinks/base_sink.h\n'}
[42.071223] (micro_ros_agent) StdoutLine: {'line': b'-- Installing: /home/yunusdanabas/as_robotics/microros_ws/build/micro_ros_agent/agent/src/xrceagent-build/temp_install/spdlog-1.9.2/include/spdlog/sinks/basic_file_sink-inl.h\n'}
[42.071510] (micro_ros_agent) StdoutLine: {'line': b'-- Installing: /home/yunusdanabas/as_robotics/microros_ws/build/micro_ros_agent/agent/src/xrceagent-build/temp_install/spdlog-1.9.2/include/spdlog/sinks/daily_file_sink.h\n'}
[42.072000] (micro_ros_agent) StdoutLine: {'line': b'-- Installing: /home/yunusdanabas/as_robotics/microros_ws/build/micro_ros_agent/agent/src/xrceagent-build/temp_install/spdlog-1.9.2/include/spdlog/sinks/qt_sinks.h\n'}
[42.072146] (micro_ros_agent) StdoutLine: {'line': b'-- Installing: /home/yunusdanabas/as_robotics/microros_ws/build/micro_ros_agent/agent/src/xrceagent-build/temp_install/spdlog-1.9.2/include/spdlog/sinks/sink-inl.h\n'}
[42.072269] (micro_ros_agent) StdoutLine: {'line': b'-- Installing: /home/yunusdanabas/as_robotics/microros_ws/build/micro_ros_agent/agent/src/xrceagent-build/temp_install/spdlog-1.9.2/include/spdlog/sinks/rotating_file_sink-inl.h\n'}
[42.072708] (micro_ros_agent) StdoutLine: {'line': b'-- Installing: /home/yunusdanabas/as_robotics/microros_ws/build/micro_ros_agent/agent/src/xrceagent-build/temp_install/spdlog-1.9.2/include/spdlog/sinks/wincolor_sink-inl.h\n'}
[42.072920] (micro_ros_agent) StdoutLine: {'line': b'-- Installing: /home/yunusdanabas/as_robotics/microros_ws/build/micro_ros_agent/agent/src/xrceagent-build/temp_install/spdlog-1.9.2/include/spdlog/sinks/hourly_file_sink.h\n'}
[42.073064] (micro_ros_agent) StdoutLine: {'line': b'-- Installing: /home/yunusdanabas/as_robotics/microros_ws/build/micro_ros_agent/agent/src/xrceagent-build/temp_install/spdlog-1.9.2/include/spdlog/sinks/ansicolor_sink-inl.h\n'}
[42.073173] (micro_ros_agent) StdoutLine: {'line': b'-- Installing: /home/yunusdanabas/as_robotics/microros_ws/build/micro_ros_agent/agent/src/xrceagent-build/temp_install/spdlog-1.9.2/include/spdlog/sinks/msvc_sink.h\n'}
[42.073275] (micro_ros_agent) StdoutLine: {'line': b'-- Installing: /home/yunusdanabas/as_robotics/microros_ws/build/micro_ros_agent/agent/src/xrceagent-build/temp_install/spdlog-1.9.2/include/spdlog/sinks/win_eventlog_sink.h\n'}
[42.073499] (micro_ros_agent) StdoutLine: {'line': b'-- Installing: /home/yunusdanabas/as_robotics/microros_ws/build/micro_ros_agent/agent/src/xrceagent-build/temp_install/spdlog-1.9.2/include/spdlog/sinks/stdout_color_sinks-inl.h\n'}
[42.073609] (micro_ros_agent) StdoutLine: {'line': b'-- Installing: /home/yunusdanabas/as_robotics/microros_ws/build/micro_ros_agent/agent/src/xrceagent-build/temp_install/spdlog-1.9.2/include/spdlog/sinks/rotating_file_sink.h\n'}
[42.073697] (micro_ros_agent) StdoutLine: {'line': b'-- Installing: /home/yunusdanabas/as_robotics/microros_ws/build/micro_ros_agent/agent/src/xrceagent-build/temp_install/spdlog-1.9.2/include/spdlog/sinks/ostream_sink.h\n'}
[42.073784] (micro_ros_agent) StdoutLine: {'line': b'-- Installing: /home/yunusdanabas/as_robotics/microros_ws/build/micro_ros_agent/agent/src/xrceagent-build/temp_install/spdlog-1.9.2/include/spdlog/sinks/stdout_sinks-inl.h\n'}
[42.073869] (micro_ros_agent) StdoutLine: {'line': b'-- Installing: /home/yunusdanabas/as_robotics/microros_ws/build/micro_ros_agent/agent/src/xrceagent-build/temp_install/spdlog-1.9.2/include/spdlog/sinks/ansicolor_sink.h\n'}
[42.073953] (micro_ros_agent) StdoutLine: {'line': b'-- Installing: /home/yunusdanabas/as_robotics/microros_ws/build/micro_ros_agent/agent/src/xrceagent-build/temp_install/spdlog-1.9.2/include/spdlog/sinks/null_sink.h\n'}
[42.074038] (micro_ros_agent) StdoutLine: {'line': b'-- Installing: /home/yunusdanabas/as_robotics/microros_ws/build/micro_ros_agent/agent/src/xrceagent-build/temp_install/spdlog-1.9.2/include/spdlog/details\n'}
[42.074125] (micro_ros_agent) StdoutLine: {'line': b'-- Installing: /home/yunusdanabas/as_robotics/microros_ws/build/micro_ros_agent/agent/src/xrceagent-build/temp_install/spdlog-1.9.2/include/spdlog/details/log_msg.h\n'}
[42.074212] (micro_ros_agent) StdoutLine: {'line': b'-- Installing: /home/yunusdanabas/as_robotics/microros_ws/build/micro_ros_agent/agent/src/xrceagent-build/temp_install/spdlog-1.9.2/include/spdlog/details/backtracer.h\n'}
[42.074298] (micro_ros_agent) StdoutLine: {'line': b'-- Installing: /home/yunusdanabas/as_robotics/microros_ws/build/micro_ros_agent/agent/src/xrceagent-build/temp_install/spdlog-1.9.2/include/spdlog/details/log_msg-inl.h\n'}
[42.074409] (micro_ros_agent) StdoutLine: {'line': b'-- Installing: /home/yunusdanabas/as_robotics/microros_ws/build/micro_ros_agent/agent/src/xrceagent-build/temp_install/spdlog-1.9.2/include/spdlog/details/thread_pool.h\n'}
[42.074502] (micro_ros_agent) StdoutLine: {'line': b'-- Installing: /home/yunusdanabas/as_robotics/microros_ws/build/micro_ros_agent/agent/src/xrceagent-build/temp_install/spdlog-1.9.2/include/spdlog/details/tcp_client.h\n'}
[42.074632] (micro_ros_agent) StdoutLine: {'line': b'-- Installing: /home/yunusdanabas/as_robotics/microros_ws/build/micro_ros_agent/agent/src/xrceagent-build/temp_install/spdlog-1.9.2/include/spdlog/details/log_msg_buffer-inl.h\n'}
[42.074829] (micro_ros_agent) StdoutLine: {'line': b'-- Installing: /home/yunusdanabas/as_robotics/microros_ws/build/micro_ros_agent/agent/src/xrceagent-build/temp_install/spdlog-1.9.2/include/spdlog/details/periodic_worker.h\n'}
[42.074924] (micro_ros_agent) StdoutLine: {'line': b'-- Installing: /home/yunusdanabas/as_robotics/microros_ws/build/micro_ros_agent/agent/src/xrceagent-build/temp_install/spdlog-1.9.2/include/spdlog/details/fmt_helper.h\n'}
[42.075013] (micro_ros_agent) StdoutLine: {'line': b'-- Installing: /home/yunusdanabas/as_robotics/microros_ws/build/micro_ros_agent/agent/src/xrceagent-build/temp_install/spdlog-1.9.2/include/spdlog/details/file_helper-inl.h\n'}
[42.075135] (micro_ros_agent) StdoutLine: {'line': b'-- Installing: /home/yunusdanabas/as_robotics/microros_ws/build/micro_ros_agent/agent/src/xrceagent-build/temp_install/spdlog-1.9.2/include/spdlog/details/synchronous_factory.h\n'}
[42.075259] (micro_ros_agent) StdoutLine: {'line': b'-- Installing: /home/yunusdanabas/as_robotics/microros_ws/build/micro_ros_agent/agent/src/xrceagent-build/temp_install/spdlog-1.9.2/include/spdlog/details/os.h\n'}
[42.075602] (micro_ros_agent) StdoutLine: {'line': b'-- Installing: /home/yunusdanabas/as_robotics/microros_ws/build/micro_ros_agent/agent/src/xrceagent-build/temp_install/spdlog-1.9.2/include/spdlog/details/periodic_worker-inl.h\n'}
[42.076031] (micro_ros_agent) StdoutLine: {'line': b'-- Installing: /home/yunusdanabas/as_robotics/microros_ws/build/micro_ros_agent/agent/src/xrceagent-build/temp_install/spdlog-1.9.2/include/spdlog/details/circular_q.h\n'}
[42.076176] (micro_ros_agent) StdoutLine: {'line': b'-- Installing: /home/yunusdanabas/as_robotics/microros_ws/build/micro_ros_agent/agent/src/xrceagent-build/temp_install/spdlog-1.9.2/include/spdlog/details/os-inl.h\n'}
[42.076298] (micro_ros_agent) StdoutLine: {'line': b'-- Installing: /home/yunusdanabas/as_robotics/microros_ws/build/micro_ros_agent/agent/src/xrceagent-build/temp_install/spdlog-1.9.2/include/spdlog/details/thread_pool-inl.h\n'}
[42.076631] (micro_ros_agent) StdoutLine: {'line': b'-- Installing: /home/yunusdanabas/as_robotics/microros_ws/build/micro_ros_agent/agent/src/xrceagent-build/temp_install/spdlog-1.9.2/include/spdlog/details/log_msg_buffer.h\n'}
[42.076804] (micro_ros_agent) StdoutLine: {'line': b'-- Installing: /home/yunusdanabas/as_robotics/microros_ws/build/micro_ros_agent/agent/src/xrceagent-build/temp_install/spdlog-1.9.2/include/spdlog/details/file_helper.h\n'}
[42.077064] (micro_ros_agent) StdoutLine: {'line': b'-- Installing: /home/yunusdanabas/as_robotics/microros_ws/build/micro_ros_agent/agent/src/xrceagent-build/temp_install/spdlog-1.9.2/include/spdlog/details/registry.h\n'}
[42.077311] (micro_ros_agent) StdoutLine: {'line': b'-- Installing: /home/yunusdanabas/as_robotics/microros_ws/build/micro_ros_agent/agent/src/xrceagent-build/temp_install/spdlog-1.9.2/include/spdlog/details/mpmc_blocking_q.h\n'}
[42.077705] (micro_ros_agent) StdoutLine: {'line': b'-- Installing: /home/yunusdanabas/as_robotics/microros_ws/build/micro_ros_agent/agent/src/xrceagent-build/temp_install/spdlog-1.9.2/include/spdlog/details/backtracer-inl.h\n'}
[42.077817] (micro_ros_agent) StdoutLine: {'line': b'-- Installing: /home/yunusdanabas/as_robotics/microros_ws/build/micro_ros_agent/agent/src/xrceagent-build/temp_install/spdlog-1.9.2/include/spdlog/details/console_globals.h\n'}
[42.077940] (micro_ros_agent) StdoutLine: {'line': b'-- Installing: /home/yunusdanabas/as_robotics/microros_ws/build/micro_ros_agent/agent/src/xrceagent-build/temp_install/spdlog-1.9.2/include/spdlog/details/windows_include.h\n'}
[42.078091] (micro_ros_agent) StdoutLine: {'line': b'-- Installing: /home/yunusdanabas/as_robotics/microros_ws/build/micro_ros_agent/agent/src/xrceagent-build/temp_install/spdlog-1.9.2/include/spdlog/details/null_mutex.h\n'}
[42.078241] (micro_ros_agent) StdoutLine: {'line': b'-- Installing: /home/yunusdanabas/as_robotics/microros_ws/build/micro_ros_agent/agent/src/xrceagent-build/temp_install/spdlog-1.9.2/include/spdlog/details/registry-inl.h\n'}
[42.078549] (micro_ros_agent) StdoutLine: {'line': b'-- Installing: /home/yunusdanabas/as_robotics/microros_ws/build/micro_ros_agent/agent/src/xrceagent-build/temp_install/spdlog-1.9.2/include/spdlog/details/tcp_client-windows.h\n'}
[42.078805] (micro_ros_agent) StdoutLine: {'line': b'-- Installing: /home/yunusdanabas/as_robotics/microros_ws/build/micro_ros_agent/agent/src/xrceagent-build/temp_install/spdlog-1.9.2/include/spdlog/async_logger-inl.h\n'}
[42.078919] (micro_ros_agent) StdoutLine: {'line': b'-- Installing: /home/yunusdanabas/as_robotics/microros_ws/build/micro_ros_agent/agent/src/xrceagent-build/temp_install/spdlog-1.9.2/include/spdlog/stopwatch.h\n'}
[42.079024] (micro_ros_agent) StdoutLine: {'line': b'-- Installing: /home/yunusdanabas/as_robotics/microros_ws/build/micro_ros_agent/agent/src/xrceagent-build/temp_install/spdlog-1.9.2/include/spdlog/spdlog-inl.h\n'}
[42.079117] (micro_ros_agent) StdoutLine: {'line': b'-- Installing: /home/yunusdanabas/as_robotics/microros_ws/build/micro_ros_agent/agent/src/xrceagent-build/temp_install/spdlog-1.9.2/include/spdlog/tweakme.h\n'}
[42.079320] (micro_ros_agent) StdoutLine: {'line': b'-- Installing: /home/yunusdanabas/as_robotics/microros_ws/build/micro_ros_agent/agent/src/xrceagent-build/temp_install/spdlog-1.9.2/lib/libspdlog.a\n'}
[42.079439] (micro_ros_agent) StdoutLine: {'line': b'-- Installing: /home/yunusdanabas/as_robotics/microros_ws/build/micro_ros_agent/agent/src/xrceagent-build/temp_install/spdlog-1.9.2/include/spdlog/fmt/bundled/\n'}
[42.079532] (micro_ros_agent) StdoutLine: {'line': b'-- Installing: /home/yunusdanabas/as_robotics/microros_ws/build/micro_ros_agent/agent/src/xrceagent-build/temp_install/spdlog-1.9.2/include/spdlog/fmt/bundled//ranges.h\n'}
[42.079621] (micro_ros_agent) StdoutLine: {'line': b'-- Installing: /home/yunusdanabas/as_robotics/microros_ws/build/micro_ros_agent/agent/src/xrceagent-build/temp_install/spdlog-1.9.2/include/spdlog/fmt/bundled//format.h\n'}
[42.079711] (micro_ros_agent) StdoutLine: {'line': b'-- Installing: /home/yunusdanabas/as_robotics/microros_ws/build/micro_ros_agent/agent/src/xrceagent-build/temp_install/spdlog-1.9.2/include/spdlog/fmt/bundled//xchar.h\n'}
[42.079845] (micro_ros_agent) StdoutLine: {'line': b'-- Installing: /home/yunusdanabas/as_robotics/microros_ws/build/micro_ros_agent/agent/src/xrceagent-build/temp_install/spdlog-1.9.2/include/spdlog/fmt/bundled//locale.h\n'}
[42.079985] (micro_ros_agent) StdoutLine: {'line': b'-- Installing: /home/yunusdanabas/as_robotics/microros_ws/build/micro_ros_agent/agent/src/xrceagent-build/temp_install/spdlog-1.9.2/include/spdlog/fmt/bundled//args.h\n'}
[42.080143] (micro_ros_agent) StdoutLine: {'line': b'-- Installing: /home/yunusdanabas/as_robotics/microros_ws/build/micro_ros_agent/agent/src/xrceagent-build/temp_install/spdlog-1.9.2/include/spdlog/fmt/bundled//format-inl.h\n'}
[42.080283] (micro_ros_agent) StdoutLine: {'line': b'-- Installing: /home/yunusdanabas/as_robotics/microros_ws/build/micro_ros_agent/agent/src/xrceagent-build/temp_install/spdlog-1.9.2/include/spdlog/fmt/bundled//core.h\n'}
[42.080466] (micro_ros_agent) StdoutLine: {'line': b'-- Installing: /home/yunusdanabas/as_robotics/microros_ws/build/micro_ros_agent/agent/src/xrceagent-build/temp_install/spdlog-1.9.2/include/spdlog/fmt/bundled//os.h\n'}
[42.080621] (micro_ros_agent) StdoutLine: {'line': b'-- Installing: /home/yunusdanabas/as_robotics/microros_ws/build/micro_ros_agent/agent/src/xrceagent-build/temp_install/spdlog-1.9.2/include/spdlog/fmt/bundled//compile.h\n'}
[42.080770] (micro_ros_agent) StdoutLine: {'line': b'-- Installing: /home/yunusdanabas/as_robotics/microros_ws/build/micro_ros_agent/agent/src/xrceagent-build/temp_install/spdlog-1.9.2/include/spdlog/fmt/bundled//chrono.h\n'}
[42.080925] (micro_ros_agent) StdoutLine: {'line': b'-- Installing: /home/yunusdanabas/as_robotics/microros_ws/build/micro_ros_agent/agent/src/xrceagent-build/temp_install/spdlog-1.9.2/include/spdlog/fmt/bundled//color.h\n'}
[42.081089] (micro_ros_agent) StdoutLine: {'line': b'-- Installing: /home/yunusdanabas/as_robotics/microros_ws/build/micro_ros_agent/agent/src/xrceagent-build/temp_install/spdlog-1.9.2/include/spdlog/fmt/bundled//ostream.h\n'}
[42.081262] (micro_ros_agent) StdoutLine: {'line': b'-- Installing: /home/yunusdanabas/as_robotics/microros_ws/build/micro_ros_agent/agent/src/xrceagent-build/temp_install/spdlog-1.9.2/include/spdlog/fmt/bundled//printf.h\n'}
[42.081406] (micro_ros_agent) StdoutLine: {'line': b'-- Installing: /home/yunusdanabas/as_robotics/microros_ws/build/micro_ros_agent/agent/src/xrceagent-build/temp_install/spdlog-1.9.2/lib/pkgconfig/spdlog.pc\n'}
[42.081511] (micro_ros_agent) StdoutLine: {'line': b'-- Installing: /home/yunusdanabas/as_robotics/microros_ws/build/micro_ros_agent/agent/src/xrceagent-build/temp_install/spdlog-1.9.2/lib/cmake/spdlog/spdlogConfigTargets.cmake\n'}
[42.081601] (micro_ros_agent) StdoutLine: {'line': b'-- Installing: /home/yunusdanabas/as_robotics/microros_ws/build/micro_ros_agent/agent/src/xrceagent-build/temp_install/spdlog-1.9.2/lib/cmake/spdlog/spdlogConfigTargets-release.cmake\n'}
[42.081736] (micro_ros_agent) StdoutLine: {'line': b'-- Installing: /home/yunusdanabas/as_robotics/microros_ws/build/micro_ros_agent/agent/src/xrceagent-build/temp_install/spdlog-1.9.2/lib/cmake/spdlog/spdlogConfig.cmake\n'}
[42.081872] (micro_ros_agent) StdoutLine: {'line': b'-- Installing: /home/yunusdanabas/as_robotics/microros_ws/build/micro_ros_agent/agent/src/xrceagent-build/temp_install/spdlog-1.9.2/lib/cmake/spdlog/spdlogConfigVersion.cmake\n'}
[42.117291] (micro_ros_agent) StdoutLine: {'line': b"[ 50%] Completed 'spdlog'\n"}
[42.122401] (-) TimerEvent: {}
[42.180113] (micro_ros_agent) StdoutLine: {'line': b'[ 50%] Built target spdlog\n'}
[42.219898] (micro_ros_agent) StdoutLine: {'line': b"[ 56%] Creating directories for 'uagent'\n"}
[42.222494] (-) TimerEvent: {}
[42.266593] (micro_ros_agent) StdoutLine: {'line': b"[ 62%] No download step for 'uagent'\n"}
[42.311042] (micro_ros_agent) StdoutLine: {'line': b"[ 68%] No update step for 'uagent'\n"}
[42.322601] (-) TimerEvent: {}
[42.353067] (micro_ros_agent) StdoutLine: {'line': b"[ 75%] No patch step for 'uagent'\n"}
[42.394921] (micro_ros_agent) StdoutLine: {'line': b"[ 81%] Performing configure step for 'uagent'\n"}
[42.410797] (micro_ros_agent) StdoutLine: {'line': b'loading initial cache file /home/yunusdanabas/as_robotics/microros_ws/build/micro_ros_agent/agent/src/xrceagent-build/uagent-prefix/tmp/uagent-cache-.cmake\n'}
[42.419524] (micro_ros_agent) StdoutLine: {'line': b"-- Setting build type to 'Release' as none was specified.\n"}
[42.422684] (-) TimerEvent: {}
[42.455230] (micro_ros_agent) StdoutLine: {'line': b'-- Found TinyXML2: /usr/lib/x86_64-linux-gnu/cmake/tinyxml2\n'}
[42.523154] (-) TimerEvent: {}
[42.623654] (-) TimerEvent: {}
[42.631467] (micro_ros_agent) StdoutLine: {'line': b'-- Found OpenSSL: /usr/lib/x86_64-linux-gnu/libcrypto.so (found version "3.0.13")  \n'}
[42.639181] (micro_ros_agent) StdoutLine: {'line': b'-- Performing Test CMAKE_HAVE_LIBC_PTHREAD\n'}
[42.723770] (-) TimerEvent: {}
[42.824532] (-) TimerEvent: {}
[42.879175] (micro_ros_agent) StdoutLine: {'line': b'-- Performing Test CMAKE_HAVE_LIBC_PTHREAD - Success\n'}
[42.881502] (micro_ros_agent) StdoutLine: {'line': b'-- Found Threads: TRUE  \n'}
[42.890178] (micro_ros_agent) StdoutLine: {'line': b'-- Configuring done (0.5s)\n'}
[42.919751] (micro_ros_agent) StdoutLine: {'line': b'-- Generating done (0.0s)\n'}
[42.920114] (micro_ros_agent) StdoutLine: {'line': b'-- Build files have been written to: /home/yunusdanabas/as_robotics/microros_ws/build/micro_ros_agent/agent/src/xrceagent-build\n'}
[42.926254] (-) TimerEvent: {}
[42.957386] (micro_ros_agent) StdoutLine: {'line': b"[ 87%] Performing build step for 'uagent'\n"}
[43.029425] (-) TimerEvent: {}
[43.056212] (micro_ros_agent) StdoutLine: {'line': b'[  2%] Building CXX object CMakeFiles/microxrcedds_agent.dir/src/cpp/Agent.cpp.o\n'}
[43.070980] (micro_ros_agent) StdoutLine: {'line': b'[  4%] Building CXX object CMakeFiles/microxrcedds_agent.dir/src/cpp/AgentInstance.cpp.o\n'}
[43.072012] (micro_ros_agent) StdoutLine: {'line': b'[  7%] Building CXX object CMakeFiles/microxrcedds_agent.dir/src/cpp/topic/Topic.cpp.o\n'}
[43.072414] (micro_ros_agent) StdoutLine: {'line': b'[  9%] Building CXX object CMakeFiles/microxrcedds_agent.dir/src/cpp/Root.cpp.o\n'}
[43.091482] (micro_ros_agent) StdoutLine: {'line': b'[ 11%] Building CXX object CMakeFiles/microxrcedds_agent.dir/src/cpp/processor/Processor.cpp.o\n'}
[43.091798] (micro_ros_agent) StdoutLine: {'line': b'[ 14%] Building CXX object CMakeFiles/microxrcedds_agent.dir/src/cpp/participant/Participant.cpp.o\n'}
[43.097831] (micro_ros_agent) StdoutLine: {'line': b'[ 16%] Building CXX object CMakeFiles/microxrcedds_agent.dir/src/cpp/client/ProxyClient.cpp.o\n'}
[43.098121] (micro_ros_agent) StdoutLine: {'line': b'[ 19%] Building CXX object CMakeFiles/microxrcedds_agent.dir/src/cpp/publisher/Publisher.cpp.o\n'}
[43.129541] (-) TimerEvent: {}
[43.229754] (-) TimerEvent: {}
[43.330004] (-) TimerEvent: {}
[43.431289] (-) TimerEvent: {}
[43.531597] (-) TimerEvent: {}
[43.631848] (-) TimerEvent: {}
[43.734551] (-) TimerEvent: {}
[43.834777] (-) TimerEvent: {}
[43.935003] (-) TimerEvent: {}
[44.038407] (-) TimerEvent: {}
[44.138623] (-) TimerEvent: {}
[44.239915] (-) TimerEvent: {}
[44.344410] (-) TimerEvent: {}
[44.446439] (-) TimerEvent: {}
[44.546660] (-) TimerEvent: {}
[44.646883] (-) TimerEvent: {}
[44.747196] (-) TimerEvent: {}
[44.847469] (-) TimerEvent: {}
[44.948361] (-) TimerEvent: {}
[45.048687] (-) TimerEvent: {}
[45.157572] (-) TimerEvent: {}
[45.257848] (-) TimerEvent: {}
[45.358067] (-) TimerEvent: {}
[45.458308] (-) TimerEvent: {}
[45.558570] (-) TimerEvent: {}
[45.658825] (-) TimerEvent: {}
[45.761410] (-) TimerEvent: {}
[45.861638] (-) TimerEvent: {}
[45.961858] (-) TimerEvent: {}
[46.062107] (-) TimerEvent: {}
[46.162347] (-) TimerEvent: {}
[46.262577] (-) TimerEvent: {}
[46.362847] (-) TimerEvent: {}
[46.463086] (-) TimerEvent: {}
[46.563322] (-) TimerEvent: {}
[46.614261] (micro_ros_agent) StdoutLine: {'line': b'[ 21%] Building CXX object CMakeFiles/microxrcedds_agent.dir/src/cpp/subscriber/Subscriber.cpp.o\n'}
[46.663415] (-) TimerEvent: {}
[46.702956] (micro_ros_agent) StdoutLine: {'line': b'[ 23%] Building CXX object CMakeFiles/microxrcedds_agent.dir/src/cpp/datawriter/DataWriter.cpp.o\n'}
[46.763575] (-) TimerEvent: {}
[46.786652] (micro_ros_agent) StdoutLine: {'line': b'[ 26%] Building CXX object CMakeFiles/microxrcedds_agent.dir/src/cpp/datareader/DataReader.cpp.o\n'}
[46.865413] (-) TimerEvent: {}
[46.965639] (-) TimerEvent: {}
[47.065855] (-) TimerEvent: {}
[47.176417] (-) TimerEvent: {}
[47.278423] (-) TimerEvent: {}
[47.378695] (-) TimerEvent: {}
[47.478923] (-) TimerEvent: {}
[47.601739] (-) TimerEvent: {}
[47.701987] (-) TimerEvent: {}
[47.802309] (-) TimerEvent: {}
[47.902688] (-) TimerEvent: {}
[48.003162] (-) TimerEvent: {}
[48.103645] (-) TimerEvent: {}
[48.206411] (-) TimerEvent: {}
[48.306675] (-) TimerEvent: {}
[48.406901] (-) TimerEvent: {}
[48.507121] (-) TimerEvent: {}
[48.608536] (-) TimerEvent: {}
[48.708765] (-) TimerEvent: {}
[48.810423] (-) TimerEvent: {}
[48.911089] (-) TimerEvent: {}
[49.011321] (-) TimerEvent: {}
[49.111548] (-) TimerEvent: {}
[49.214417] (-) TimerEvent: {}
[49.314651] (-) TimerEvent: {}
[49.415031] (-) TimerEvent: {}
[49.515324] (-) TimerEvent: {}
[49.615560] (-) TimerEvent: {}
[49.715790] (-) TimerEvent: {}
[49.816010] (-) TimerEvent: {}
[49.917572] (-) TimerEvent: {}
[50.017787] (-) TimerEvent: {}
[50.119573] (-) TimerEvent: {}
[50.213822] (micro_ros_agent) StdoutLine: {'line': b'[ 28%] Building CXX object CMakeFiles/microxrcedds_agent.dir/src/cpp/requester/Requester.cpp.o\n'}
[50.219718] (-) TimerEvent: {}
[50.319934] (-) TimerEvent: {}
[50.420153] (-) TimerEvent: {}
[50.526408] (-) TimerEvent: {}
[50.626661] (-) TimerEvent: {}
[50.726892] (-) TimerEvent: {}
[50.832072] (-) TimerEvent: {}
[50.933805] (-) TimerEvent: {}
[51.034018] (-) TimerEvent: {}
[51.134233] (-) TimerEvent: {}
[51.235708] (-) TimerEvent: {}
[51.336505] (-) TimerEvent: {}
[51.436772] (-) TimerEvent: {}
[51.536989] (-) TimerEvent: {}
[51.637258] (-) TimerEvent: {}
[51.738440] (-) TimerEvent: {}
[51.842232] (-) TimerEvent: {}
[51.942411] (-) TimerEvent: {}
[52.046427] (-) TimerEvent: {}
[52.146641] (-) TimerEvent: {}
[52.246864] (-) TimerEvent: {}
[52.347374] (-) TimerEvent: {}
[52.449635] (-) TimerEvent: {}
[52.553425] (-) TimerEvent: {}
[52.653662] (-) TimerEvent: {}
[52.753899] (-) TimerEvent: {}
[52.854433] (-) TimerEvent: {}
[52.956543] (-) TimerEvent: {}
[53.056763] (-) TimerEvent: {}
[53.157256] (-) TimerEvent: {}
[53.257724] (-) TimerEvent: {}
[53.358420] (-) TimerEvent: {}
[53.461280] (-) TimerEvent: {}
[53.561534] (-) TimerEvent: {}
[53.662212] (-) TimerEvent: {}
[53.762413] (-) TimerEvent: {}
[53.865912] (-) TimerEvent: {}
[53.969447] (-) TimerEvent: {}
[54.070260] (-) TimerEvent: {}
[54.170589] (-) TimerEvent: {}
[54.271700] (-) TimerEvent: {}
[54.371999] (-) TimerEvent: {}
[54.472417] (-) TimerEvent: {}
[54.572877] (-) TimerEvent: {}
[54.673486] (-) TimerEvent: {}
[54.774102] (-) TimerEvent: {}
[54.874592] (-) TimerEvent: {}
[54.978554] (-) TimerEvent: {}
[55.078777] (-) TimerEvent: {}
[55.179000] (-) TimerEvent: {}
[55.279218] (-) TimerEvent: {}
[55.379721] (-) TimerEvent: {}
[55.480204] (-) TimerEvent: {}
[55.581540] (-) TimerEvent: {}
[55.681776] (-) TimerEvent: {}
[55.782006] (-) TimerEvent: {}
[55.884410] (-) TimerEvent: {}
[55.984631] (-) TimerEvent: {}
[56.084911] (-) TimerEvent: {}
[56.185186] (-) TimerEvent: {}
[56.285433] (-) TimerEvent: {}
[56.386413] (-) TimerEvent: {}
[56.486901] (-) TimerEvent: {}
[56.588582] (-) TimerEvent: {}
[56.688821] (-) TimerEvent: {}
[56.789067] (-) TimerEvent: {}
[56.889332] (-) TimerEvent: {}
[56.990550] (-) TimerEvent: {}
[57.092428] (-) TimerEvent: {}
[57.192652] (-) TimerEvent: {}
[57.292945] (-) TimerEvent: {}
[57.393253] (-) TimerEvent: {}
[57.493495] (-) TimerEvent: {}
[57.596316] (-) TimerEvent: {}
[57.696564] (-) TimerEvent: {}
[57.796780] (-) TimerEvent: {}
[57.890094] (micro_ros_agent) StdoutLine: {'line': b'[ 30%] Building CXX object CMakeFiles/microxrcedds_agent.dir/src/cpp/replier/Replier.cpp.o\n'}
[57.899410] (-) TimerEvent: {}
[57.999632] (-) TimerEvent: {}
[58.105407] (-) TimerEvent: {}
[58.147586] (micro_ros_agent) StdoutLine: {'line': b'[ 33%] Building CXX object CMakeFiles/microxrcedds_agent.dir/src/cpp/object/XRCEObject.cpp.o\n'}
[58.205547] (-) TimerEvent: {}
[58.305904] (-) TimerEvent: {}
[58.406123] (-) TimerEvent: {}
[58.506383] (-) TimerEvent: {}
[58.609073] (-) TimerEvent: {}
[58.712418] (-) TimerEvent: {}
[58.814133] (-) TimerEvent: {}
[58.915118] (-) TimerEvent: {}
[59.015677] (-) TimerEvent: {}
[59.115922] (-) TimerEvent: {}
[59.220461] (-) TimerEvent: {}
[59.323410] (-) TimerEvent: {}
[59.425449] (-) TimerEvent: {}
[59.525715] (-) TimerEvent: {}
[59.624620] (micro_ros_agent) StdoutLine: {'line': b'[ 35%] Building CXX object CMakeFiles/microxrcedds_agent.dir/src/cpp/types/XRCETypes.cpp.o\n'}
[59.625964] (-) TimerEvent: {}
[59.727049] (-) TimerEvent: {}
[59.827412] (-) TimerEvent: {}
[59.927639] (-) TimerEvent: {}
[59.977827] (micro_ros_agent) StdoutLine: {'line': b'[ 38%] Building CXX object CMakeFiles/microxrcedds_agent.dir/src/cpp/types/MessageHeader.cpp.o\n'}
[60.028093] (-) TimerEvent: {}
[60.128310] (-) TimerEvent: {}
[60.228543] (-) TimerEvent: {}
[60.328789] (-) TimerEvent: {}
[60.430029] (-) TimerEvent: {}
[60.530257] (-) TimerEvent: {}
[60.630522] (-) TimerEvent: {}
[60.730746] (-) TimerEvent: {}
[60.832028] (-) TimerEvent: {}
[60.886957] (micro_ros_agent) StdoutLine: {'line': b'[ 40%] Building CXX object CMakeFiles/microxrcedds_agent.dir/src/cpp/types/SubMessageHeader.cpp.o\n'}
[60.933468] (-) TimerEvent: {}
[61.033714] (-) TimerEvent: {}
[61.133942] (-) TimerEvent: {}
[61.234167] (-) TimerEvent: {}
[61.338436] (-) TimerEvent: {}
[61.432699] (micro_ros_agent) StdoutLine: {'line': b'[ 42%] Building CXX object CMakeFiles/microxrcedds_agent.dir/src/cpp/message/InputMessage.cpp.o\n'}
[61.438534] (-) TimerEvent: {}
[61.538754] (-) TimerEvent: {}
[61.638985] (-) TimerEvent: {}
[61.739219] (-) TimerEvent: {}
[61.817400] (micro_ros_agent) StdoutLine: {'line': b'[ 45%] Building CXX object CMakeFiles/microxrcedds_agent.dir/src/cpp/message/OutputMessage.cpp.o\n'}
[61.839764] (-) TimerEvent: {}
[61.940275] (-) TimerEvent: {}
[62.040754] (-) TimerEvent: {}
[62.141223] (-) TimerEvent: {}
[62.241691] (-) TimerEvent: {}
[62.343586] (-) TimerEvent: {}
[62.443862] (-) TimerEvent: {}
[62.544432] (-) TimerEvent: {}
[62.646992] (-) TimerEvent: {}
[62.747226] (-) TimerEvent: {}
[62.847489] (-) TimerEvent: {}
[62.950723] (-) TimerEvent: {}
[63.051330] (-) TimerEvent: {}
[63.078766] (micro_ros_agent) StdoutLine: {'line': b'[ 47%] Building CXX object CMakeFiles/microxrcedds_agent.dir/src/cpp/utils/ArgumentParser.cpp.o\n'}
[63.152119] (-) TimerEvent: {}
[63.255321] (-) TimerEvent: {}
[63.365429] (-) TimerEvent: {}
[63.465693] (-) TimerEvent: {}
[63.565960] (-) TimerEvent: {}
[63.666203] (-) TimerEvent: {}
[63.766450] (-) TimerEvent: {}
[63.868479] (-) TimerEvent: {}
[63.970470] (-) TimerEvent: {}
[64.072426] (-) TimerEvent: {}
[64.172664] (-) TimerEvent: {}
[64.272898] (-) TimerEvent: {}
[64.373149] (-) TimerEvent: {}
[64.475659] (-) TimerEvent: {}
[64.579409] (-) TimerEvent: {}
[64.679626] (-) TimerEvent: {}
[64.780079] (-) TimerEvent: {}
[64.880294] (-) TimerEvent: {}
[64.982146] (-) TimerEvent: {}
[65.082437] (-) TimerEvent: {}
[65.187407] (-) TimerEvent: {}
[65.289409] (-) TimerEvent: {}
[65.389637] (-) TimerEvent: {}
[65.489891] (-) TimerEvent: {}
[65.592310] (-) TimerEvent: {}
[65.695406] (-) TimerEvent: {}
[65.795651] (-) TimerEvent: {}
[65.895963] (-) TimerEvent: {}
[65.996318] (-) TimerEvent: {}
[66.097524] (-) TimerEvent: {}
[66.197816] (-) TimerEvent: {}
[66.298106] (-) TimerEvent: {}
[66.398394] (-) TimerEvent: {}
[66.498666] (-) TimerEvent: {}
[66.598899] (-) TimerEvent: {}
[66.699123] (-) TimerEvent: {}
[66.803151] (-) TimerEvent: {}
[66.903436] (-) TimerEvent: {}
[67.004017] (-) TimerEvent: {}
[67.104234] (-) TimerEvent: {}
[67.205414] (-) TimerEvent: {}
[67.305629] (-) TimerEvent: {}
[67.408988] (-) TimerEvent: {}
[67.513750] (-) TimerEvent: {}
[67.613985] (-) TimerEvent: {}
[67.717030] (-) TimerEvent: {}
[67.822494] (-) TimerEvent: {}
[67.922708] (-) TimerEvent: {}
[68.022959] (-) TimerEvent: {}
[68.125560] (-) TimerEvent: {}
[68.225796] (-) TimerEvent: {}
[68.326016] (-) TimerEvent: {}
[68.426484] (-) TimerEvent: {}
[68.530543] (-) TimerEvent: {}
[68.630773] (-) TimerEvent: {}
[68.731436] (-) TimerEvent: {}
[68.831781] (-) TimerEvent: {}
[68.932000] (-) TimerEvent: {}
[69.032423] (-) TimerEvent: {}
[69.132677] (-) TimerEvent: {}
[69.233828] (-) TimerEvent: {}
[69.334072] (-) TimerEvent: {}
[69.434315] (-) TimerEvent: {}
[69.534557] (-) TimerEvent: {}
[69.634781] (-) TimerEvent: {}
[69.735025] (-) TimerEvent: {}
[69.835238] (-) TimerEvent: {}
[69.935421] (-) TimerEvent: {}
[70.035624] (-) TimerEvent: {}
[70.135856] (-) TimerEvent: {}
[70.236091] (-) TimerEvent: {}
[70.343604] (-) TimerEvent: {}
[70.443823] (-) TimerEvent: {}
[70.544051] (-) TimerEvent: {}
[70.644262] (-) TimerEvent: {}
[70.744492] (-) TimerEvent: {}
[70.844702] (-) TimerEvent: {}
[70.944932] (-) TimerEvent: {}
[71.045173] (-) TimerEvent: {}
[71.145410] (-) TimerEvent: {}
[71.245688] (-) TimerEvent: {}
[71.345918] (-) TimerEvent: {}
[71.446116] (-) TimerEvent: {}
[71.546304] (-) TimerEvent: {}
[71.646529] (-) TimerEvent: {}
[71.746711] (-) TimerEvent: {}
[71.846940] (-) TimerEvent: {}
[71.947144] (-) TimerEvent: {}
[72.047351] (-) TimerEvent: {}
[72.148397] (-) TimerEvent: {}
[72.248621] (-) TimerEvent: {}
[72.305165] (micro_ros_agent) StdoutLine: {'line': b'[ 50%] Building CXX object CMakeFiles/microxrcedds_agent.dir/src/cpp/transport/tcp/TCPv4AgentLinux.cpp.o\n'}
[72.348774] (-) TimerEvent: {}
[72.448967] (-) TimerEvent: {}
[72.549184] (-) TimerEvent: {}
[72.649391] (-) TimerEvent: {}
[72.749613] (-) TimerEvent: {}
[72.849820] (-) TimerEvent: {}
[72.921253] (micro_ros_agent) StdoutLine: {'line': b'[ 52%] Building CXX object CMakeFiles/microxrcedds_agent.dir/src/cpp/transport/udp/UDPv6AgentLinux.cpp.o\n'}
[72.949929] (-) TimerEvent: {}
[73.050416] (-) TimerEvent: {}
[73.150628] (-) TimerEvent: {}
[73.250873] (-) TimerEvent: {}
[73.351058] (-) TimerEvent: {}
[73.451244] (-) TimerEvent: {}
[73.551428] (-) TimerEvent: {}
[73.651633] (-) TimerEvent: {}
[73.751816] (-) TimerEvent: {}
[73.852041] (-) TimerEvent: {}
[73.936297] (micro_ros_agent) StdoutLine: {'line': b'[ 54%] Building CXX object CMakeFiles/microxrcedds_agent.dir/src/cpp/transport/tcp/TCPv6AgentLinux.cpp.o\n'}
[73.952415] (-) TimerEvent: {}
[74.052618] (-) TimerEvent: {}
[74.152848] (-) TimerEvent: {}
[74.253063] (-) TimerEvent: {}
[74.353285] (-) TimerEvent: {}
[74.453515] (-) TimerEvent: {}
[74.553751] (-) TimerEvent: {}
[74.653969] (-) TimerEvent: {}
[74.756523] (-) TimerEvent: {}
[74.859463] (-) TimerEvent: {}
[74.959141] (micro_ros_agent) StdoutLine: {'line': b'[ 57%] Building CXX object CMakeFiles/microxrcedds_agent.dir/src/cpp/transport/udp/UDPv4AgentLinux.cpp.o\n'}
[74.959882] (-) TimerEvent: {}
[75.060143] (-) TimerEvent: {}
[75.160360] (-) TimerEvent: {}
[75.260573] (-) TimerEvent: {}
[75.360791] (-) TimerEvent: {}
[75.461016] (-) TimerEvent: {}
[75.561233] (-) TimerEvent: {}
[75.661415] (-) TimerEvent: {}
[75.761632] (-) TimerEvent: {}
[75.862462] (-) TimerEvent: {}
[75.962683] (-) TimerEvent: {}
[75.980540] (micro_ros_agent) StdoutLine: {'line': b'[ 59%] Building CXX object CMakeFiles/microxrcedds_agent.dir/src/cpp/transport/custom/CustomAgent.cpp.o\n'}
[76.063436] (-) TimerEvent: {}
[76.163698] (-) TimerEvent: {}
[76.264004] (-) TimerEvent: {}
[76.365554] (-) TimerEvent: {}
[76.465821] (-) TimerEvent: {}
[76.566063] (-) TimerEvent: {}
[76.669390] (-) TimerEvent: {}
[76.769842] (-) TimerEvent: {}
[76.870113] (-) TimerEvent: {}
[76.970401] (-) TimerEvent: {}
[77.073443] (-) TimerEvent: {}
[77.173677] (-) TimerEvent: {}
[77.273915] (-) TimerEvent: {}
[77.375580] (-) TimerEvent: {}
[77.475927] (-) TimerEvent: {}
[77.577418] (-) TimerEvent: {}
[77.677650] (-) TimerEvent: {}
[77.777869] (-) TimerEvent: {}
[77.878434] (-) TimerEvent: {}
[77.979638] (-) TimerEvent: {}
[78.083790] (-) TimerEvent: {}
[78.184220] (-) TimerEvent: {}
[78.284910] (-) TimerEvent: {}
[78.387746] (-) TimerEvent: {}
[78.494405] (-) TimerEvent: {}
[78.594615] (-) TimerEvent: {}
[78.695412] (-) TimerEvent: {}
[78.795636] (-) TimerEvent: {}
[78.896092] (-) TimerEvent: {}
[78.996601] (-) TimerEvent: {}
[79.097770] (-) TimerEvent: {}
[79.199425] (-) TimerEvent: {}
[79.299684] (-) TimerEvent: {}
[79.401447] (-) TimerEvent: {}
[79.501671] (-) TimerEvent: {}
[79.601891] (-) TimerEvent: {}
[79.702582] (-) TimerEvent: {}
[79.803550] (-) TimerEvent: {}
[79.903775] (-) TimerEvent: {}
[80.004029] (-) TimerEvent: {}
[80.105423] (-) TimerEvent: {}
[80.205650] (-) TimerEvent: {}
[80.305857] (-) TimerEvent: {}
[80.406366] (-) TimerEvent: {}
[80.507441] (-) TimerEvent: {}
[80.608422] (-) TimerEvent: {}
[80.708818] (-) TimerEvent: {}
[80.809252] (-) TimerEvent: {}
[80.909520] (-) TimerEvent: {}
[81.009798] (-) TimerEvent: {}
[81.110177] (-) TimerEvent: {}
[81.210485] (-) TimerEvent: {}
[81.310813] (-) TimerEvent: {}
[81.411585] (-) TimerEvent: {}
[81.513331] (-) TimerEvent: {}
[81.613603] (-) TimerEvent: {}
[81.713826] (-) TimerEvent: {}
[81.814054] (-) TimerEvent: {}
[81.914274] (-) TimerEvent: {}
[82.014543] (-) TimerEvent: {}
[82.114792] (-) TimerEvent: {}
[82.215023] (-) TimerEvent: {}
[82.315271] (-) TimerEvent: {}
[82.415490] (-) TimerEvent: {}
[82.515714] (-) TimerEvent: {}
[82.615972] (-) TimerEvent: {}
[82.718415] (-) TimerEvent: {}
[82.818713] (-) TimerEvent: {}
[82.918993] (-) TimerEvent: {}
[83.019220] (-) TimerEvent: {}
[83.119407] (-) TimerEvent: {}
[83.219609] (-) TimerEvent: {}
[83.319811] (-) TimerEvent: {}
[83.420005] (-) TimerEvent: {}
[83.520269] (-) TimerEvent: {}
[83.620534] (-) TimerEvent: {}
[83.720744] (-) TimerEvent: {}
[83.820967] (-) TimerEvent: {}
[83.921186] (-) TimerEvent: {}
[84.021404] (-) TimerEvent: {}
[84.121647] (-) TimerEvent: {}
[84.221877] (-) TimerEvent: {}
[84.322090] (-) TimerEvent: {}
[84.422305] (-) TimerEvent: {}
[84.515250] (micro_ros_agent) StdoutLine: {'line': b'[ 61%] Building CXX object CMakeFiles/microxrcedds_agent.dir/src/cpp/transport/serial/PseudoTerminalAgentLinux.cpp.o\n'}
[84.522399] (-) TimerEvent: {}
[84.622597] (-) TimerEvent: {}
[84.723187] (-) TimerEvent: {}
[84.823432] (-) TimerEvent: {}
[84.923638] (-) TimerEvent: {}
[85.023860] (-) TimerEvent: {}
[85.124085] (-) TimerEvent: {}
[85.224319] (-) TimerEvent: {}
[85.324492] (-) TimerEvent: {}
[85.424694] (-) TimerEvent: {}
[85.524918] (-) TimerEvent: {}
[85.625082] (-) TimerEvent: {}
[85.725297] (-) TimerEvent: {}
[85.825652] (-) TimerEvent: {}
[85.925873] (-) TimerEvent: {}
[86.026082] (-) TimerEvent: {}
[86.126273] (-) TimerEvent: {}
[86.226483] (-) TimerEvent: {}
[86.326693] (-) TimerEvent: {}
[86.426895] (-) TimerEvent: {}
[86.527061] (-) TimerEvent: {}
[86.627265] (-) TimerEvent: {}
[86.727456] (-) TimerEvent: {}
[86.827640] (-) TimerEvent: {}
[86.927824] (-) TimerEvent: {}
[87.028067] (-) TimerEvent: {}
[87.128232] (-) TimerEvent: {}
[87.228445] (-) TimerEvent: {}
[87.328620] (-) TimerEvent: {}
[87.428846] (-) TimerEvent: {}
[87.529061] (-) TimerEvent: {}
[87.629267] (-) TimerEvent: {}
[87.729399] (-) TimerEvent: {}
[87.829591] (-) TimerEvent: {}
[87.929780] (-) TimerEvent: {}
[88.029975] (-) TimerEvent: {}
[88.130181] (-) TimerEvent: {}
[88.156732] (micro_ros_agent) StdoutLine: {'line': b'[ 64%] Building CXX object CMakeFiles/microxrcedds_agent.dir/src/cpp/transport/can/CanAgentLinux.cpp.o\n'}
[88.230390] (-) TimerEvent: {}
[88.330649] (-) TimerEvent: {}
[88.430847] (-) TimerEvent: {}
[88.531041] (-) TimerEvent: {}
[88.631265] (-) TimerEvent: {}
[88.731438] (-) TimerEvent: {}
[88.831614] (-) TimerEvent: {}
[88.931799] (-) TimerEvent: {}
[89.032050] (-) TimerEvent: {}
[89.132232] (-) TimerEvent: {}
[89.232460] (-) TimerEvent: {}
[89.332621] (-) TimerEvent: {}
[89.432830] (-) TimerEvent: {}
[89.533112] (-) TimerEvent: {}
[89.633320] (-) TimerEvent: {}
[89.733499] (-) TimerEvent: {}
[89.833704] (-) TimerEvent: {}
[89.933895] (-) TimerEvent: {}
[90.034060] (-) TimerEvent: {}
[90.134275] (-) TimerEvent: {}
[90.234465] (-) TimerEvent: {}
[90.334678] (-) TimerEvent: {}
[90.434887] (-) TimerEvent: {}
[90.535102] (-) TimerEvent: {}
[90.635319] (-) TimerEvent: {}
[90.735549] (-) TimerEvent: {}
[90.835749] (-) TimerEvent: {}
[90.935959] (-) TimerEvent: {}
[91.036155] (-) TimerEvent: {}
[91.136324] (-) TimerEvent: {}
[91.236499] (-) TimerEvent: {}
[91.336698] (-) TimerEvent: {}
[91.436928] (-) TimerEvent: {}
[91.537136] (-) TimerEvent: {}
[91.637344] (-) TimerEvent: {}
[91.673015] (micro_ros_agent) StdoutLine: {'line': b'[ 66%] Building CXX object CMakeFiles/microxrcedds_agent.dir/src/cpp/transport/discovery/DiscoveryServerLinux.cpp.o\n'}
[91.737418] (-) TimerEvent: {}
[91.837642] (-) TimerEvent: {}
[91.939921] (-) TimerEvent: {}
[92.040173] (-) TimerEvent: {}
[92.140654] (-) TimerEvent: {}
[92.242507] (-) TimerEvent: {}
[92.342776] (-) TimerEvent: {}
[92.442967] (-) TimerEvent: {}
[92.543171] (-) TimerEvent: {}
[92.643328] (-) TimerEvent: {}
[92.743489] (-) TimerEvent: {}
[92.843685] (-) TimerEvent: {}
[92.943874] (-) TimerEvent: {}
[93.044060] (-) TimerEvent: {}
[93.144266] (-) TimerEvent: {}
[93.244511] (-) TimerEvent: {}
[93.344743] (-) TimerEvent: {}
[93.444953] (-) TimerEvent: {}
[93.545167] (-) TimerEvent: {}
[93.645364] (-) TimerEvent: {}
[93.745570] (-) TimerEvent: {}
[93.845783] (-) TimerEvent: {}
[93.945976] (-) TimerEvent: {}
[94.046191] (-) TimerEvent: {}
[94.146438] (-) TimerEvent: {}
[94.246662] (-) TimerEvent: {}
[94.346875] (-) TimerEvent: {}
[94.447176] (-) TimerEvent: {}
[94.547443] (-) TimerEvent: {}
[94.648152] (-) TimerEvent: {}
[94.750295] (-) TimerEvent: {}
[94.850603] (-) TimerEvent: {}
[94.950817] (-) TimerEvent: {}
[95.051020] (-) TimerEvent: {}
[95.151230] (-) TimerEvent: {}
[95.251438] (-) TimerEvent: {}
[95.351607] (-) TimerEvent: {}
[95.451781] (-) TimerEvent: {}
[95.552003] (-) TimerEvent: {}
[95.652185] (-) TimerEvent: {}
[95.752342] (-) TimerEvent: {}
[95.841421] (micro_ros_agent) StdoutLine: {'line': b'[ 69%] Building CXX object CMakeFiles/microxrcedds_agent.dir/src/cpp/transport/discovery/DiscoveryServer.cpp.o\n'}
[95.852431] (-) TimerEvent: {}
[95.952581] (-) TimerEvent: {}
[96.052769] (-) TimerEvent: {}
[96.153018] (-) TimerEvent: {}
[96.253232] (-) TimerEvent: {}
[96.353448] (-) TimerEvent: {}
[96.453656] (-) TimerEvent: {}
[96.541996] (micro_ros_agent) StdoutLine: {'line': b'[ 71%] Building CXX object CMakeFiles/microxrcedds_agent.dir/src/cpp/types/TopicPubSubType.cpp.o\n'}
[96.553768] (-) TimerEvent: {}
[96.653945] (-) TimerEvent: {}
[96.754181] (-) TimerEvent: {}
[96.854394] (-) TimerEvent: {}
[96.954554] (-) TimerEvent: {}
[97.054748] (-) TimerEvent: {}
[97.154963] (-) TimerEvent: {}
[97.255161] (-) TimerEvent: {}
[97.355380] (-) TimerEvent: {}
[97.455569] (-) TimerEvent: {}
[97.555769] (-) TimerEvent: {}
[97.655954] (-) TimerEvent: {}
[97.756151] (-) TimerEvent: {}
[97.856325] (-) TimerEvent: {}
[97.956501] (-) TimerEvent: {}
[98.041330] (micro_ros_agent) StdoutLine: {'line': b'[ 73%] Building CXX object CMakeFiles/microxrcedds_agent.dir/src/cpp/xmlobjects/xmlobjects.cpp.o\n'}
[98.056600] (-) TimerEvent: {}
[98.156817] (-) TimerEvent: {}
[98.256964] (-) TimerEvent: {}
[98.357145] (-) TimerEvent: {}
[98.457364] (-) TimerEvent: {}
[98.557586] (-) TimerEvent: {}
[98.657751] (-) TimerEvent: {}
[98.757940] (-) TimerEvent: {}
[98.858140] (-) TimerEvent: {}
[98.958361] (-) TimerEvent: {}
[99.058556] (-) TimerEvent: {}
[99.158747] (-) TimerEvent: {}
[99.258928] (-) TimerEvent: {}
[99.359107] (-) TimerEvent: {}
[99.459321] (-) TimerEvent: {}
[99.559539] (-) TimerEvent: {}
[99.659737] (-) TimerEvent: {}
[99.759934] (-) TimerEvent: {}
[99.860135] (-) TimerEvent: {}
[99.960356] (-) TimerEvent: {}
[100.060582] (-) TimerEvent: {}
[100.160786] (-) TimerEvent: {}
[100.260996] (-) TimerEvent: {}
[100.361198] (-) TimerEvent: {}
[100.461429] (-) TimerEvent: {}
[100.561605] (-) TimerEvent: {}
[100.661780] (-) TimerEvent: {}
[100.694902] (micro_ros_agent) StdoutLine: {'line': b'[ 76%] Building CXX object CMakeFiles/microxrcedds_agent.dir/src/cpp/middleware/fast/FastEntities.cpp.o\n'}
[100.761878] (-) TimerEvent: {}
[100.862074] (-) TimerEvent: {}
[100.962317] (-) TimerEvent: {}
[101.062508] (-) TimerEvent: {}
[101.162746] (-) TimerEvent: {}
[101.262963] (-) TimerEvent: {}
[101.363162] (-) TimerEvent: {}
[101.463363] (-) TimerEvent: {}
[101.563529] (-) TimerEvent: {}
[101.663746] (-) TimerEvent: {}
[101.763986] (-) TimerEvent: {}
[101.864194] (-) TimerEvent: {}
[101.964394] (-) TimerEvent: {}
[102.064643] (-) TimerEvent: {}
[102.164934] (-) TimerEvent: {}
[102.265149] (-) TimerEvent: {}
[102.365508] (-) TimerEvent: {}
[102.465930] (-) TimerEvent: {}
[102.566145] (-) TimerEvent: {}
[102.666375] (-) TimerEvent: {}
[102.766542] (-) TimerEvent: {}
[102.866735] (-) TimerEvent: {}
[102.966959] (-) TimerEvent: {}
[103.067144] (-) TimerEvent: {}
[103.167298] (-) TimerEvent: {}
[103.267432] (-) TimerEvent: {}
[103.367629] (-) TimerEvent: {}
[103.467847] (-) TimerEvent: {}
[103.568045] (-) TimerEvent: {}
[103.668240] (-) TimerEvent: {}
[103.768434] (-) TimerEvent: {}
[103.868620] (-) TimerEvent: {}
[103.968846] (-) TimerEvent: {}
[104.069114] (-) TimerEvent: {}
[104.169463] (-) TimerEvent: {}
[104.269700] (-) TimerEvent: {}
[104.369898] (-) TimerEvent: {}
[104.470101] (-) TimerEvent: {}
[104.570294] (-) TimerEvent: {}
[104.670477] (-) TimerEvent: {}
[104.770685] (-) TimerEvent: {}
[104.870850] (-) TimerEvent: {}
[104.971102] (-) TimerEvent: {}
[105.072497] (-) TimerEvent: {}
[105.172724] (-) TimerEvent: {}
[105.273433] (-) TimerEvent: {}
[105.374533] (-) TimerEvent: {}
[105.474745] (-) TimerEvent: {}
[105.574997] (-) TimerEvent: {}
[105.675194] (-) TimerEvent: {}
[105.775414] (-) TimerEvent: {}
[105.875693] (-) TimerEvent: {}
[105.975869] (-) TimerEvent: {}
[106.076087] (-) TimerEvent: {}
[106.176400] (-) TimerEvent: {}
[106.276602] (-) TimerEvent: {}
[106.376823] (-) TimerEvent: {}
[106.477150] (-) TimerEvent: {}
[106.577373] (-) TimerEvent: {}
[106.677541] (-) TimerEvent: {}
[106.777774] (-) TimerEvent: {}
[106.878046] (-) TimerEvent: {}
[106.978347] (-) TimerEvent: {}
[106.987359] (micro_ros_agent) StdoutLine: {'line': b'[ 80%] Building CXX object CMakeFiles/microxrcedds_agent.dir/src/cpp/transport/serial/MultiTermiosAgentLinux.cpp.o\n'}
[106.987751] (micro_ros_agent) StdoutLine: {'line': b'[ 80%] Building CXX object CMakeFiles/microxrcedds_agent.dir/src/cpp/middleware/fast/FastMiddleware.cpp.o\n'}
[107.078397] (-) TimerEvent: {}
[107.178711] (-) TimerEvent: {}
[107.279019] (-) TimerEvent: {}
[107.379225] (-) TimerEvent: {}
[107.479422] (-) TimerEvent: {}
[107.579616] (-) TimerEvent: {}
[107.679976] (-) TimerEvent: {}
[107.780133] (-) TimerEvent: {}
[107.880310] (-) TimerEvent: {}
[107.980505] (-) TimerEvent: {}
[107.998768] (micro_ros_agent) StdoutLine: {'line': b'[ 85%] Building CXX object CMakeFiles/microxrcedds_agent.dir/src/cpp/middleware/fastdds/FastDDSEntities.cpp.o\n'}
[107.999025] (micro_ros_agent) StdoutLine: {'line': b'[ 85%] Building CXX object CMakeFiles/microxrcedds_agent.dir/src/cpp/transport/serial/MultiSerialAgentLinux.cpp.o\n'}
[108.080613] (-) TimerEvent: {}
[108.180803] (-) TimerEvent: {}
[108.281017] (-) TimerEvent: {}
[108.381218] (-) TimerEvent: {}
[108.481476] (-) TimerEvent: {}
[108.583419] (-) TimerEvent: {}
[108.683632] (-) TimerEvent: {}
[108.783937] (-) TimerEvent: {}
[108.884186] (-) TimerEvent: {}
[108.984400] (-) TimerEvent: {}
[109.017004] (micro_ros_agent) StdoutLine: {'line': b'[ 90%] Building CXX object CMakeFiles/microxrcedds_agent.dir/src/cpp/transport/serial/SerialAgentLinux.cpp.o\n'}
[109.017311] (micro_ros_agent) StdoutLine: {'line': b'[ 90%] Building CXX object CMakeFiles/microxrcedds_agent.dir/src/cpp/transport/serial/TermiosAgentLinux.cpp.o\n'}
[109.085374] (-) TimerEvent: {}
[109.185620] (-) TimerEvent: {}
[109.286531] (-) TimerEvent: {}
[109.386780] (-) TimerEvent: {}
[109.486987] (-) TimerEvent: {}
[109.587221] (-) TimerEvent: {}
[109.687471] (-) TimerEvent: {}
[109.787694] (-) TimerEvent: {}
[109.887911] (-) TimerEvent: {}
[109.988219] (-) TimerEvent: {}
[110.039747] (micro_ros_agent) StdoutLine: {'line': b'[ 92%] Building CXX object CMakeFiles/microxrcedds_agent.dir/src/cpp/transport/stream_framing/StreamFramingProtocol.cpp.o\n'}
[110.049633] (micro_ros_agent) StdoutLine: {'line': b'[ 95%] Building CXX object CMakeFiles/microxrcedds_agent.dir/src/cpp/transport/Server.cpp.o\n'}
[110.088363] (-) TimerEvent: {}
[110.191035] (-) TimerEvent: {}
[110.291539] (-) TimerEvent: {}
[110.391953] (-) TimerEvent: {}
[110.492412] (-) TimerEvent: {}
[110.594932] (-) TimerEvent: {}
[110.695498] (-) TimerEvent: {}
[110.798553] (-) TimerEvent: {}
[110.898807] (-) TimerEvent: {}
[110.900989] (micro_ros_agent) StdoutLine: {'line': b'[ 97%] Building CXX object CMakeFiles/microxrcedds_agent.dir/src/cpp/middleware/fastdds/FastDDSMiddleware.cpp.o\n'}
[110.998933] (-) TimerEvent: {}
[111.101597] (-) TimerEvent: {}
[111.201819] (-) TimerEvent: {}
[111.302127] (-) TimerEvent: {}
[111.402431] (-) TimerEvent: {}
[111.503444] (-) TimerEvent: {}
[111.603692] (-) TimerEvent: {}
[111.706416] (-) TimerEvent: {}
[111.806641] (-) TimerEvent: {}
[111.906863] (-) TimerEvent: {}
[112.007114] (-) TimerEvent: {}
[112.109823] (-) TimerEvent: {}
[112.210161] (-) TimerEvent: {}
[112.310412] (-) TimerEvent: {}
[112.412605] (-) TimerEvent: {}
[112.512840] (-) TimerEvent: {}
[112.613072] (-) TimerEvent: {}
[112.713582] (-) TimerEvent: {}
[112.814107] (-) TimerEvent: {}
[112.914608] (-) TimerEvent: {}
[113.016559] (-) TimerEvent: {}
[113.116794] (-) TimerEvent: {}
[113.217753] (-) TimerEvent: {}
[113.318009] (-) TimerEvent: {}
[113.423162] (-) TimerEvent: {}
[113.529430] (-) TimerEvent: {}
[113.632592] (-) TimerEvent: {}
[113.736422] (-) TimerEvent: {}
[113.843317] (-) TimerEvent: {}
[113.943623] (-) TimerEvent: {}
[114.043893] (-) TimerEvent: {}
[114.144211] (-) TimerEvent: {}
[114.244916] (-) TimerEvent: {}
[114.345134] (-) TimerEvent: {}
[114.446232] (-) TimerEvent: {}
[114.546428] (-) TimerEvent: {}
[114.646978] (-) TimerEvent: {}
[114.747531] (-) TimerEvent: {}
[114.848009] (-) TimerEvent: {}
[114.951803] (-) TimerEvent: {}
[115.052176] (-) TimerEvent: {}
[115.154441] (-) TimerEvent: {}
[115.254702] (-) TimerEvent: {}
[115.355000] (-) TimerEvent: {}
[115.455244] (-) TimerEvent: {}
[115.555788] (-) TimerEvent: {}
[115.656983] (-) TimerEvent: {}
[115.757214] (-) TimerEvent: {}
[115.857463] (-) TimerEvent: {}
[115.957796] (-) TimerEvent: {}
[116.059657] (-) TimerEvent: {}
[116.159890] (-) TimerEvent: {}
[116.260124] (-) TimerEvent: {}
[116.360463] (-) TimerEvent: {}
[116.462576] (-) TimerEvent: {}
[116.562805] (-) TimerEvent: {}
[116.663062] (-) TimerEvent: {}
[116.763285] (-) TimerEvent: {}
[116.863953] (-) TimerEvent: {}
[116.968454] (-) TimerEvent: {}
[117.069008] (-) TimerEvent: {}
[117.171386] (-) TimerEvent: {}
[117.272794] (-) TimerEvent: {}
[117.374509] (-) TimerEvent: {}
[117.476805] (-) TimerEvent: {}
[117.577089] (-) TimerEvent: {}
[117.678522] (-) TimerEvent: {}
[117.778780] (-) TimerEvent: {}
[117.879018] (-) TimerEvent: {}
[117.979243] (-) TimerEvent: {}
[118.079518] (-) TimerEvent: {}
[118.180085] (-) TimerEvent: {}
[118.280328] (-) TimerEvent: {}
[118.380523] (-) TimerEvent: {}
[118.480708] (-) TimerEvent: {}
[118.580941] (-) TimerEvent: {}
[118.681180] (-) TimerEvent: {}
[118.781414] (-) TimerEvent: {}
[118.881610] (-) TimerEvent: {}
[118.981845] (-) TimerEvent: {}
[119.082070] (-) TimerEvent: {}
[119.182293] (-) TimerEvent: {}
[119.282507] (-) TimerEvent: {}
[119.382715] (-) TimerEvent: {}
[119.482973] (-) TimerEvent: {}
[119.583199] (-) TimerEvent: {}
[119.683431] (-) TimerEvent: {}
[119.783638] (-) TimerEvent: {}
[119.883845] (-) TimerEvent: {}
[119.984052] (-) TimerEvent: {}
[120.084276] (-) TimerEvent: {}
[120.184499] (-) TimerEvent: {}
[120.284707] (-) TimerEvent: {}
[120.384918] (-) TimerEvent: {}
[120.485133] (-) TimerEvent: {}
[120.585368] (-) TimerEvent: {}
[120.685570] (-) TimerEvent: {}
[120.785785] (-) TimerEvent: {}
[120.886018] (-) TimerEvent: {}
[120.986240] (-) TimerEvent: {}
[121.086404] (-) TimerEvent: {}
[121.186605] (-) TimerEvent: {}
[121.286820] (-) TimerEvent: {}
[121.387151] (-) TimerEvent: {}
[121.487603] (-) TimerEvent: {}
[121.588145] (-) TimerEvent: {}
[121.688579] (-) TimerEvent: {}
[121.789191] (-) TimerEvent: {}
[121.889780] (-) TimerEvent: {}
[121.990319] (-) TimerEvent: {}
[122.090729] (-) TimerEvent: {}
[122.191100] (-) TimerEvent: {}
[122.291385] (-) TimerEvent: {}
[122.391681] (-) TimerEvent: {}
[122.491975] (-) TimerEvent: {}
[122.592319] (-) TimerEvent: {}
[122.692771] (-) TimerEvent: {}
[122.795654] (-) TimerEvent: {}
[122.895864] (-) TimerEvent: {}
[122.996237] (-) TimerEvent: {}
[123.096572] (-) TimerEvent: {}
[123.196822] (-) TimerEvent: {}
[123.297057] (-) TimerEvent: {}
[123.397286] (-) TimerEvent: {}
[123.497434] (-) TimerEvent: {}
[123.597582] (-) TimerEvent: {}
[123.697770] (-) TimerEvent: {}
[123.797951] (-) TimerEvent: {}
[123.898137] (-) TimerEvent: {}
[123.998323] (-) TimerEvent: {}
[124.098479] (-) TimerEvent: {}
[124.198634] (-) TimerEvent: {}
[124.298835] (-) TimerEvent: {}
[124.399023] (-) TimerEvent: {}
[124.499217] (-) TimerEvent: {}
[124.599420] (-) TimerEvent: {}
[124.699629] (-) TimerEvent: {}
[124.799803] (-) TimerEvent: {}
[124.899986] (-) TimerEvent: {}
[125.000175] (-) TimerEvent: {}
[125.100372] (-) TimerEvent: {}
[125.200523] (-) TimerEvent: {}
[125.300705] (-) TimerEvent: {}
[125.400887] (-) TimerEvent: {}
[125.501075] (-) TimerEvent: {}
[125.601289] (-) TimerEvent: {}
[125.701422] (-) TimerEvent: {}
[125.801578] (-) TimerEvent: {}
[125.901753] (-) TimerEvent: {}
[126.000870] (micro_ros_agent) StdoutLine: {'line': b'[100%] Linking CXX shared library libmicroxrcedds_agent.so\n'}
[126.001819] (-) TimerEvent: {}
[126.102007] (-) TimerEvent: {}
[126.202238] (-) TimerEvent: {}
[126.302417] (-) TimerEvent: {}
[126.343232] (micro_ros_agent) StdoutLine: {'line': b'[100%] Built target microxrcedds_agent\n'}
[126.368645] (micro_ros_agent) StdoutLine: {'line': b"No install step for 'uagent'\n"}
[126.395826] (micro_ros_agent) StdoutLine: {'line': b"Completed 'uagent'\n"}
[126.402575] (-) TimerEvent: {}
[126.436668] (micro_ros_agent) StdoutLine: {'line': b'Built target uagent\n'}
[126.464862] (micro_ros_agent) StdoutLine: {'line': b"[ 43%] Performing install step for 'xrceagent'\n"}
[126.502836] (-) TimerEvent: {}
[126.584323] (micro_ros_agent) StdoutLine: {'line': b'[100%] Built target microxrcedds_agent\n'}
[126.602927] (-) TimerEvent: {}
[126.603391] (micro_ros_agent) StdoutLine: {'line': b'Install the project...\n'}
[126.612833] (micro_ros_agent) StdoutLine: {'line': b'-- Install configuration: "Release"\n'}
[126.613067] (micro_ros_agent) StdoutLine: {'line': b'-- Installing: /home/yunusdanabas/as_robotics/microros_ws/install/micro_ros_agent/lib/libmicroxrcedds_agent.so.2.4.3\n'}
[126.615403] (micro_ros_agent) StdoutLine: {'line': b'-- Installing: /home/yunusdanabas/as_robotics/microros_ws/install/micro_ros_agent/lib/libmicroxrcedds_agent.so.2.4\n'}
[126.615765] (micro_ros_agent) StdoutLine: {'line': b'-- Set non-toolchain portion of runtime path of "/home/yunusdanabas/as_robotics/microros_ws/install/micro_ros_agent/lib/libmicroxrcedds_agent.so.2.4.3" to ""\n'}
[126.615920] (micro_ros_agent) StdoutLine: {'line': b'-- Installing: /home/yunusdanabas/as_robotics/microros_ws/install/micro_ros_agent/lib/libmicroxrcedds_agent.so\n'}
[126.616163] (micro_ros_agent) StdoutLine: {'line': b'-- Installing: /home/yunusdanabas/as_robotics/microros_ws/install/micro_ros_agent/include/uxr/agent\n'}
[126.616367] (micro_ros_agent) StdoutLine: {'line': b'-- Installing: /home/yunusdanabas/as_robotics/microros_ws/install/micro_ros_agent/include/uxr/agent/logger\n'}
[126.616587] (micro_ros_agent) StdoutLine: {'line': b'-- Installing: /home/yunusdanabas/as_robotics/microros_ws/install/micro_ros_agent/include/uxr/agent/logger/Logger.hpp\n'}
[126.616791] (micro_ros_agent) StdoutLine: {'line': b'-- Installing: /home/yunusdanabas/as_robotics/microros_ws/install/micro_ros_agent/include/uxr/agent/Root.hpp\n'}
[126.616924] (micro_ros_agent) StdoutLine: {'line': b'-- Installing: /home/yunusdanabas/as_robotics/microros_ws/install/micro_ros_agent/include/uxr/agent/datawriter\n'}
[126.617151] (micro_ros_agent) StdoutLine: {'line': b'-- Installing: /home/yunusdanabas/as_robotics/microros_ws/install/micro_ros_agent/include/uxr/agent/datawriter/DataWriter.hpp\n'}
[126.617350] (micro_ros_agent) StdoutLine: {'line': b'-- Installing: /home/yunusdanabas/as_robotics/microros_ws/install/micro_ros_agent/include/uxr/agent/middleware\n'}
[126.617507] (micro_ros_agent) StdoutLine: {'line': b'-- Installing: /home/yunusdanabas/as_robotics/microros_ws/install/micro_ros_agent/include/uxr/agent/middleware/ced\n'}
[126.617683] (micro_ros_agent) StdoutLine: {'line': b'-- Installing: /home/yunusdanabas/as_robotics/microros_ws/install/micro_ros_agent/include/uxr/agent/middleware/ced/CedEntities.hpp\n'}
[126.617887] (micro_ros_agent) StdoutLine: {'line': b'-- Installing: /home/yunusdanabas/as_robotics/microros_ws/install/micro_ros_agent/include/uxr/agent/middleware/ced/CedMiddleware.hpp\n'}
[126.618056] (micro_ros_agent) StdoutLine: {'line': b'-- Installing: /home/yunusdanabas/as_robotics/microros_ws/install/micro_ros_agent/include/uxr/agent/middleware/fastdds\n'}
[126.618250] (micro_ros_agent) StdoutLine: {'line': b'-- Installing: /home/yunusdanabas/as_robotics/microros_ws/install/micro_ros_agent/include/uxr/agent/middleware/fastdds/FastDDSEntities.hpp\n'}
[126.618483] (micro_ros_agent) StdoutLine: {'line': b'-- Installing: /home/yunusdanabas/as_robotics/microros_ws/install/micro_ros_agent/include/uxr/agent/middleware/fastdds/FastDDSMiddleware.hpp\n'}
[126.618649] (micro_ros_agent) StdoutLine: {'line': b'-- Installing: /home/yunusdanabas/as_robotics/microros_ws/install/micro_ros_agent/include/uxr/agent/middleware/utils\n'}
[126.618836] (micro_ros_agent) StdoutLine: {'line': b'-- Installing: /home/yunusdanabas/as_robotics/microros_ws/install/micro_ros_agent/include/uxr/agent/middleware/utils/Callbacks.hpp\n'}
[126.618993] (micro_ros_agent) StdoutLine: {'line': b'-- Installing: /home/yunusdanabas/as_robotics/microros_ws/install/micro_ros_agent/include/uxr/agent/middleware/fast\n'}
[126.619192] (micro_ros_agent) StdoutLine: {'line': b'-- Installing: /home/yunusdanabas/as_robotics/microros_ws/install/micro_ros_agent/include/uxr/agent/middleware/fast/FastEntities.hpp\n'}
[126.619497] (micro_ros_agent) StdoutLine: {'line': b'-- Installing: /home/yunusdanabas/as_robotics/microros_ws/install/micro_ros_agent/include/uxr/agent/middleware/fast/FastMiddleware.hpp\n'}
[126.619826] (micro_ros_agent) StdoutLine: {'line': b'-- Installing: /home/yunusdanabas/as_robotics/microros_ws/install/micro_ros_agent/include/uxr/agent/middleware/Middleware.hpp\n'}
[126.620130] (micro_ros_agent) StdoutLine: {'line': b'-- Installing: /home/yunusdanabas/as_robotics/microros_ws/install/micro_ros_agent/include/uxr/agent/transport\n'}
[126.620326] (micro_ros_agent) StdoutLine: {'line': b'-- Installing: /home/yunusdanabas/as_robotics/microros_ws/install/micro_ros_agent/include/uxr/agent/transport/discovery\n'}
[126.620625] (micro_ros_agent) StdoutLine: {'line': b'-- Installing: /home/yunusdanabas/as_robotics/microros_ws/install/micro_ros_agent/include/uxr/agent/transport/discovery/DiscoveryServer.hpp\n'}
[126.620768] (micro_ros_agent) StdoutLine: {'line': b'-- Installing: /home/yunusdanabas/as_robotics/microros_ws/install/micro_ros_agent/include/uxr/agent/transport/discovery/DiscoveryServerWindows.hpp\n'}
[126.620905] (micro_ros_agent) StdoutLine: {'line': b'-- Installing: /home/yunusdanabas/as_robotics/microros_ws/install/micro_ros_agent/include/uxr/agent/transport/discovery/DiscoveryServerLinux.hpp\n'}
[126.621042] (micro_ros_agent) StdoutLine: {'line': b'-- Installing: /home/yunusdanabas/as_robotics/microros_ws/install/micro_ros_agent/include/uxr/agent/transport/Server.hpp\n'}
[126.621200] (micro_ros_agent) StdoutLine: {'line': b'-- Installing: /home/yunusdanabas/as_robotics/microros_ws/install/micro_ros_agent/include/uxr/agent/transport/TransportRc.hpp\n'}
[126.621332] (micro_ros_agent) StdoutLine: {'line': b'-- Installing: /home/yunusdanabas/as_robotics/microros_ws/install/micro_ros_agent/include/uxr/agent/transport/custom\n'}
[126.621681] (micro_ros_agent) StdoutLine: {'line': b'-- Installing: /home/yunusdanabas/as_robotics/microros_ws/install/micro_ros_agent/include/uxr/agent/transport/custom/CustomAgent.hpp\n'}
[126.621945] (micro_ros_agent) StdoutLine: {'line': b'-- Installing: /home/yunusdanabas/as_robotics/microros_ws/install/micro_ros_agent/include/uxr/agent/transport/udp\n'}
[126.622089] (micro_ros_agent) StdoutLine: {'line': b'-- Installing: /home/yunusdanabas/as_robotics/microros_ws/install/micro_ros_agent/include/uxr/agent/transport/udp/UDPv4AgentWindows.hpp\n'}
[126.622214] (micro_ros_agent) StdoutLine: {'line': b'-- Installing: /home/yunusdanabas/as_robotics/microros_ws/install/micro_ros_agent/include/uxr/agent/transport/udp/UDPv6AgentWindows.hpp\n'}
[126.622345] (micro_ros_agent) StdoutLine: {'line': b'-- Installing: /home/yunusdanabas/as_robotics/microros_ws/install/micro_ros_agent/include/uxr/agent/transport/udp/UDPv4AgentLinux.hpp\n'}
[126.622698] (micro_ros_agent) StdoutLine: {'line': b'-- Installing: /home/yunusdanabas/as_robotics/microros_ws/install/micro_ros_agent/include/uxr/agent/transport/udp/UDPv6AgentLinux.hpp\n'}
[126.622903] (micro_ros_agent) StdoutLine: {'line': b'-- Installing: /home/yunusdanabas/as_robotics/microros_ws/install/micro_ros_agent/include/uxr/agent/transport/stream_framing\n'}
[126.623101] (micro_ros_agent) StdoutLine: {'line': b'-- Installing: /home/yunusdanabas/as_robotics/microros_ws/install/micro_ros_agent/include/uxr/agent/transport/stream_framing/StreamFramingProtocol.hpp\n'}
[126.623264] (micro_ros_agent) StdoutLine: {'line': b'-- Installing: /home/yunusdanabas/as_robotics/microros_ws/install/micro_ros_agent/include/uxr/agent/transport/util\n'}
[126.623407] (micro_ros_agent) StdoutLine: {'line': b'-- Installing: /home/yunusdanabas/as_robotics/microros_ws/install/micro_ros_agent/include/uxr/agent/transport/util/InterfaceLinux.hpp\n'}
[126.623629] (micro_ros_agent) StdoutLine: {'line': b'-- Installing: /home/yunusdanabas/as_robotics/microros_ws/install/micro_ros_agent/include/uxr/agent/transport/util/InterfaceWindows.hpp\n'}
[126.623869] (micro_ros_agent) StdoutLine: {'line': b'-- Installing: /home/yunusdanabas/as_robotics/microros_ws/install/micro_ros_agent/include/uxr/agent/transport/can\n'}
[126.624035] (micro_ros_agent) StdoutLine: {'line': b'-- Installing: /home/yunusdanabas/as_robotics/microros_ws/install/micro_ros_agent/include/uxr/agent/transport/can/CanAgentLinux.hpp\n'}
[126.624197] (micro_ros_agent) StdoutLine: {'line': b'-- Installing: /home/yunusdanabas/as_robotics/microros_ws/install/micro_ros_agent/include/uxr/agent/transport/tcp\n'}
[126.624421] (micro_ros_agent) StdoutLine: {'line': b'-- Installing: /home/yunusdanabas/as_robotics/microros_ws/install/micro_ros_agent/include/uxr/agent/transport/tcp/TCPv4AgentLinux.hpp\n'}
[126.624663] (micro_ros_agent) StdoutLine: {'line': b'-- Installing: /home/yunusdanabas/as_robotics/microros_ws/install/micro_ros_agent/include/uxr/agent/transport/tcp/TCPv6AgentLinux.hpp\n'}
[126.624848] (micro_ros_agent) StdoutLine: {'line': b'-- Installing: /home/yunusdanabas/as_robotics/microros_ws/install/micro_ros_agent/include/uxr/agent/transport/tcp/TCPServerBase.hpp\n'}
[126.625039] (micro_ros_agent) StdoutLine: {'line': b'-- Installing: /home/yunusdanabas/as_robotics/microros_ws/install/micro_ros_agent/include/uxr/agent/transport/tcp/TCPv6AgentWindows.hpp\n'}
[126.625238] (micro_ros_agent) StdoutLine: {'line': b'-- Installing: /home/yunusdanabas/as_robotics/microros_ws/install/micro_ros_agent/include/uxr/agent/transport/tcp/TCPConnection.hpp\n'}
[126.625439] (micro_ros_agent) StdoutLine: {'line': b'-- Installing: /home/yunusdanabas/as_robotics/microros_ws/install/micro_ros_agent/include/uxr/agent/transport/tcp/TCPv4AgentWindows.hpp\n'}
[126.625642] (micro_ros_agent) StdoutLine: {'line': b'-- Installing: /home/yunusdanabas/as_robotics/microros_ws/install/micro_ros_agent/include/uxr/agent/transport/p2p\n'}
[126.625851] (micro_ros_agent) StdoutLine: {'line': b'-- Installing: /home/yunusdanabas/as_robotics/microros_ws/install/micro_ros_agent/include/uxr/agent/transport/p2p/AgentDiscovererLinux.hpp\n'}
[126.626062] (micro_ros_agent) StdoutLine: {'line': b'-- Installing: /home/yunusdanabas/as_robotics/microros_ws/install/micro_ros_agent/include/uxr/agent/transport/p2p/AgentDiscoverer.hpp\n'}
[126.626220] (micro_ros_agent) StdoutLine: {'line': b'-- Installing: /home/yunusdanabas/as_robotics/microros_ws/install/micro_ros_agent/include/uxr/agent/transport/endpoint\n'}
[126.626453] (micro_ros_agent) StdoutLine: {'line': b'-- Installing: /home/yunusdanabas/as_robotics/microros_ws/install/micro_ros_agent/include/uxr/agent/transport/endpoint/CustomEndPoint.hpp\n'}
[126.626634] (micro_ros_agent) StdoutLine: {'line': b'-- Installing: /home/yunusdanabas/as_robotics/microros_ws/install/micro_ros_agent/include/uxr/agent/transport/endpoint/CanEndPoint.hpp\n'}
[126.626857] (micro_ros_agent) StdoutLine: {'line': b'-- Installing: /home/yunusdanabas/as_robotics/microros_ws/install/micro_ros_agent/include/uxr/agent/transport/endpoint/IPv6EndPoint.hpp\n'}
[126.627036] (micro_ros_agent) StdoutLine: {'line': b'-- Installing: /home/yunusdanabas/as_robotics/microros_ws/install/micro_ros_agent/include/uxr/agent/transport/endpoint/SerialEndPoint.hpp\n'}
[126.627172] (micro_ros_agent) StdoutLine: {'line': b'-- Installing: /home/yunusdanabas/as_robotics/microros_ws/install/micro_ros_agent/include/uxr/agent/transport/endpoint/MultiSerialEndPoint.hpp\n'}
[126.627305] (micro_ros_agent) StdoutLine: {'line': b'-- Installing: /home/yunusdanabas/as_robotics/microros_ws/install/micro_ros_agent/include/uxr/agent/transport/endpoint/IPv4EndPoint.hpp\n'}
[126.627516] (micro_ros_agent) StdoutLine: {'line': b'-- Installing: /home/yunusdanabas/as_robotics/microros_ws/install/micro_ros_agent/include/uxr/agent/transport/serial\n'}
[126.627697] (micro_ros_agent) StdoutLine: {'line': b'-- Installing: /home/yunusdanabas/as_robotics/microros_ws/install/micro_ros_agent/include/uxr/agent/transport/serial/MultiSerialAgentLinux.hpp\n'}
[126.627863] (micro_ros_agent) StdoutLine: {'line': b'-- Installing: /home/yunusdanabas/as_robotics/microros_ws/install/micro_ros_agent/include/uxr/agent/transport/serial/baud_rate_table_linux.h\n'}
[126.627995] (micro_ros_agent) StdoutLine: {'line': b'-- Installing: /home/yunusdanabas/as_robotics/microros_ws/install/micro_ros_agent/include/uxr/agent/transport/serial/SerialAgentLinux.hpp\n'}
[126.628239] (micro_ros_agent) StdoutLine: {'line': b'-- Installing: /home/yunusdanabas/as_robotics/microros_ws/install/micro_ros_agent/include/uxr/agent/transport/serial/TermiosAgentLinux.hpp\n'}
[126.628425] (micro_ros_agent) StdoutLine: {'line': b'-- Installing: /home/yunusdanabas/as_robotics/microros_ws/install/micro_ros_agent/include/uxr/agent/transport/serial/MultiTermiosAgentLinux.hpp\n'}
[126.628638] (micro_ros_agent) StdoutLine: {'line': b'-- Installing: /home/yunusdanabas/as_robotics/microros_ws/install/micro_ros_agent/include/uxr/agent/transport/serial/PseudoTerminalAgentLinux.hpp\n'}
[126.628861] (micro_ros_agent) StdoutLine: {'line': b'-- Installing: /home/yunusdanabas/as_robotics/microros_ws/install/micro_ros_agent/include/uxr/agent/transport/SessionManager.hpp\n'}
[126.629050] (micro_ros_agent) StdoutLine: {'line': b'-- Installing: /home/yunusdanabas/as_robotics/microros_ws/install/micro_ros_agent/include/uxr/agent/topic\n'}
[126.629195] (micro_ros_agent) StdoutLine: {'line': b'-- Installing: /home/yunusdanabas/as_robotics/microros_ws/install/micro_ros_agent/include/uxr/agent/topic/Topic.hpp\n'}
[126.629349] (micro_ros_agent) StdoutLine: {'line': b'-- Installing: /home/yunusdanabas/as_robotics/microros_ws/install/micro_ros_agent/include/uxr/agent/AgentInstance.hpp\n'}
[126.629609] (micro_ros_agent) StdoutLine: {'line': b'-- Installing: /home/yunusdanabas/as_robotics/microros_ws/install/micro_ros_agent/include/uxr/agent/utils\n'}
[126.629767] (micro_ros_agent) StdoutLine: {'line': b'-- Installing: /home/yunusdanabas/as_robotics/microros_ws/install/micro_ros_agent/include/uxr/agent/utils/Time.hpp\n'}
[126.629902] (micro_ros_agent) StdoutLine: {'line': b'-- Installing: /home/yunusdanabas/as_robotics/microros_ws/install/micro_ros_agent/include/uxr/agent/utils/Color.hpp\n'}
[126.630211] (micro_ros_agent) StdoutLine: {'line': b'-- Installing: /home/yunusdanabas/as_robotics/microros_ws/install/micro_ros_agent/include/uxr/agent/utils/Conversion.hpp\n'}
[126.630432] (micro_ros_agent) StdoutLine: {'line': b'-- Installing: /home/yunusdanabas/as_robotics/microros_ws/install/micro_ros_agent/include/uxr/agent/utils/TokenBucket.hpp\n'}
[126.630612] (micro_ros_agent) StdoutLine: {'line': b'-- Installing: /home/yunusdanabas/as_robotics/microros_ws/install/micro_ros_agent/include/uxr/agent/utils/SharedMutex.hpp\n'}
[126.630847] (micro_ros_agent) StdoutLine: {'line': b'-- Installing: /home/yunusdanabas/as_robotics/microros_ws/install/micro_ros_agent/include/uxr/agent/utils/SharedMutexPriority.hpp\n'}
[126.631022] (micro_ros_agent) StdoutLine: {'line': b'-- Installing: /home/yunusdanabas/as_robotics/microros_ws/install/micro_ros_agent/include/uxr/agent/utils/Functions.hpp\n'}
[126.631159] (micro_ros_agent) StdoutLine: {'line': b'-- Installing: /home/yunusdanabas/as_robotics/microros_ws/install/micro_ros_agent/include/uxr/agent/utils/SeqNum.hpp\n'}
[126.631345] (micro_ros_agent) StdoutLine: {'line': b'-- Installing: /home/yunusdanabas/as_robotics/microros_ws/install/micro_ros_agent/include/uxr/agent/utils/ArgumentParser.hpp\n'}
[126.631537] (micro_ros_agent) StdoutLine: {'line': b'-- Installing: /home/yunusdanabas/as_robotics/microros_ws/install/micro_ros_agent/include/uxr/agent/Agent.hpp\n'}
[126.631716] (micro_ros_agent) StdoutLine: {'line': b'-- Installing: /home/yunusdanabas/as_robotics/microros_ws/install/micro_ros_agent/include/uxr/agent/scheduler\n'}
[126.631894] (micro_ros_agent) StdoutLine: {'line': b'-- Installing: /home/yunusdanabas/as_robotics/microros_ws/install/micro_ros_agent/include/uxr/agent/scheduler/PacketScheduler.hpp\n'}
[126.632072] (micro_ros_agent) StdoutLine: {'line': b'-- Installing: /home/yunusdanabas/as_robotics/microros_ws/install/micro_ros_agent/include/uxr/agent/scheduler/Scheduler.hpp\n'}
[126.632248] (micro_ros_agent) StdoutLine: {'line': b'-- Installing: /home/yunusdanabas/as_robotics/microros_ws/install/micro_ros_agent/include/uxr/agent/requester\n'}
[126.632416] (micro_ros_agent) StdoutLine: {'line': b'-- Installing: /home/yunusdanabas/as_robotics/microros_ws/install/micro_ros_agent/include/uxr/agent/requester/Requester.hpp\n'}
[126.632652] (micro_ros_agent) StdoutLine: {'line': b'-- Installing: /home/yunusdanabas/as_robotics/microros_ws/install/micro_ros_agent/include/uxr/agent/visibility.hpp\n'}
[126.632847] (micro_ros_agent) StdoutLine: {'line': b'-- Installing: /home/yunusdanabas/as_robotics/microros_ws/install/micro_ros_agent/include/uxr/agent/object\n'}
[126.633067] (micro_ros_agent) StdoutLine: {'line': b'-- Installing: /home/yunusdanabas/as_robotics/microros_ws/install/micro_ros_agent/include/uxr/agent/object/XRCEObject.hpp\n'}
[126.633309] (micro_ros_agent) StdoutLine: {'line': b'-- Installing: /home/yunusdanabas/as_robotics/microros_ws/install/micro_ros_agent/include/uxr/agent/participant\n'}
[126.633531] (micro_ros_agent) StdoutLine: {'line': b'-- Installing: /home/yunusdanabas/as_robotics/microros_ws/install/micro_ros_agent/include/uxr/agent/participant/Participant.hpp\n'}
[126.633712] (micro_ros_agent) StdoutLine: {'line': b'-- Installing: /home/yunusdanabas/as_robotics/microros_ws/install/micro_ros_agent/include/uxr/agent/publisher\n'}
[126.633871] (micro_ros_agent) StdoutLine: {'line': b'-- Installing: /home/yunusdanabas/as_robotics/microros_ws/install/micro_ros_agent/include/uxr/agent/publisher/Publisher.hpp\n'}
[126.634081] (micro_ros_agent) StdoutLine: {'line': b'-- Installing: /home/yunusdanabas/as_robotics/microros_ws/install/micro_ros_agent/include/uxr/agent/types\n'}
[126.634263] (micro_ros_agent) StdoutLine: {'line': b'-- Installing: /home/yunusdanabas/as_robotics/microros_ws/install/micro_ros_agent/include/uxr/agent/types/TopicPubSubType.hpp\n'}
[126.634420] (micro_ros_agent) StdoutLine: {'line': b'-- Installing: /home/yunusdanabas/as_robotics/microros_ws/install/micro_ros_agent/include/uxr/agent/types/XRCETypes.hpp\n'}
[126.634631] (micro_ros_agent) StdoutLine: {'line': b'-- Installing: /home/yunusdanabas/as_robotics/microros_ws/install/micro_ros_agent/include/uxr/agent/types/Optional.hpp\n'}
[126.634821] (micro_ros_agent) StdoutLine: {'line': b'-- Installing: /home/yunusdanabas/as_robotics/microros_ws/install/micro_ros_agent/include/uxr/agent/types/MessageHeader.hpp\n'}
[126.635006] (micro_ros_agent) StdoutLine: {'line': b'-- Installing: /home/yunusdanabas/as_robotics/microros_ws/install/micro_ros_agent/include/uxr/agent/types/SubMessageHeader.hpp\n'}
[126.635206] (micro_ros_agent) StdoutLine: {'line': b'-- Installing: /home/yunusdanabas/as_robotics/microros_ws/install/micro_ros_agent/include/uxr/agent/subscriber\n'}
[126.635415] (micro_ros_agent) StdoutLine: {'line': b'-- Installing: /home/yunusdanabas/as_robotics/microros_ws/install/micro_ros_agent/include/uxr/agent/subscriber/Subscriber.hpp\n'}
[126.635628] (micro_ros_agent) StdoutLine: {'line': b'-- Installing: /home/yunusdanabas/as_robotics/microros_ws/install/micro_ros_agent/include/uxr/agent/reader\n'}
[126.635809] (micro_ros_agent) StdoutLine: {'line': b'-- Installing: /home/yunusdanabas/as_robotics/microros_ws/install/micro_ros_agent/include/uxr/agent/reader/Reader.hpp\n'}
[126.636217] (micro_ros_agent) StdoutLine: {'line': b'-- Installing: /home/yunusdanabas/as_robotics/microros_ws/install/micro_ros_agent/include/uxr/agent/p2p\n'}
[126.636485] (micro_ros_agent) StdoutLine: {'line': b'-- Installing: /home/yunusdanabas/as_robotics/microros_ws/install/micro_ros_agent/include/uxr/agent/p2p/InternalClientManager.hpp\n'}
[126.636791] (micro_ros_agent) StdoutLine: {'line': b'-- Installing: /home/yunusdanabas/as_robotics/microros_ws/install/micro_ros_agent/include/uxr/agent/p2p/InternalClient.hpp\n'}
[126.636975] (micro_ros_agent) StdoutLine: {'line': b'-- Installing: /home/yunusdanabas/as_robotics/microros_ws/install/micro_ros_agent/include/uxr/agent/client\n'}
[126.637121] (micro_ros_agent) StdoutLine: {'line': b'-- Installing: /home/yunusdanabas/as_robotics/microros_ws/install/micro_ros_agent/include/uxr/agent/client/session\n'}
[126.637267] (micro_ros_agent) StdoutLine: {'line': b'-- Installing: /home/yunusdanabas/as_robotics/microros_ws/install/micro_ros_agent/include/uxr/agent/client/session/stream\n'}
[126.637799] (micro_ros_agent) StdoutLine: {'line': b'-- Installing: /home/yunusdanabas/as_robotics/microros_ws/install/micro_ros_agent/include/uxr/agent/client/session/stream/InputStream.hpp\n'}
[126.638002] (micro_ros_agent) StdoutLine: {'line': b'-- Installing: /home/yunusdanabas/as_robotics/microros_ws/install/micro_ros_agent/include/uxr/agent/client/session/stream/OutputStream.hpp\n'}
[126.638216] (micro_ros_agent) StdoutLine: {'line': b'-- Installing: /home/yunusdanabas/as_robotics/microros_ws/install/micro_ros_agent/include/uxr/agent/client/session/SessionInfo.hpp\n'}
[126.638295] (micro_ros_agent) StdoutLine: {'line': b'-- Installing: /home/yunusdanabas/as_robotics/microros_ws/install/micro_ros_agent/include/uxr/agent/client/session/Session.hpp\n'}
[126.638713] (micro_ros_agent) StdoutLine: {'line': b'-- Installing: /home/yunusdanabas/as_robotics/microros_ws/install/micro_ros_agent/include/uxr/agent/client/ProxyClient.hpp\n'}
[126.639106] (micro_ros_agent) StdoutLine: {'line': b'-- Installing: /home/yunusdanabas/as_robotics/microros_ws/install/micro_ros_agent/include/uxr/agent/processor\n'}
[126.639470] (micro_ros_agent) StdoutLine: {'line': b'-- Installing: /home/yunusdanabas/as_robotics/microros_ws/install/micro_ros_agent/include/uxr/agent/processor/Processor.hpp\n'}
[126.639725] (micro_ros_agent) StdoutLine: {'line': b'-- Installing: /home/yunusdanabas/as_robotics/microros_ws/install/micro_ros_agent/include/uxr/agent/message\n'}
[126.639946] (micro_ros_agent) StdoutLine: {'line': b'-- Installing: /home/yunusdanabas/as_robotics/microros_ws/install/micro_ros_agent/include/uxr/agent/message/InputMessage.hpp\n'}
[126.640123] (micro_ros_agent) StdoutLine: {'line': b'-- Installing: /home/yunusdanabas/as_robotics/microros_ws/install/micro_ros_agent/include/uxr/agent/message/OutputMessage.hpp\n'}
[126.640304] (micro_ros_agent) StdoutLine: {'line': b'-- Installing: /home/yunusdanabas/as_robotics/microros_ws/install/micro_ros_agent/include/uxr/agent/message/Packet.hpp\n'}
[126.640557] (micro_ros_agent) StdoutLine: {'line': b'-- Installing: /home/yunusdanabas/as_robotics/microros_ws/install/micro_ros_agent/include/uxr/agent/replier\n'}
[126.640741] (micro_ros_agent) StdoutLine: {'line': b'-- Installing: /home/yunusdanabas/as_robotics/microros_ws/install/micro_ros_agent/include/uxr/agent/replier/Replier.hpp\n'}
[126.640948] (micro_ros_agent) StdoutLine: {'line': b'-- Installing: /home/yunusdanabas/as_robotics/microros_ws/install/micro_ros_agent/include/uxr/agent/datareader\n'}
[126.641152] (micro_ros_agent) StdoutLine: {'line': b'-- Installing: /home/yunusdanabas/as_robotics/microros_ws/install/micro_ros_agent/include/uxr/agent/datareader/DataReader.hpp\n'}
[126.641350] (micro_ros_agent) StdoutLine: {'line': b'-- Installing: /home/yunusdanabas/as_robotics/microros_ws/install/micro_ros_agent/share/microxrcedds_agent/cmake/microxrcedds_agentTargets.cmake\n'}
[126.641573] (micro_ros_agent) StdoutLine: {'line': b'-- Installing: /home/yunusdanabas/as_robotics/microros_ws/install/micro_ros_agent/share/microxrcedds_agent/cmake/microxrcedds_agentTargets-release.cmake\n'}
[126.641780] (micro_ros_agent) StdoutLine: {'line': b'-- Installing: /home/yunusdanabas/as_robotics/microros_ws/install/micro_ros_agent/include/uxr/agent/config.hpp\n'}
[126.641983] (micro_ros_agent) StdoutLine: {'line': b'-- Installing: /home/yunusdanabas/as_robotics/microros_ws/install/micro_ros_agent/share/microxrcedds_agent/LICENSE\n'}
[126.642205] (micro_ros_agent) StdoutLine: {'line': b'-- Installing: /home/yunusdanabas/as_robotics/microros_ws/install/micro_ros_agent/share/microxrcedds_agent/cmake/microxrcedds_agentConfig.cmake\n'}
[126.642427] (micro_ros_agent) StdoutLine: {'line': b'-- Installing: /home/yunusdanabas/as_robotics/microros_ws/install/micro_ros_agent/share/microxrcedds_agent/cmake/microxrcedds_agentConfigVersion.cmake\n'}
[126.642664] (micro_ros_agent) StdoutLine: {'line': b'-- Up-to-date: /home/yunusdanabas/as_robotics/microros_ws/install/micro_ros_agent\n'}
[126.642839] (micro_ros_agent) StdoutLine: {'line': b'-- Up-to-date: /home/yunusdanabas/as_robotics/microros_ws/install/micro_ros_agent/include\n'}
[126.643047] (micro_ros_agent) StdoutLine: {'line': b'-- Installing: /home/yunusdanabas/as_robotics/microros_ws/install/micro_ros_agent/include/spdlog\n'}
[126.643262] (micro_ros_agent) StdoutLine: {'line': b'-- Installing: /home/yunusdanabas/as_robotics/microros_ws/install/micro_ros_agent/include/spdlog/common-inl.h\n'}
[126.643444] (micro_ros_agent) StdoutLine: {'line': b'-- Installing: /home/yunusdanabas/as_robotics/microros_ws/install/micro_ros_agent/include/spdlog/spdlog.h\n'}
[126.643684] (micro_ros_agent) StdoutLine: {'line': b'-- Installing: /home/yunusdanabas/as_robotics/microros_ws/install/micro_ros_agent/include/spdlog/fmt\n'}
[126.643891] (micro_ros_agent) StdoutLine: {'line': b'-- Installing: /home/yunusdanabas/as_robotics/microros_ws/install/micro_ros_agent/include/spdlog/fmt/xchar.h\n'}
[126.644108] (micro_ros_agent) StdoutLine: {'line': b'-- Installing: /home/yunusdanabas/as_robotics/microros_ws/install/micro_ros_agent/include/spdlog/fmt/bundled\n'}
[126.644313] (micro_ros_agent) StdoutLine: {'line': b'-- Installing: /home/yunusdanabas/as_robotics/microros_ws/install/micro_ros_agent/include/spdlog/fmt/bundled/ranges.h\n'}
[126.644549] (micro_ros_agent) StdoutLine: {'line': b'-- Installing: /home/yunusdanabas/as_robotics/microros_ws/install/micro_ros_agent/include/spdlog/fmt/bundled/format.h\n'}
[126.644783] (micro_ros_agent) StdoutLine: {'line': b'-- Installing: /home/yunusdanabas/as_robotics/microros_ws/install/micro_ros_agent/include/spdlog/fmt/bundled/xchar.h\n'}
[126.644977] (micro_ros_agent) StdoutLine: {'line': b'-- Installing: /home/yunusdanabas/as_robotics/microros_ws/install/micro_ros_agent/include/spdlog/fmt/bundled/locale.h\n'}
[126.645175] (micro_ros_agent) StdoutLine: {'line': b'-- Installing: /home/yunusdanabas/as_robotics/microros_ws/install/micro_ros_agent/include/spdlog/fmt/bundled/args.h\n'}
[126.645400] (micro_ros_agent) StdoutLine: {'line': b'-- Installing: /home/yunusdanabas/as_robotics/microros_ws/install/micro_ros_agent/include/spdlog/fmt/bundled/format-inl.h\n'}
[126.645633] (micro_ros_agent) StdoutLine: {'line': b'-- Installing: /home/yunusdanabas/as_robotics/microros_ws/install/micro_ros_agent/include/spdlog/fmt/bundled/core.h\n'}
[126.645884] (micro_ros_agent) StdoutLine: {'line': b'-- Installing: /home/yunusdanabas/as_robotics/microros_ws/install/micro_ros_agent/include/spdlog/fmt/bundled/os.h\n'}
[126.646078] (micro_ros_agent) StdoutLine: {'line': b'-- Installing: /home/yunusdanabas/as_robotics/microros_ws/install/micro_ros_agent/include/spdlog/fmt/bundled/compile.h\n'}
[126.646424] (micro_ros_agent) StdoutLine: {'line': b'-- Installing: /home/yunusdanabas/as_robotics/microros_ws/install/micro_ros_agent/include/spdlog/fmt/bundled/chrono.h\n'}
[126.646672] (micro_ros_agent) StdoutLine: {'line': b'-- Installing: /home/yunusdanabas/as_robotics/microros_ws/install/micro_ros_agent/include/spdlog/fmt/bundled/color.h\n'}
[126.646869] (micro_ros_agent) StdoutLine: {'line': b'-- Installing: /home/yunusdanabas/as_robotics/microros_ws/install/micro_ros_agent/include/spdlog/fmt/bundled/ostream.h\n'}
[126.647079] (micro_ros_agent) StdoutLine: {'line': b'-- Installing: /home/yunusdanabas/as_robotics/microros_ws/install/micro_ros_agent/include/spdlog/fmt/bundled/printf.h\n'}
[126.647291] (micro_ros_agent) StdoutLine: {'line': b'-- Installing: /home/yunusdanabas/as_robotics/microros_ws/install/micro_ros_agent/include/spdlog/fmt/ostr.h\n'}
[126.647535] (micro_ros_agent) StdoutLine: {'line': b'-- Installing: /home/yunusdanabas/as_robotics/microros_ws/install/micro_ros_agent/include/spdlog/fmt/fmt.h\n'}
[126.647734] (micro_ros_agent) StdoutLine: {'line': b'-- Installing: /home/yunusdanabas/as_robotics/microros_ws/install/micro_ros_agent/include/spdlog/fmt/bin_to_hex.h\n'}
[126.647970] (micro_ros_agent) StdoutLine: {'line': b'-- Installing: /home/yunusdanabas/as_robotics/microros_ws/install/micro_ros_agent/include/spdlog/fmt/compile.h\n'}
[126.648167] (micro_ros_agent) StdoutLine: {'line': b'-- Installing: /home/yunusdanabas/as_robotics/microros_ws/install/micro_ros_agent/include/spdlog/fmt/chrono.h\n'}
[126.648393] (micro_ros_agent) StdoutLine: {'line': b'-- Installing: /home/yunusdanabas/as_robotics/microros_ws/install/micro_ros_agent/include/spdlog/logger-inl.h\n'}
[126.648630] (micro_ros_agent) StdoutLine: {'line': b'-- Installing: /home/yunusdanabas/as_robotics/microros_ws/install/micro_ros_agent/include/spdlog/pattern_formatter-inl.h\n'}
[126.648859] (micro_ros_agent) StdoutLine: {'line': b'-- Installing: /home/yunusdanabas/as_robotics/microros_ws/install/micro_ros_agent/include/spdlog/common.h\n'}
[126.649073] (micro_ros_agent) StdoutLine: {'line': b'-- Installing: /home/yunusdanabas/as_robotics/microros_ws/install/micro_ros_agent/include/spdlog/async.h\n'}
[126.649349] (micro_ros_agent) StdoutLine: {'line': b'-- Installing: /home/yunusdanabas/as_robotics/microros_ws/install/micro_ros_agent/include/spdlog/fwd.h\n'}
[126.649556] (micro_ros_agent) StdoutLine: {'line': b'-- Installing: /home/yunusdanabas/as_robotics/microros_ws/install/micro_ros_agent/include/spdlog/pattern_formatter.h\n'}
[126.649813] (micro_ros_agent) StdoutLine: {'line': b'-- Installing: /home/yunusdanabas/as_robotics/microros_ws/install/micro_ros_agent/include/spdlog/version.h\n'}
[126.649967] (micro_ros_agent) StdoutLine: {'line': b'-- Installing: /home/yunusdanabas/as_robotics/microros_ws/install/micro_ros_agent/include/spdlog/async_logger.h\n'}
[126.650120] (micro_ros_agent) StdoutLine: {'line': b'-- Installing: /home/yunusdanabas/as_robotics/microros_ws/install/micro_ros_agent/include/spdlog/formatter.h\n'}
[126.650265] (micro_ros_agent) StdoutLine: {'line': b'-- Installing: /home/yunusdanabas/as_robotics/microros_ws/install/micro_ros_agent/include/spdlog/logger.h\n'}
[126.650425] (micro_ros_agent) StdoutLine: {'line': b'-- Installing: /home/yunusdanabas/as_robotics/microros_ws/install/micro_ros_agent/include/spdlog/cfg\n'}
[126.650576] (micro_ros_agent) StdoutLine: {'line': b'-- Installing: /home/yunusdanabas/as_robotics/microros_ws/install/micro_ros_agent/include/spdlog/cfg/env.h\n'}
[126.650721] (micro_ros_agent) StdoutLine: {'line': b'-- Installing: /home/yunusdanabas/as_robotics/microros_ws/install/micro_ros_agent/include/spdlog/cfg/argv.h\n'}
[126.650867] (micro_ros_agent) StdoutLine: {'line': b'-- Installing: /home/yunusdanabas/as_robotics/microros_ws/install/micro_ros_agent/include/spdlog/cfg/helpers-inl.h\n'}
[126.651013] (micro_ros_agent) StdoutLine: {'line': b'-- Installing: /home/yunusdanabas/as_robotics/microros_ws/install/micro_ros_agent/include/spdlog/cfg/helpers.h\n'}
[126.651156] (micro_ros_agent) StdoutLine: {'line': b'-- Installing: /home/yunusdanabas/as_robotics/microros_ws/install/micro_ros_agent/include/spdlog/sinks\n'}
[126.651299] (micro_ros_agent) StdoutLine: {'line': b'-- Installing: /home/yunusdanabas/as_robotics/microros_ws/install/micro_ros_agent/include/spdlog/sinks/mongo_sink.h\n'}
[126.651464] (micro_ros_agent) StdoutLine: {'line': b'-- Installing: /home/yunusdanabas/as_robotics/microros_ws/install/micro_ros_agent/include/spdlog/sinks/ringbuffer_sink.h\n'}
[126.651687] (micro_ros_agent) StdoutLine: {'line': b'-- Installing: /home/yunusdanabas/as_robotics/microros_ws/install/micro_ros_agent/include/spdlog/sinks/tcp_sink.h\n'}
[126.651881] (micro_ros_agent) StdoutLine: {'line': b'-- Installing: /home/yunusdanabas/as_robotics/microros_ws/install/micro_ros_agent/include/spdlog/sinks/dist_sink.h\n'}
[126.652027] (micro_ros_agent) StdoutLine: {'line': b'-- Installing: /home/yunusdanabas/as_robotics/microros_ws/install/micro_ros_agent/include/spdlog/sinks/dup_filter_sink.h\n'}
[126.652165] (micro_ros_agent) StdoutLine: {'line': b'-- Installing: /home/yunusdanabas/as_robotics/microros_ws/install/micro_ros_agent/include/spdlog/sinks/android_sink.h\n'}
[126.652306] (micro_ros_agent) StdoutLine: {'line': b'-- Installing: /home/yunusdanabas/as_robotics/microros_ws/install/micro_ros_agent/include/spdlog/sinks/wincolor_sink.h\n'}
[126.652458] (micro_ros_agent) StdoutLine: {'line': b'-- Installing: /home/yunusdanabas/as_robotics/microros_ws/install/micro_ros_agent/include/spdlog/sinks/sink.h\n'}
[126.652604] (micro_ros_agent) StdoutLine: {'line': b'-- Installing: /home/yunusdanabas/as_robotics/microros_ws/install/micro_ros_agent/include/spdlog/sinks/syslog_sink.h\n'}
[126.652794] (micro_ros_agent) StdoutLine: {'line': b'-- Installing: /home/yunusdanabas/as_robotics/microros_ws/install/micro_ros_agent/include/spdlog/sinks/systemd_sink.h\n'}
[126.652930] (micro_ros_agent) StdoutLine: {'line': b'-- Installing: /home/yunusdanabas/as_robotics/microros_ws/install/micro_ros_agent/include/spdlog/sinks/stdout_color_sinks.h\n'}
[126.653068] (micro_ros_agent) StdoutLine: {'line': b'-- Installing: /home/yunusdanabas/as_robotics/microros_ws/install/micro_ros_agent/include/spdlog/sinks/stdout_sinks.h\n'}
[126.653206] (micro_ros_agent) StdoutLine: {'line': b'-- Installing: /home/yunusdanabas/as_robotics/microros_ws/install/micro_ros_agent/include/spdlog/sinks/basic_file_sink.h\n'}
[126.653351] (micro_ros_agent) StdoutLine: {'line': b'-- Installing: /home/yunusdanabas/as_robotics/microros_ws/install/micro_ros_agent/include/spdlog/sinks/base_sink-inl.h\n'}
[126.653531] (micro_ros_agent) StdoutLine: {'line': b'-- Installing: /home/yunusdanabas/as_robotics/microros_ws/install/micro_ros_agent/include/spdlog/sinks/base_sink.h\n'}
[126.653662] (micro_ros_agent) StdoutLine: {'line': b'-- Installing: /home/yunusdanabas/as_robotics/microros_ws/install/micro_ros_agent/include/spdlog/sinks/basic_file_sink-inl.h\n'}
[126.653800] (micro_ros_agent) StdoutLine: {'line': b'-- Installing: /home/yunusdanabas/as_robotics/microros_ws/install/micro_ros_agent/include/spdlog/sinks/daily_file_sink.h\n'}
[126.653916] (micro_ros_agent) StdoutLine: {'line': b'-- Installing: /home/yunusdanabas/as_robotics/microros_ws/install/micro_ros_agent/include/spdlog/sinks/qt_sinks.h\n'}
[126.654030] (micro_ros_agent) StdoutLine: {'line': b'-- Installing: /home/yunusdanabas/as_robotics/microros_ws/install/micro_ros_agent/include/spdlog/sinks/sink-inl.h\n'}
[126.654147] (micro_ros_agent) StdoutLine: {'line': b'-- Installing: /home/yunusdanabas/as_robotics/microros_ws/install/micro_ros_agent/include/spdlog/sinks/rotating_file_sink-inl.h\n'}
[126.654269] (micro_ros_agent) StdoutLine: {'line': b'-- Installing: /home/yunusdanabas/as_robotics/microros_ws/install/micro_ros_agent/include/spdlog/sinks/wincolor_sink-inl.h\n'}
[126.654435] (micro_ros_agent) StdoutLine: {'line': b'-- Installing: /home/yunusdanabas/as_robotics/microros_ws/install/micro_ros_agent/include/spdlog/sinks/hourly_file_sink.h\n'}
[126.654559] (micro_ros_agent) StdoutLine: {'line': b'-- Installing: /home/yunusdanabas/as_robotics/microros_ws/install/micro_ros_agent/include/spdlog/sinks/ansicolor_sink-inl.h\n'}
[126.654659] (micro_ros_agent) StdoutLine: {'line': b'-- Installing: /home/yunusdanabas/as_robotics/microros_ws/install/micro_ros_agent/include/spdlog/sinks/msvc_sink.h\n'}
[126.654738] (micro_ros_agent) StdoutLine: {'line': b'-- Installing: /home/yunusdanabas/as_robotics/microros_ws/install/micro_ros_agent/include/spdlog/sinks/win_eventlog_sink.h\n'}
[126.654821] (micro_ros_agent) StdoutLine: {'line': b'-- Installing: /home/yunusdanabas/as_robotics/microros_ws/install/micro_ros_agent/include/spdlog/sinks/stdout_color_sinks-inl.h\n'}
[126.654946] (micro_ros_agent) StdoutLine: {'line': b'-- Installing: /home/yunusdanabas/as_robotics/microros_ws/install/micro_ros_agent/include/spdlog/sinks/rotating_file_sink.h\n'}
[126.655030] (micro_ros_agent) StdoutLine: {'line': b'-- Installing: /home/yunusdanabas/as_robotics/microros_ws/install/micro_ros_agent/include/spdlog/sinks/ostream_sink.h\n'}
[126.655106] (micro_ros_agent) StdoutLine: {'line': b'-- Installing: /home/yunusdanabas/as_robotics/microros_ws/install/micro_ros_agent/include/spdlog/sinks/stdout_sinks-inl.h\n'}
[126.655183] (micro_ros_agent) StdoutLine: {'line': b'-- Installing: /home/yunusdanabas/as_robotics/microros_ws/install/micro_ros_agent/include/spdlog/sinks/ansicolor_sink.h\n'}
[126.655265] (micro_ros_agent) StdoutLine: {'line': b'-- Installing: /home/yunusdanabas/as_robotics/microros_ws/install/micro_ros_agent/include/spdlog/sinks/null_sink.h\n'}
[126.655380] (micro_ros_agent) StdoutLine: {'line': b'-- Installing: /home/yunusdanabas/as_robotics/microros_ws/install/micro_ros_agent/include/spdlog/details\n'}
[126.655467] (micro_ros_agent) StdoutLine: {'line': b'-- Installing: /home/yunusdanabas/as_robotics/microros_ws/install/micro_ros_agent/include/spdlog/details/log_msg.h\n'}
[126.655563] (micro_ros_agent) StdoutLine: {'line': b'-- Installing: /home/yunusdanabas/as_robotics/microros_ws/install/micro_ros_agent/include/spdlog/details/backtracer.h\n'}
[126.655640] (micro_ros_agent) StdoutLine: {'line': b'-- Installing: /home/yunusdanabas/as_robotics/microros_ws/install/micro_ros_agent/include/spdlog/details/log_msg-inl.h\n'}
[126.655716] (micro_ros_agent) StdoutLine: {'line': b'-- Installing: /home/yunusdanabas/as_robotics/microros_ws/install/micro_ros_agent/include/spdlog/details/thread_pool.h\n'}
[126.655791] (micro_ros_agent) StdoutLine: {'line': b'-- Installing: /home/yunusdanabas/as_robotics/microros_ws/install/micro_ros_agent/include/spdlog/details/tcp_client.h\n'}
[126.655896] (micro_ros_agent) StdoutLine: {'line': b'-- Installing: /home/yunusdanabas/as_robotics/microros_ws/install/micro_ros_agent/include/spdlog/details/log_msg_buffer-inl.h\n'}
[126.655973] (micro_ros_agent) StdoutLine: {'line': b'-- Installing: /home/yunusdanabas/as_robotics/microros_ws/install/micro_ros_agent/include/spdlog/details/periodic_worker.h\n'}
[126.656048] (micro_ros_agent) StdoutLine: {'line': b'-- Installing: /home/yunusdanabas/as_robotics/microros_ws/install/micro_ros_agent/include/spdlog/details/fmt_helper.h\n'}
[126.656123] (micro_ros_agent) StdoutLine: {'line': b'-- Installing: /home/yunusdanabas/as_robotics/microros_ws/install/micro_ros_agent/include/spdlog/details/file_helper-inl.h\n'}
[126.656199] (micro_ros_agent) StdoutLine: {'line': b'-- Installing: /home/yunusdanabas/as_robotics/microros_ws/install/micro_ros_agent/include/spdlog/details/synchronous_factory.h\n'}
[126.656280] (micro_ros_agent) StdoutLine: {'line': b'-- Installing: /home/yunusdanabas/as_robotics/microros_ws/install/micro_ros_agent/include/spdlog/details/os.h\n'}
[126.656382] (micro_ros_agent) StdoutLine: {'line': b'-- Installing: /home/yunusdanabas/as_robotics/microros_ws/install/micro_ros_agent/include/spdlog/details/periodic_worker-inl.h\n'}
[126.656466] (micro_ros_agent) StdoutLine: {'line': b'-- Installing: /home/yunusdanabas/as_robotics/microros_ws/install/micro_ros_agent/include/spdlog/details/circular_q.h\n'}
[126.656543] (micro_ros_agent) StdoutLine: {'line': b'-- Installing: /home/yunusdanabas/as_robotics/microros_ws/install/micro_ros_agent/include/spdlog/details/os-inl.h\n'}
[126.656620] (micro_ros_agent) StdoutLine: {'line': b'-- Installing: /home/yunusdanabas/as_robotics/microros_ws/install/micro_ros_agent/include/spdlog/details/thread_pool-inl.h\n'}
[126.656696] (micro_ros_agent) StdoutLine: {'line': b'-- Installing: /home/yunusdanabas/as_robotics/microros_ws/install/micro_ros_agent/include/spdlog/details/log_msg_buffer.h\n'}
[126.656771] (micro_ros_agent) StdoutLine: {'line': b'-- Installing: /home/yunusdanabas/as_robotics/microros_ws/install/micro_ros_agent/include/spdlog/details/file_helper.h\n'}
[126.656847] (micro_ros_agent) StdoutLine: {'line': b'-- Installing: /home/yunusdanabas/as_robotics/microros_ws/install/micro_ros_agent/include/spdlog/details/registry.h\n'}
[126.656921] (micro_ros_agent) StdoutLine: {'line': b'-- Installing: /home/yunusdanabas/as_robotics/microros_ws/install/micro_ros_agent/include/spdlog/details/mpmc_blocking_q.h\n'}
[126.656998] (micro_ros_agent) StdoutLine: {'line': b'-- Installing: /home/yunusdanabas/as_robotics/microros_ws/install/micro_ros_agent/include/spdlog/details/backtracer-inl.h\n'}
[126.657073] (micro_ros_agent) StdoutLine: {'line': b'-- Installing: /home/yunusdanabas/as_robotics/microros_ws/install/micro_ros_agent/include/spdlog/details/console_globals.h\n'}
[126.657149] (micro_ros_agent) StdoutLine: {'line': b'-- Installing: /home/yunusdanabas/as_robotics/microros_ws/install/micro_ros_agent/include/spdlog/details/windows_include.h\n'}
[126.657231] (micro_ros_agent) StdoutLine: {'line': b'-- Installing: /home/yunusdanabas/as_robotics/microros_ws/install/micro_ros_agent/include/spdlog/details/null_mutex.h\n'}
[126.657307] (micro_ros_agent) StdoutLine: {'line': b'-- Installing: /home/yunusdanabas/as_robotics/microros_ws/install/micro_ros_agent/include/spdlog/details/registry-inl.h\n'}
[126.657398] (micro_ros_agent) StdoutLine: {'line': b'-- Installing: /home/yunusdanabas/as_robotics/microros_ws/install/micro_ros_agent/include/spdlog/details/tcp_client-windows.h\n'}
[126.657476] (micro_ros_agent) StdoutLine: {'line': b'-- Installing: /home/yunusdanabas/as_robotics/microros_ws/install/micro_ros_agent/include/spdlog/async_logger-inl.h\n'}
[126.657551] (micro_ros_agent) StdoutLine: {'line': b'-- Installing: /home/yunusdanabas/as_robotics/microros_ws/install/micro_ros_agent/include/spdlog/stopwatch.h\n'}
[126.657626] (micro_ros_agent) StdoutLine: {'line': b'-- Installing: /home/yunusdanabas/as_robotics/microros_ws/install/micro_ros_agent/include/spdlog/spdlog-inl.h\n'}
[126.657719] (micro_ros_agent) StdoutLine: {'line': b'-- Installing: /home/yunusdanabas/as_robotics/microros_ws/install/micro_ros_agent/include/spdlog/tweakme.h\n'}
[126.657797] (micro_ros_agent) StdoutLine: {'line': b'-- Up-to-date: /home/yunusdanabas/as_robotics/microros_ws/install/micro_ros_agent/lib\n'}
[126.657876] (micro_ros_agent) StdoutLine: {'line': b'-- Installing: /home/yunusdanabas/as_robotics/microros_ws/install/micro_ros_agent/lib/cmake\n'}
[126.657955] (micro_ros_agent) StdoutLine: {'line': b'-- Installing: /home/yunusdanabas/as_robotics/microros_ws/install/micro_ros_agent/lib/cmake/spdlog\n'}
[126.658033] (micro_ros_agent) StdoutLine: {'line': b'-- Installing: /home/yunusdanabas/as_robotics/microros_ws/install/micro_ros_agent/lib/cmake/spdlog/spdlogConfigTargets.cmake\n'}
[126.658117] (micro_ros_agent) StdoutLine: {'line': b'-- Installing: /home/yunusdanabas/as_robotics/microros_ws/install/micro_ros_agent/lib/cmake/spdlog/spdlogConfigTargets-release.cmake\n'}
[126.658199] (micro_ros_agent) StdoutLine: {'line': b'-- Installing: /home/yunusdanabas/as_robotics/microros_ws/install/micro_ros_agent/lib/cmake/spdlog/spdlogConfig.cmake\n'}
[126.658289] (micro_ros_agent) StdoutLine: {'line': b'-- Installing: /home/yunusdanabas/as_robotics/microros_ws/install/micro_ros_agent/lib/cmake/spdlog/spdlogConfigVersion.cmake\n'}
[126.658390] (micro_ros_agent) StdoutLine: {'line': b'-- Installing: /home/yunusdanabas/as_robotics/microros_ws/install/micro_ros_agent/lib/libspdlog.a\n'}
[126.658475] (micro_ros_agent) StdoutLine: {'line': b'-- Installing: /home/yunusdanabas/as_robotics/microros_ws/install/micro_ros_agent/lib/pkgconfig\n'}
[126.658556] (micro_ros_agent) StdoutLine: {'line': b'-- Installing: /home/yunusdanabas/as_robotics/microros_ws/install/micro_ros_agent/lib/pkgconfig/spdlog.pc\n'}
[126.676592] (micro_ros_agent) StdoutLine: {'line': b"[ 50%] Completed 'xrceagent'\n"}
[126.703166] (-) TimerEvent: {}
[126.718967] (micro_ros_agent) StdoutLine: {'line': b'[ 50%] Built target xrceagent\n'}
[126.744982] (micro_ros_agent) StdoutLine: {'line': b"[ 56%] Creating directories for 'micro_ros_agent'\n"}
[126.772457] (micro_ros_agent) StdoutLine: {'line': b"[ 62%] No download step for 'micro_ros_agent'\n"}
[126.797729] (micro_ros_agent) StdoutLine: {'line': b"[ 68%] No update step for 'micro_ros_agent'\n"}
[126.803384] (-) TimerEvent: {}
[126.828009] (micro_ros_agent) StdoutLine: {'line': b"[ 75%] No patch step for 'micro_ros_agent'\n"}
[126.853576] (micro_ros_agent) StdoutLine: {'line': b"[ 81%] Performing configure step for 'micro_ros_agent'\n"}
[126.864356] (micro_ros_agent) StdoutLine: {'line': b'loading initial cache file /home/yunusdanabas/as_robotics/microros_ws/build/micro_ros_agent/micro_ros_agent-prefix/tmp/micro_ros_agent-cache-.cmake\n'}
[126.880272] (micro_ros_agent) StdoutLine: {'line': b'-- Found ament_cmake: 2.5.4 (/opt/ros/jazzy/share/ament_cmake/cmake)\n'}
[126.903510] (-) TimerEvent: {}
[127.003822] (-) TimerEvent: {}
[127.022660] (micro_ros_agent) StdoutLine: {'line': b'-- Found Python3: /home/yunusdanabas/mambaforge/bin/python3 (found version "3.12.11") found components: Interpreter \n'}
[127.103963] (-) TimerEvent: {}
[127.204301] (-) TimerEvent: {}
[127.282414] (micro_ros_agent) StdoutLine: {'line': b'-- Found OpenSSL: /usr/lib/x86_64-linux-gnu/libcrypto.so (found version "3.0.13")  \n'}
[127.289871] (micro_ros_agent) StdoutLine: {'line': b'-- Performing Test CMAKE_HAVE_LIBC_PTHREAD\n'}
[127.304466] (-) TimerEvent: {}
[127.400283] (micro_ros_agent) StdoutLine: {'line': b'-- Performing Test CMAKE_HAVE_LIBC_PTHREAD - Success\n'}
[127.401330] (micro_ros_agent) StdoutLine: {'line': b'-- Found Threads: TRUE  \n'}
[127.404568] (-) TimerEvent: {}
[127.416865] (micro_ros_agent) StdoutLine: {'line': b'-- Found rosidl_cmake: 4.6.6 (/opt/ros/jazzy/share/rosidl_cmake/cmake)\n'}
[127.421667] (micro_ros_agent) StdoutLine: {'line': b'-- Found rosidl_adapter: 4.6.6 (/opt/ros/jazzy/share/rosidl_adapter/cmake)\n'}
[127.437694] (micro_ros_agent) StdoutLine: {'line': b'-- Found fastrtps_cmake_module: 3.6.2 (/opt/ros/jazzy/share/fastrtps_cmake_module/cmake)\n'}
[127.442706] (micro_ros_agent) StdoutLine: {'line': b'-- Found rmw_dds_common: 3.1.0 (/opt/ros/jazzy/share/rmw_dds_common/cmake)\n'}
[127.504903] (-) TimerEvent: {}
[127.508169] (micro_ros_agent) StdoutLine: {'line': b'-- Found rosidl_generator_c: 4.6.6 (/opt/ros/jazzy/share/rosidl_generator_c/cmake)\n'}
[127.533593] (micro_ros_agent) StdoutLine: {'line': b'-- Found rosidl_generator_cpp: 4.6.6 (/opt/ros/jazzy/share/rosidl_generator_cpp/cmake)\n'}
[127.548776] (micro_ros_agent) StdoutLine: {'line': b'-- Using all available rosidl_typesupport_c: rosidl_typesupport_fastrtps_c;rosidl_typesupport_introspection_c\n'}
[127.583726] (micro_ros_agent) StdoutLine: {'line': b'-- Using all available rosidl_typesupport_cpp: rosidl_typesupport_fastrtps_cpp;rosidl_typesupport_introspection_cpp\n'}
[127.605020] (-) TimerEvent: {}
[127.628509] (micro_ros_agent) StdoutLine: {'line': b'-- Found rmw_fastrtps_shared_cpp: 8.4.3 (/opt/ros/jazzy/share/rmw_fastrtps_shared_cpp/cmake)\n'}
[127.681935] (micro_ros_agent) StdoutLine: {'line': b'-- Found FastRTPS: /opt/ros/jazzy/include (Required is at least version "2.13") \n'}
[127.688123] (micro_ros_agent) StdoutLine: {'line': b'-- Found ament_lint_auto: 0.17.3 (/opt/ros/jazzy/share/ament_lint_auto/cmake)\n'}
[127.694437] (micro_ros_agent) StdoutLine: {'line': b'-- Found ament_cmake_gtest: 2.5.4 (/opt/ros/jazzy/share/ament_cmake_gtest/cmake)\n'}
[127.695628] (micro_ros_agent) StdoutLine: {'line': b'-- Found micro_ros_msgs: 5.0.2 (/home/yunusdanabas/as_robotics/microros_ws/install/micro_ros_msgs/share/micro_ros_msgs/cmake)\n'}
[127.705117] (-) TimerEvent: {}
[127.805380] (-) TimerEvent: {}
[127.840955] (micro_ros_agent) StdoutLine: {'line': b'-- Configuring done (1.0s)\n'}
[127.849156] (micro_ros_agent) StderrLine: {'line': b'CMake Warning at CMakeLists.txt:53 (add_executable):\n'}
[127.849322] (micro_ros_agent) StderrLine: {'line': b'  Cannot generate a safe runtime search path for target micro_ros_agent\n'}
[127.849422] (micro_ros_agent) StderrLine: {'line': b'  because files in some directories may conflict with libraries in implicit\n'}
[127.849502] (micro_ros_agent) StderrLine: {'line': b'  directories:\n'}
[127.849577] (micro_ros_agent) StderrLine: {'line': b'\n'}
[127.849657] (micro_ros_agent) StderrLine: {'line': b'    runtime library [libssl.so.3] in /usr/lib/x86_64-linux-gnu may be hidden by files in:\n'}
[127.849732] (micro_ros_agent) StderrLine: {'line': b'      /home/yunusdanabas/mambaforge/lib\n'}
[127.849805] (micro_ros_agent) StderrLine: {'line': b'    runtime library [libcrypto.so.3] in /usr/lib/x86_64-linux-gnu may be hidden by files in:\n'}
[127.849877] (micro_ros_agent) StderrLine: {'line': b'      /home/yunusdanabas/mambaforge/lib\n'}
[127.849950] (micro_ros_agent) StderrLine: {'line': b'\n'}
[127.850022] (micro_ros_agent) StderrLine: {'line': b'  Some of these libraries may not be found correctly.\n'}
[127.850095] (micro_ros_agent) StderrLine: {'line': b'\n'}
[127.850175] (micro_ros_agent) StderrLine: {'line': b'\n'}
[127.850808] (micro_ros_agent) StdoutLine: {'line': b'-- Generating done (0.0s)\n'}
[127.855665] (micro_ros_agent) StdoutLine: {'line': b'-- Build files have been written to: /home/yunusdanabas/as_robotics/microros_ws/build/micro_ros_agent\n'}
[127.885382] (micro_ros_agent) StdoutLine: {'line': b"[ 87%] Performing build step for 'micro_ros_agent'\n"}
[127.905595] (-) TimerEvent: {}
[127.953162] (micro_ros_agent) StdoutLine: {'line': b'[ 16%] Building CXX object CMakeFiles/micro_ros_agent.dir/src/main.cpp.o\n'}
[127.954374] (micro_ros_agent) StdoutLine: {'line': b'[ 33%] Building CXX object CMakeFiles/micro_ros_agent.dir/src/agent/graph_manager/graph_typesupport.cpp.o\n'}
[127.957557] (micro_ros_agent) StdoutLine: {'line': b'[ 66%] Building CXX object CMakeFiles/micro_ros_agent.dir/src/agent/Agent.cpp.o\n'}
[127.957856] (micro_ros_agent) StdoutLine: {'line': b'[ 66%] Building CXX object CMakeFiles/micro_ros_agent.dir/src/agent/graph_manager/graph_manager.cpp.o\n'}
[127.958015] (micro_ros_agent) StdoutLine: {'line': b'[ 83%] Building CXX object CMakeFiles/micro_ros_agent.dir/src/agent/utils/demangle.cpp.o\n'}
[128.005688] (-) TimerEvent: {}
[128.105946] (-) TimerEvent: {}
[128.206130] (-) TimerEvent: {}
[128.306353] (-) TimerEvent: {}
[128.406576] (-) TimerEvent: {}
[128.506809] (-) TimerEvent: {}
[128.607396] (-) TimerEvent: {}
[128.708423] (-) TimerEvent: {}
[128.808646] (-) TimerEvent: {}
[128.908910] (-) TimerEvent: {}
[129.009491] (-) TimerEvent: {}
[129.109801] (-) TimerEvent: {}
[129.211548] (-) TimerEvent: {}
[129.311936] (-) TimerEvent: {}
[129.415021] (-) TimerEvent: {}
[129.515312] (-) TimerEvent: {}
[129.615722] (-) TimerEvent: {}
[129.716066] (-) TimerEvent: {}
[129.816940] (-) TimerEvent: {}
[129.917425] (-) TimerEvent: {}
[129.948587] (micro_ros_agent) StderrLine: {'line': b'In file included from /home/yunusdanabas/as_robotics/microros_ws/install/micro_ros_agent/include/spdlog/spdlog.h:12,\n'}
[129.949310] (micro_ros_agent) StderrLine: {'line': b'                 from /home/yunusdanabas/as_robotics/microros_ws/install/micro_ros_agent/include/uxr/agent/logger/Logger.hpp:23,\n'}
[129.949665] (micro_ros_agent) StderrLine: {'line': b'                 from /home/yunusdanabas/as_robotics/microros_ws/install/micro_ros_agent/include/uxr/agent/transport/SessionManager.hpp:18,\n'}
[129.949889] (micro_ros_agent) StderrLine: {'line': b'                 from /home/yunusdanabas/as_robotics/microros_ws/install/micro_ros_agent/include/uxr/agent/transport/Server.hpp:20,\n'}
[129.950087] (micro_ros_agent) StderrLine: {'line': b'                 from /home/yunusdanabas/as_robotics/microros_ws/install/micro_ros_agent/include/uxr/agent/utils/ArgumentParser.hpp:24,\n'}
[129.950280] (micro_ros_agent) StderrLine: {'line': b'                 from /home/yunusdanabas/as_robotics/microros_ws/install/micro_ros_agent/include/uxr/agent/AgentInstance.hpp:20,\n'}
[129.950610] (micro_ros_agent) StderrLine: {'line': b'                 from /home/yunusdanabas/as_robotics/microros_ws/src/uros/micro-ROS-Agent/micro_ros_agent/include/agent/Agent.hpp:18,\n'}
[129.950815] (micro_ros_agent) StderrLine: {'line': b'                 from /home/yunusdanabas/as_robotics/microros_ws/src/uros/micro-ROS-Agent/micro_ros_agent/src/agent/Agent.cpp:18:\n'}
[129.950996] (micro_ros_agent) StderrLine: {'line': b'/home/yunusdanabas/as_robotics/microros_ws/install/micro_ros_agent/include/spdlog/common.h:127:111: error: \xe2\x80\x98basic_runtime\xe2\x80\x99 is not a member of \xe2\x80\x98fmt\xe2\x80\x99\n'}
[129.951204] (micro_ros_agent) StderrLine: {'line': b'  127 |           std::is_convertible<T, fmt::basic_string_view<Char>>::value || std::is_same<remove_cvref_t<T>, fmt::basic_runtime<Char>>::value>\n'}
[129.951462] (micro_ros_agent) StderrLine: {'line': b'      |                                                                                                               ^~~~~~~~~~~~~\n'}
[129.951659] (micro_ros_agent) StderrLine: {'line': b'/home/yunusdanabas/as_robotics/microros_ws/install/micro_ros_agent/include/spdlog/common.h:127:125: error: template argument 2 is invalid\n'}
[129.951883] (micro_ros_agent) StderrLine: {'line': b'  127 |           std::is_convertible<T, fmt::basic_string_view<Char>>::value || std::is_same<remove_cvref_t<T>, fmt::basic_runtime<Char>>::value>\n'}
[129.952061] (micro_ros_agent) StderrLine: {'line': b'      |                                                                                                                             ^~~~\n'}
[129.952222] (micro_ros_agent) StderrLine: {'line': b'/home/yunusdanabas/as_robotics/microros_ws/install/micro_ros_agent/include/spdlog/common.h:127:138: error: expected \xe2\x80\x98{\xe2\x80\x99 before \xe2\x80\x98>\xe2\x80\x99 token\n'}
[129.952434] (micro_ros_agent) StderrLine: {'line': b'  127 |           std::is_convertible<T, fmt::basic_string_view<Char>>::value || std::is_same<remove_cvref_t<T>, fmt::basic_runtime<Char>>::value>\n'}
[129.952613] (micro_ros_agent) StderrLine: {'line': b'      |                                                                                                                                          ^\n'}
[130.017608] (-) TimerEvent: {}
[130.095035] (micro_ros_agent) StderrLine: {'line': b'In file included from /home/yunusdanabas/as_robotics/microros_ws/install/micro_ros_agent/include/spdlog/spdlog.h:12,\n'}
[130.095494] (micro_ros_agent) StderrLine: {'line': b'                 from /home/yunusdanabas/as_robotics/microros_ws/install/micro_ros_agent/include/uxr/agent/logger/Logger.hpp:23,\n'}
[130.095714] (micro_ros_agent) StderrLine: {'line': b'                 from /home/yunusdanabas/as_robotics/microros_ws/install/micro_ros_agent/include/uxr/agent/transport/SessionManager.hpp:18,\n'}
[130.095905] (micro_ros_agent) StderrLine: {'line': b'                 from /home/yunusdanabas/as_robotics/microros_ws/install/micro_ros_agent/include/uxr/agent/transport/Server.hpp:20,\n'}
[130.096097] (micro_ros_agent) StderrLine: {'line': b'                 from /home/yunusdanabas/as_robotics/microros_ws/install/micro_ros_agent/include/uxr/agent/utils/ArgumentParser.hpp:24,\n'}
[130.096281] (micro_ros_agent) StderrLine: {'line': b'                 from /home/yunusdanabas/as_robotics/microros_ws/install/micro_ros_agent/include/uxr/agent/AgentInstance.hpp:20,\n'}
[130.096502] (micro_ros_agent) StderrLine: {'line': b'                 from /home/yunusdanabas/as_robotics/microros_ws/src/uros/micro-ROS-Agent/micro_ros_agent/include/agent/Agent.hpp:18,\n'}
[130.096683] (micro_ros_agent) StderrLine: {'line': b'                 from /home/yunusdanabas/as_robotics/microros_ws/src/uros/micro-ROS-Agent/micro_ros_agent/src/main.cpp:15:\n'}
[130.096877] (micro_ros_agent) StderrLine: {'line': b'/home/yunusdanabas/as_robotics/microros_ws/install/micro_ros_agent/include/spdlog/common.h:127:111: error: \xe2\x80\x98basic_runtime\xe2\x80\x99 is not a member of \xe2\x80\x98fmt\xe2\x80\x99\n'}
[130.097072] (micro_ros_agent) StderrLine: {'line': b'  127 |           std::is_convertible<T, fmt::basic_string_view<Char>>::value || std::is_same<remove_cvref_t<T>, fmt::basic_runtime<Char>>::value>\n'}
[130.097256] (micro_ros_agent) StderrLine: {'line': b'      |                                                                                                               ^~~~~~~~~~~~~\n'}
[130.097457] (micro_ros_agent) StderrLine: {'line': b'/home/yunusdanabas/as_robotics/microros_ws/install/micro_ros_agent/include/spdlog/common.h:127:125: error: template argument 2 is invalid\n'}
[130.097643] (micro_ros_agent) StderrLine: {'line': b'  127 |           std::is_convertible<T, fmt::basic_string_view<Char>>::value || std::is_same<remove_cvref_t<T>, fmt::basic_runtime<Char>>::value>\n'}
[130.097824] (micro_ros_agent) StderrLine: {'line': b'      |                                                                                                                             ^~~~\n'}
[130.098014] (micro_ros_agent) StderrLine: {'line': b'/home/yunusdanabas/as_robotics/microros_ws/install/micro_ros_agent/include/spdlog/common.h:127:138: error: expected \xe2\x80\x98{\xe2\x80\x99 before \xe2\x80\x98>\xe2\x80\x99 token\n'}
[130.098213] (micro_ros_agent) StderrLine: {'line': b'  127 |           std::is_convertible<T, fmt::basic_string_view<Char>>::value || std::is_same<remove_cvref_t<T>, fmt::basic_runtime<Char>>::value>\n'}
[130.098520] (micro_ros_agent) StderrLine: {'line': b'      |                                                                                                                                          ^\n'}
[130.117772] (-) TimerEvent: {}
[130.218160] (-) TimerEvent: {}
[130.318503] (-) TimerEvent: {}
[130.419281] (-) TimerEvent: {}
[130.519818] (-) TimerEvent: {}
[130.620158] (-) TimerEvent: {}
[130.720416] (-) TimerEvent: {}
[130.820679] (-) TimerEvent: {}
[130.920986] (-) TimerEvent: {}
[131.021274] (-) TimerEvent: {}
[131.121536] (-) TimerEvent: {}
[131.221805] (-) TimerEvent: {}
[131.322216] (-) TimerEvent: {}
[131.422888] (-) TimerEvent: {}
[131.523422] (-) TimerEvent: {}
[131.623881] (-) TimerEvent: {}
[131.724294] (-) TimerEvent: {}
[131.824681] (-) TimerEvent: {}
[131.924900] (-) TimerEvent: {}
[132.025129] (-) TimerEvent: {}
[132.125401] (-) TimerEvent: {}
[132.226815] (-) TimerEvent: {}
[132.327142] (-) TimerEvent: {}
[132.427668] (-) TimerEvent: {}
[132.534181] (-) TimerEvent: {}
[132.634579] (-) TimerEvent: {}
[132.734990] (-) TimerEvent: {}
[132.835501] (-) TimerEvent: {}
[132.936291] (-) TimerEvent: {}
[133.036776] (-) TimerEvent: {}
[133.137209] (-) TimerEvent: {}
[133.237637] (-) TimerEvent: {}
[133.337967] (-) TimerEvent: {}
[133.438381] (-) TimerEvent: {}
[133.538714] (-) TimerEvent: {}
[133.638966] (-) TimerEvent: {}
[133.739266] (-) TimerEvent: {}
[133.839687] (-) TimerEvent: {}
[133.940164] (-) TimerEvent: {}
[134.040520] (-) TimerEvent: {}
[134.140903] (-) TimerEvent: {}
[134.241238] (-) TimerEvent: {}
[134.341475] (-) TimerEvent: {}
[134.388368] (micro_ros_agent) StderrLine: {'line': b'gmake[5]: *** [CMakeFiles/micro_ros_agent.dir/build.make:90: CMakeFiles/micro_ros_agent.dir/src/agent/Agent.cpp.o] Error 1\n'}
[134.388655] (micro_ros_agent) StderrLine: {'line': b'gmake[5]: *** Waiting for unfinished jobs....\n'}
[134.441622] (-) TimerEvent: {}
[134.444361] (micro_ros_agent) StderrLine: {'line': b'gmake[5]: *** [CMakeFiles/micro_ros_agent.dir/build.make:76: CMakeFiles/micro_ros_agent.dir/src/main.cpp.o] Error 1\n'}
[134.541739] (-) TimerEvent: {}
[134.641902] (-) TimerEvent: {}
[134.742102] (-) TimerEvent: {}
[134.789619] (micro_ros_agent) StderrLine: {'line': b'gmake[4]: *** [CMakeFiles/Makefile2:137: CMakeFiles/micro_ros_agent.dir/all] Error 2\n'}
[134.789904] (micro_ros_agent) StderrLine: {'line': b'gmake[3]: *** [Makefile:146: all] Error 2\n'}
[134.790099] (micro_ros_agent) StderrLine: {'line': b'gmake[2]: *** [CMakeFiles/micro_ros_agent.dir/build.make:86: micro_ros_agent-prefix/src/micro_ros_agent-stamp/micro_ros_agent-build] Error 2\n'}
[134.790268] (micro_ros_agent) StderrLine: {'line': b'gmake[1]: *** [CMakeFiles/Makefile2:111: CMakeFiles/micro_ros_agent.dir/all] Error 2\n'}
[134.790538] (micro_ros_agent) StderrLine: {'line': b'gmake: *** [Makefile:91: all] Error 2\n'}
[134.792218] (micro_ros_agent) CommandEnded: {'returncode': 2}
[134.806620] (micro_ros_agent) JobEnded: {'identifier': 'micro_ros_agent', 'rc': 2}
[134.817130] (-) EventReactorShutdown: {}
