timestamp_sec,timestamp_nsec,sample_count,q_w,q_x,q_y,q_z,q_norm,dot_prev,angular_diff_rad,angular_diff_deg,roll_rad,pitch_rad,yaw_rad,yaw_deg,yaw_diff_rad,yaw_diff_deg,gyro_x,gyro_y,gyro_z,accel_x,accel_y,accel_z,snap_detected,snap_magnitude_rad
40,460000000,1,0.9851961135864258,0.1710134893655777,0.011962988413870335,0.0,1.0000000544312877,0.0,0.0,0.0,0.3437895451424235,0.023573962790266585,0.004092813407470005,0.23450093458258855,0.0,0.0,-0.125,0.0625,-0.0625,0.01,0.0,-0.05,0,0.0
40,815000000,2,0.9851942658424377,0.17102409899234772,0.01196300145238638,0.0,1.0000000486443559,1.000000103017657,0.0,0.0,0.3438110844359876,0.02357394426698248,0.004093071785136186,0.2345157385323812,2.583776661816903e-07,1.4803949792650913e-05,0.75,0.0,0.0,0.0,-0.03,-0.02,0,0.0
41,177000000,3,0.9851880669593811,0.1710597723722458,0.011962956748902798,0.0,1.0000000426686904,1.0000000906575393,0.0,0.0,0.34388351090565095,0.023573707804110156,0.00409391022977393,0.23456377787147928,8.384446377436919e-07,4.803933909808875e-05,0.375,0.0,-0.0625,0.0,-0.02,-0.07,0,0.0
41,569000000,4,0.9851794242858887,0.1711094230413437,0.01196298934519291,0.0,1.0000000229019446,1.0000000643006932,0.0,0.0,0.34398431316806344,0.023573565207020506,0.00409510965204167,0.2346324997052748,1.1994222677402105e-06,6.872183379552429e-05,0.0,0.125,0.0,0.0,-0.02,-0.02,0,0.0
42,13000000,5,0.9851720929145813,0.17115162312984467,0.011963016353547573,0.0,1.0000000222589758,1.0000000442436223,0.0,0.0,0.3440699950093316,0.0235734429785812,0.004096128855432466,0.23469089575803284,1.0192033907960654e-06,5.839605275803724e-05,0.1875,0.0625,0.0625,0.0,0.0,-0.02,0,0.0
42,378000000,6,0.9851658344268799,0.17118749022483826,0.011963039636611938,0.0,0.9999999962244184,1.0000000178205855,0.0,0.0,0.34414281068766156,0.023573339084292887,0.004096995222266582,0.23474053492113778,8.663668341155756e-07,4.963916310493319e-05,-0.0625,0.0,-0.0625,-0.01,-0.04,0.0,0,0.0
42,829000000,7,0.9851590394973755,0.1712268739938736,0.011963041499257088,0.0,1.000000044921508,1.0000000403473013,0.0,0.0,0.344222791283955,0.023573180134112172,0.004097938413818992,0.23479457581636326,9.431915524099957e-07,5.404089522548494e-05,-0.125,-0.0625,-0.125,0.0,-0.02,-0.01,0,0.0
43,202000000,8,0.9851531982421875,0.17126034200191498,0.011963042430579662,0.0,1.0000000215668094,1.000000065911205,0.0,0.0,0.344290737387821,0.023573042172416254,0.004098739707235157,0.23484048654726117,8.012934161654231e-07,4.59107308978986e-05,0.375,-0.1875,-0.125,0.01,-0.03,0.01,0,0.0
43,698000000,9,0.985146701335907,0.17129766941070557,0.01196302380412817,0.0,1.0000000143185481,1.000000035167585,0.0,0.0,0.34436652515744487,0.023572849973912437,0.00409962665996774,0.23489130519546572,8.869527325823523e-07,5.0818648204564325e-05,0.0,-0.0625,0.0,0.01,-0.01,0.0,0,0.0
44,81000000,10,0.9851411581039429,0.17132940888404846,0.011963007971644402,0.0,0.9999999906493324,1.0000000044488195,0.0,0.0,0.3444309621113726,0.023572686106291277,0.0041003808350630125,0.23493451624543873,7.541750952728618e-07,4.321104997301174e-05,-0.1875,0.1875,-0.125,0.0,0.0,-0.01,0,0.0
44,434000000,11,0.9851365089416504,0.17135639488697052,0.011962995864450932,0.0,1.0000000342942268,1.0000000245686302,0.0,0.0,0.3444857698333504,0.023572550978342103,0.004101022523814376,0.23497128230265288,6.416887513632438e-07,3.676605721413352e-05,0.1875,0.1875,0.0,0.0,-0.04,-0.01,0,0.0
44,879000000,12,0.9851325154304504,0.17137931287288666,0.011962984688580036,0.0,1.000000027420884,1.0000000614445206,0.0,0.0,0.3445323013446887,0.02357243337752689,0.004101567173270528,0.23500248841780447,5.446494561519438e-07,3.120611515160197e-05,0.1875,-0.125,0.0625,0.01,-0.01,0.0,0,0.0
45,259000000,13,0.9851306676864624,0.17138990759849548,0.011962994001805782,0.0,1.0000000230342414,1.0000000503972948,0.0,0.0,0.34455381218061265,0.02357240751076319,0.004101823925735658,0.23501719925043604,2.5675246513069683e-07,1.4710832631568762e-05,0.0625,0.1875,0.0625,0.01,-0.03,-0.03,0,0.0
45,694000000,14,0.9851306676864624,0.17139002680778503,0.011963021010160446,0.0,1.000000043788618,1.0000000668228533,0.0,0.0,0.3445540613602845,0.02357246073906784,0.00410183604442706,0.2350178936003066,1.2118691401948045e-08,6.943498705531017e-07,0.1875,0.0,0.0625,0.0,-0.02,0.0,0,0.0
46,58000000,15,0.9851324558258057,0.1713797003030777,0.011962953954935074,0.0,1.0000000347323412,1.0000000784660414,0.0,0.0,0.3445330900238402,0.023572371380782005,0.004101565902293224,0.23500241559616913,-2.701421338360821e-07,-1.5478004137465737e-05,0.75,0.0625,0.0625,-0.01,-0.04,0.01,0,0.0
46,421000000,16,0.9851465821266174,0.17129828035831451,0.01196293905377388,0.0,1.0000000005201382,1.0000000318381,0.0,0.0,0.344367760087082,0.023572680091464022,0.004099612221833476,0.23489047795130838,-1.9536804597482943e-06,-0.00011193764486075557,3.9375,-0.125,0.0625,-0.01,-0.01,-0.08,0,0.0
46,793000000,17,0.9851856827735901,0.17107337713241577,0.011962922289967537,0.0,1.0000000207076352,0.9999999951726124,0.0001965174313826391,0.011259619418976975,0.34391112566483917,0.023573582828663966,0.0040942240238824095,0.23458175694953123,-5.388197951066397e-06,-0.0003087210017771422,0.25,-0.125,0.0,0.02,-0.02,0.0,0,0.0
47,155000000,18,0.9852219223976135,0.17086440324783325,0.011962944641709328,0.0,0.999999996357294,0.9999999945732315,0.00020836061977142476,0.011938184129632734,0.3434868361154493,0.02357449418835366,0.004089230444109613,0.2342956459038881,-4.993579772796623e-06,-0.00028611104564314305,-0.0625,-0.25,0.0625,0.0,-0.04,-0.02,0,0.0
47,516000000,19,0.9852527379989624,0.1706867814064026,0.011962964199483395,0.0,1.0000000237968834,1.0000000039046175,0.0,0.0,0.3431262300956009,0.023575270233363883,0.004084986220006072,0.2340524697754475,-4.244224103540882e-06,-0.00024317612844058787,0.1875,0.125,-0.125,-0.01,-0.02,-0.03,0,0.0
47,871000000,20,0.9852789044380188,0.17053580284118652,0.011962979100644588,0.0,1.0000000462251155,1.0000000582823951,0.0,0.0,0.3428197235028412,0.023575925835497037,0.004081378030324514,0.23384573573501155,-3.6081896815582173e-06,-0.00020673404043593835,-0.0625,-0.0625,-0.0625,-0.01,-0.04,0.0,0,0.0
48,224000000,21,0.9853010773658752,0.1704074591398239,0.011962991207838058,0.0,1.000000014173742,1.0000000519169863,0.0,0.0,0.3425591584122704,0.023576480356608306,0.004078310586027715,0.2336699841229135,-3.067444296798831e-06,-0.00017575161209804768,-0.25,-0.0625,-0.0625,0.02,0.0,-0.02,0,0.0
48,581000000,22,0.9853199124336243,0.17029836773872375,0.01196300145238638,0.0,0.9999999886482142,0.9999999966941093,0.00016262572180670955,0.009317767499793093,0.3423376847805956,0.02357695132331305,0.004075703255381456,0.23352059508108777,-2.6073306462585932e-06,-0.00014938904182573479,0.125,-0.0625,0.125,-0.01,-0.01,0.0,0,0.0
48,975000000,23,0.9853359460830688,0.17020563781261444,0.01196300983428955,0.0,0.9999999996954553,0.9999999839157109,0.0003587120200486843,0.02055268480940178,0.3421494416495237,0.023577351573678067,0.0040734868562226035,0.23339360476356916,-2.216399158852869e-06,-0.0001269903175186151,0.125,0.0625,-0.0625,-0.02,0.0,-0.03,0,0.0
49,354000000,24,0.9853495955467224,0.17012682557106018,0.011963018216192722,0.0,1.0000000380139074,1.0000000345105247,0.0,0.0,0.34198946345599934,0.023577694764609136,0.0040716035387580035,0.2332856986213643,-1.8833174646000136e-06,-0.0001079061422048596,-0.0625,-0.1875,0.0,0.0,-0.02,-0.02,0,0.0
49,758000000,25,0.9853611588478088,0.17005982995033264,0.011963024735450745,0.0,1.0000000365447261,1.0000000722475735,0.0,0.0,0.34185346205204786,0.023577984356709988,0.004070002385925127,0.23319395932168505,-1.6011528328769425e-06,-9.173929967926445e-05,0.0,0.0,0.0625,-0.01,-0.01,-0.01,0,0.0
50,120000000,26,0.9853709936141968,0.17000287771224976,0.011963030323386192,0.0,1.000000043790596,1.0000000786651837,0.0,0.0,0.3417378527764019,0.023578230744679837,0.004068641277823189,0.23311597357198297,-1.3611081019371946e-06,-7.798574970206348e-05,0.0,-0.0625,0.0,0.0,-0.01,-0.02,0,0.0
50,502000000,27,0.9853793382644653,0.16995446383953094,0.011963034979999065,0.0,1.0000000371317146,1.0000000797155442,0.0,0.0,0.34163957255398253,0.02357843963441063,0.004067484196253086,0.2330496776814637,-1.1570815701029968e-06,-6.629589051927242e-05,0.125,-0.125,-0.0625,-0.01,-0.02,0.0,0,0.0
50,887000000,28,0.9853864312171936,0.16991332173347473,0.011963038705289364,0.0,1.0000000350122618,1.0000000712724861,0.0,0.0,0.34155605582966914,0.02357861673182096,0.004066500828816235,0.23299333487762153,-9.833674368513179e-07,-5.634280384217801e-05,0.0,0.125,0.0,0.0,-0.04,-0.04,0,0.0
51,239000000,29,0.9853924512863159,0.16987834870815277,0.011963041499257088,0.0,1.000000025386888,1.0000000597694736,0.0,0.0,0.34148506000241285,0.02357876631634939,0.004065664785837034,0.23294543314342178,-8.360429792006463e-07,-4.79017341997407e-05,0.125,0.0,0.0625,0.0,-0.03,-0.03,0,0.0
51,598000000,30,0.9853975772857666,0.16984862089157104,0.011963044293224812,0.0,1.0000000268840938,1.0000000518159728,0.0,0.0,0.34142471552903736,0.023578894503407617,0.0040649542736469636,0.23290472379363814,-7.105121900708583e-07,-4.0709349783657137e-05,0.0,-0.0625,-0.125,0.0,-0.03,-0.01,0,0.0
51,953000000,31,0.9854019284248352,0.16982334852218628,0.011963047087192535,0.0,1.000000022371141,1.000000048926423,0.0,0.0,0.3413734135366181,0.0235790041459862,0.004064350391329269,0.23287012388551165,-6.038823176946623e-07,-3.45999081264825e-05,-0.3125,0.0625,0.0625,0.0,-0.02,0.0,0,0.0
52,319000000,32,0.9854056239128113,0.16980186104774475,0.011963048949837685,0.0,1.0000000150972252,1.0000000372306825,0.0,0.0,0.34132979379943656,0.023579096261107053,0.004063836774384598,0.23284069580229558,-5.13616944671294e-07,-2.9428083216069466e-05,0.0,0.125,0.0,0.0,0.0,-0.03,0,0.0
52,670000000,33,0.9854087829589844,0.1697836071252823,0.011963050812482834,0.0,1.0000000286829602,1.0000000436085932,0.0,0.0,0.3412927447498523,0.023579175537725754,0.004063400544443898,0.23281570166779625,-4.3622994069965337e-07,-2.4994134499332317e-05,-0.0625,-0.0625,-0.125,-0.01,0.0,-0.02,0,0.0
53,43000000,34,0.9854114651679993,0.1697680950164795,0.011963052675127983,0.0,1.000000038199687,1.0000000667587383,0.0,0.0,0.3412612600555684,0.023579243402339776,0.004063029932987046,0.23279446719547944,-3.7061145685170216e-07,-2.123447231679735e-05,0.125,-0.125,0.0,0.0,-0.03,-0.03,0,0.0
53,397000000,35,0.9854137301445007,0.16975490748882294,0.011963053606450558,0.0,1.0000000314127138,1.0000000695228815,0.0,0.0,0.3412344887558858,0.02357929944546103,0.004062714638141749,0.2327764021315417,-3.152948452973467e-07,-1.8065063937768177e-05,-0.0625,0.0,0.125,-0.01,0.0,-0.02,0,0.0
53,745000000,36,0.9854156374931335,0.16974368691444397,0.011963054537773132,0.0,1.0000000062685905,1.0000000376165352,0.0,0.0,0.3412117042240559,0.023579346929568173,0.0040624464174825025,0.23276103421978864,-2.682206592464001e-07,-1.5367911753035325e-05,-0.1875,0.0,-0.0625,0.0,0.0,-0.03,0,0.0
54,217000000,37,0.9854173064231873,0.1697341501712799,0.011963055469095707,0.0,1.000000032114426,1.0000000383361498,0.0,0.0,0.34119235425488986,0.023579388707666935,0.0040622184951830745,0.2327479752339745,-2.2792229942801556e-07,-1.305898581414231e-05,-1.875,-0.25,0.0625,0.0,-0.02,0.01,0,0.0
54,567000000,38,0.9854140877723694,0.16975271701812744,0.011963000521063805,0.0,1.0000000113483771,1.0000000432852585,0.0,0.0,0.34123003520775963,0.023579203353216338,0.004062644176602108,0.23277236498270223,4.256814190332567e-07,2.438974872774548e-05,1.1875,0.125,0.0,0.0,-0.01,-0.06,0,0.0
54,979000000,39,0.985414445400238,0.16975072026252747,0.011962991207838058,0.0,1.000000024695872,1.000000036042192,0.0,0.0,0.3412259862609352,0.02357919355232231,0.004062593224818411,0.23276944566053775,-5.095178369669828e-08,-2.9193221644842874e-06,-0.1875,-0.125,0.0625,0.01,-0.03,-0.01,0,0.0
55,330000000,40,0.9854162931442261,0.16974014043807983,0.01196300145238638,0.0,1.0000000497368968,1.0000000743750967,0.0,0.0,0.3412045187968803,0.02357925796960867,0.004062343504581976,0.23275513774493106,-2.4972023643463764e-07,-1.4307915606713786e-05,-0.1875,-0.125,0.125,0.0,-0.02,-0.02,0,0.0
55,689000000,41,0.9854178428649902,0.16973114013671875,0.01196300983428955,0.0,1.000000049286547,1.0000000989817428,0.0,0.0,0.3411862492974009,0.023579311582489285,0.004062130952983271,0.23274295943539647,-2.125515987053822e-07,-1.2178309534576733e-05,1.125,0.0,-0.0625,0.0,-0.03,-0.06,0,0.0
56,138000000,42,0.9854207038879395,0.16971459984779358,0.01196303591132164,0.0,1.0000000616403553,1.0000001107860217,0.0,0.0,0.3411526790392455,0.02357943146239955,0.004061743961695598,0.23272078646790445,-3.869912876732634e-07,-2.2172967492011114e-05,-0.625,0.125,-0.0625,-0.02,-0.03,0.0,0,0.0
56,522000000,43,0.985413670539856,0.16975541412830353,0.011963054537773132,0.0,1.000000058693287,1.0000001194760089,0.0,0.0,0.3412355260433798,0.023579299854943732,0.004062727079783298,0.23277711498509268,9.831180877006157e-07,5.6328517188217607e-05,0.5,0.125,-0.0625,-0.01,0.0,-0.03,0,0.0
56,928000000,44,0.9854220151901245,0.1697070300579071,0.01196302194148302,0.0,1.0000000689832045,1.0000001264711693,0.0,0.0,0.3411373156198122,0.02357943530540505,0.004061558051937784,0.23271013462341142,-1.1690278455146058e-06,-6.698036168125852e-05,-0.3125,0.0,0.0,0.0,-0.01,-0.03,0,0.0
57,297000000,45,0.9854321479797363,0.16964811086654663,0.011963031254708767,0.0,1.0000000569546714,1.0000001241508076,0.0,0.0,0.3410177146541815,0.023579696170594692,0.004060151131026138,0.23262952399306544,-1.4069209116453554e-06,-8.061063034597706e-05,-0.25,-0.0625,0.0,0.0,-0.01,-0.01,0,0.0
57,652000000,46,0.9854392409324646,0.16960692405700684,0.011963020078837872,0.0,1.000000060053517,1.0000001161348604,0.0,0.0,0.34093411317282685,0.023579843891806587,0.004059161632746447,0.23257282991780365,-9.89498279691664e-07,-5.6694075261787846e-05,0.3125,0.0625,0.125,-0.01,0.0,-0.03,0,0.0
58,5000000,47,0.9854468107223511,0.16956302523612976,0.011963029392063618,0.0,1.0000000751811557,1.0000001342424734,0.0,0.0,0.3408450115730574,0.023580043417747627,0.004058114185402198,0.232512815605716,-1.0474473442489973e-06,-6.0014312087654187e-05,-0.25,-0.125,-0.0625,-0.01,-0.01,-0.04,0,0.0
58,365000000,48,0.9854501485824585,0.16954348981380463,0.011963000521063805,0.0,1.0000000518304486,1.0000001268152212,0.0,0.0,0.3408053505138415,0.02358006638410723,0.004057636855585834,0.23248546662180258,-4.773298163639195e-07,-2.7348983913407203e-05,-0.0625,-0.0625,0.0625,0.0,0.0,-0.04,0,0.0
58,721000000,49,0.9854530096054077,0.16952688992023468,0.011962976306676865,0.0,1.000000056674247,1.0000001083628274,0.0,0.0,0.34077165732043846,0.023580087118428402,0.004057231362445113,0.23246223357621776,-4.054931407211637e-07,-2.323304558482706e-05,0.3125,0.25,0.125,-0.01,-0.01,-0.04,0,0.0
59,81000000,50,0.9854618310928345,0.16947567462921143,0.011962921358644962,0.0,1.0000000681596486,1.0000001234834857,0.0,0.0,0.34066770417398995,0.023580189911118512,0.004055987016752558,0.2323909378197791,-1.2443456925545146e-06,-7.12957564386572e-05,0.4375,0.0625,-0.125,0.0,0.0,-0.04,0,0.0
59,441000000,51,0.9854674935340881,0.1694425642490387,0.011962964199483395,0.0,1.0000000379520422,1.0000001055475125,0.0,0.0,0.34060048832602235,0.02358040988745863,0.004055209139585126,0.23234636874110567,-7.778771674319881e-07,-4.456907867344422e-05,0.1875,0.125,-0.125,0.0,0.0,0.0,0,0.0
59,817000000,52,0.9854771494865417,0.16938622295856476,0.011962948366999626,0.0,1.00000000841096,1.0000000447292134,0.0,0.0,0.3404861193945821,0.02358060976555129,0.004053855389994286,0.23226880460303298,-1.3537495908398645e-06,-7.756413807268628e-05,0.5,0.0625,0.0625,0.0,0.0,-0.04,0,0.0
60,171000000,53,0.9854902625083923,0.16931013762950897,0.011962883174419403,0.0,1.000000045388413,1.0000000508189075,0.0,0.0,0.34033169759424686,0.02358079506456729,0.00405201239485352,0.23216320875980398,-1.8429951407659614e-06,-0.00010559584322900864,-0.5,0.0,0.0,-0.02,0.0,-0.01,0,0.0
60,616000000,54,0.9855043888092041,0.16922765970230103,0.011962863616645336,0.0,1.0000000056382155,1.000000047525549,0.0,0.0,0.34016427852582287,0.02358109458186661,0.004050031889645435,0.23204973417007702,-1.9805052080849525e-06,-0.00011347458972694667,0.0625,0.0625,0.0625,0.02,0.0,-0.02,0,0.0
60,978000000,55,0.9855164289474487,0.16915754973888397,0.011962847784161568,0.0,1.0000000090430508,1.0000000121510804,0.0,0.0,0.3400219787059017,0.023581351516018274,0.004048348644160907,0.2319532913079291,-1.6832454845282577e-06,-9.644286214792248e-05,-0.625,0.0,0.0625,0.0,0.0,0.0,0,0.0
61,340000000,56,0.9855281710624695,0.16908906400203705,0.01196285244077444,0.0,0.9999999986806704,1.0000000053096345,0.0,0.0,0.3398829730133715,0.023581641713417683,0.004046711209088795,0.23185947318907035,-1.6374350721125308e-06,-9.381811885874762e-05,-0.625,-0.0625,0.125,-0.01,0.01,-0.02,0,0.0
61,694000000,57,0.9855445623397827,0.1689937710762024,0.011962823569774628,0.0,1.0000000440839147,1.000000038089878,0.0,0.0,0.3396895783753163,0.023581977072210044,0.004044420876978769,0.2317282468254826,-2.2903321100255225e-06,-0.00013122636358775495,-0.4375,0.25,-0.0625,0.0,0.0,-0.03,0,0.0
62,56000000,58,0.9855566620826721,0.16892316937446594,0.011962886899709702,0.0,1.0000000409950132,1.0000000825134256,0.0,0.0,0.3395462851721335,0.023582391512101432,0.004042752643403734,0.23163266408239108,-1.66823357503499e-06,-9.558274309152586e-05,0.25,0.0625,0.0,-0.01,0.02,-0.04,0,0.0
62,418000000,59,0.9855687022209167,0.16885274648666382,0.011962851509451866,0.0,1.0000000133048743,1.000000051747714,0.0,0.0,0.33940334749854745,0.023582609883383683,0.004041055304899229,0.2315354137496779,-1.6973385045049652e-06,-9.725033271318138e-05,-0.25,0.0625,0.0,0.0,0.02,-0.02,0,0.0
62,773000000,60,0.9855789542198181,0.16879288852214813,0.011962821707129478,0.0,1.0000000116599386,1.0000000231207729,0.0,0.0,0.33928186195716015,0.02358279647646518,0.004039612705058453,0.23145275886727518,-1.4425998407759447e-06,-8.265488240270619e-05,0.125,-0.0625,0.0,-0.01,0.03,-0.04,0,0.0
63,140000000,61,0.9855876564979553,0.16874200105667114,0.011962796561419964,0.0,1.0000000000316556,1.000000010358962,0.0,0.0,0.33917858030513515,0.023582955161591444,0.004038386367571537,0.23138249490501622,-1.2263374869160223e-06,-7.026396225896789e-05,-0.0625,-0.125,0.1875,0.0,0.02,-0.02,0,0.0
63,496000000,62,0.9855950474739075,0.1686987429857254,0.011962775141000748,0.0,0.9999999857395658,0.9999999848082777,0.0003486169515445139,0.019974279990217374,0.33909078263556786,0.023583089808797555,0.00403734387984765,0.2313227647582433,-1.0424877238870284e-06,-5.973014677292622e-05,0.3125,0.1875,0.1875,0.0,0.01,-0.03,0,0.0
63,850000000,63,0.9855998158454895,0.1686708778142929,0.011962737888097763,0.0,0.999999984557543,0.9999999698975058,0.0004907340975725737,0.028116992654069608,0.33903422944068545,0.023583130473110434,0.004036664432733528,0.23128383530620178,-6.794471141217256e-07,-3.8929452041518474e-05,-0.25,0.125,0.0625,0.0,0.01,-0.02,0,0.0
64,303000000,64,0.985597550868988,0.16868428885936737,0.011962740682065487,0.0,1.0000000143757821,0.9999999988408321,9.629819823957316e-05,0.005517480333841676,0.3390614567838369,0.023583081776384476,0.004036986328391185,0.2313022785688291,3.2189565765672334e-07,1.844326262731825e-05,0.25,-0.125,0.0625,0.0,0.0,-0.02,0,0.0
64,668000000,65,0.9856019616127014,0.16865858435630798,0.01196270901709795,0.0,1.000000025609453,1.000000039645147,0.0,0.0,0.3390092928610766,0.023583124899433917,0.004036360479597489,0.23126642007433693,-6.258487936965443e-07,-3.585849449216575e-05,0.5625,0.0625,0.0625,0.0,0.0,-0.09,0,0.0
65,29000000,66,0.9856102466583252,0.16861005127429962,0.011962736956775188,0.0,1.0000000073920516,1.0000000317894537,0.0,0.0,0.338910790289963,0.023583378268333042,0.0040352084215629,0.23120041201120087,-1.1520580345883435e-06,-6.60080631360487e-05,0.125,-0.0625,0.0625,-0.01,0.0,-0.03,0,0.0
65,420000000,67,0.9856157898902893,0.16857770085334778,0.011962742544710636,0.0,1.0000000168576253,1.0000000237110385,0.0,0.0,0.33884513926891313,0.02358352194785354,0.004034436099011855,0.2311561611886032,-7.723225510453471e-07,-4.425082259767548e-05,-0.125,-0.125,-0.0625,0.0,0.01,-0.02,0,0.0
65,774000000,68,0.9856204986572266,0.16855019330978394,0.01196274720132351,0.0,1.0000000211793438,1.0000000376475509,0.0,0.0,0.33878931533027606,0.023583643820583235,0.004033779361050251,0.23111853287515727,-6.567379616040717e-07,-3.7628313445938014e-05,0.0,-0.0625,-0.0625,-0.01,-0.01,-0.01,0,0.0
66,149000000,69,0.9856244921684265,0.1685268133878708,0.011962750926613808,0.0,1.0000000169013354,1.0000000377993952,0.0,0.0,0.33874186564741465,0.023583746739407732,0.004033221090495817,0.23108654632856176,-5.582705544342204e-07,-3.1986546595509314e-05,-0.375,-0.25,0.0,0.0,0.0,-0.03,0,0.0
66,600000000,70,0.9856278896331787,0.1685069501399994,0.011962754651904106,0.0,1.0000000182835496,1.0000000349818396,0.0,0.0,0.33870155485077136,0.023583835393610364,0.004032746980527505,0.23105938182835242,-4.7410996831167423e-07,-2.7164500209340134e-05,0.3125,0.25,0.125,0.0,0.02,-0.02,0,0.0
66,956000000,71,0.9856292605400085,0.1684989631175995,0.011962738819420338,0.0,1.0000000234622057,1.0000000417129196,0.0,0.0,0.3386853471798833,0.02358383698377814,0.004032550495336897,0.23104812405619374,-1.9648519060822683e-07,-1.1257772158674918e-05,0.1875,0.125,-0.0625,-0.02,0.01,-0.03,0,0.0
67,316000000,72,0.985630452632904,0.1684921681880951,0.011962725780904293,0.0,1.0000000533530875,1.0000000767914987,0.0,0.0,0.3386715668077595,0.023583839803637277,0.0040323834820249,0.2310385548982938,-1.670133119970399e-07,-9.569157899932024e-06,-0.0625,-0.125,-0.0625,-0.02,0.0,0.0,0,0.0
67,662000000,73,0.9856281280517578,0.1685056984424591,0.011962785385549068,0.0,1.000000042724286,1.0000000959831383,0.0,0.0,0.33869902286374587,0.023583901700225177,0.004032727391257444,0.23105825944585417,3.439092325441609e-07,1.9704547560363597e-05,-0.125,-0.125,0.0,0.0,0.0,-0.02,0,0.0
68,14000000,74,0.9856261610984802,0.16851720213890076,0.011962836608290672,0.0,1.0000000431590825,1.0000000858152673,0.0,0.0,0.3387223696714904,0.023583955627690247,0.004033019976457652,0.2310750233429741,2.9258520020843115e-07,1.676389711993332e-05,0.375,-0.0625,0.0,0.0,0.0,0.0,0,0.0
68,364000000,75,0.985621452331543,0.16854476928710938,0.011962843127548695,0.0,1.0000000480829385,1.0000000908509632,0.0,0.0,0.3387783173747292,0.02358385579054892,0.0040336819165635775,0.23111294971733407,6.619401059252891e-07,3.792637435996172e-05,-0.4375,0.0625,0.0,0.0,0.0,0.0,0,0.0
68,721000000,76,0.9856173992156982,0.1685682088136673,0.011962848715484142,0.0,1.0000000042043773,1.0000000520043975,0.0,0.0,0.3388258727442258,0.023583769808193246,0.004034244760237363,0.2311451982843676,5.628436737853057e-07,3.2248567033536106e-05,0.4375,0.0,0.0,0.0,0.0,-0.02,0,0.0
69,73000000,77,0.9856155514717102,0.16857925057411194,0.011962872929871082,0.0,1.0000000446778734,1.0000000488195842,0.0,0.0,0.3388482949183632,0.023583773332762462,0.004034517184358346,0.2311608070367375,2.7242412098307106e-07,1.5608752369891303e-05,0.0,0.25,-0.0625,0.0,0.01,-0.01,0,0.0
69,426000000,78,0.9856139421463013,0.16858862340450287,0.01196289248764515,0.0,1.0000000388456336,1.0000000834782887,0.0,0.0,0.3388673150987297,0.023583773381294814,0.004034748096862807,0.23117403734867992,2.3091250446125033e-07,1.3230311942425438e-05,0.0625,-0.0625,0.125,0.0,0.02,-0.04,0,0.0
69,794000000,79,0.9856125712394714,0.16859658062458038,0.011962909251451492,0.0,1.0000000293906703,1.0000000682037065,0.0,0.0,0.3388834611693937,0.02358377362657754,0.004034944188411134,0.23118527256679725,1.9609154832712916e-07,1.123521811733012e-05,-0.125,0.0,0.0625,-0.01,0.02,-0.03,0,0.0
70,242000000,80,0.9856129288673401,0.16859444975852966,0.011962941847741604,0.0,1.000000023008745,1.000000052397081,0.0,0.0,0.33887913497674677,0.023583846458020294,0.0040349041923007705,0.23118298095847647,-3.9996110363753334e-08,-2.2916083207825177e-06,0.4375,0.0,-0.0625,-0.01,0.0,-0.02,0,0.0
70,597000000,81,0.9856117367744446,0.16860154271125793,0.01196295116096735,0.0,1.0000000440363155,1.000000067019196,0.0,0.0,0.3388935368067074,0.023583836291766434,0.0040350770863818095,0.2311928870596228,1.7289408103891152e-07,9.90610114632246e-06,-0.375,0.125,0.125,0.01,0.02,-0.01,0,0.0
70,948000000,82,0.9856122136116028,0.16859866678714752,0.01196297723799944,0.0,1.0000000294435818,1.0000000734756491,0.0,0.0,0.3388876958087483,0.0235838991216805,0.0040350170592390435,0.23118944775768607,-6.002714276597682e-08,-3.4393019367197223e-06,-0.0625,0.0,0.0625,0.0,0.01,-0.02,0,0.0
71,401000000,83,0.9856126308441162,0.16859622299671173,0.01196299958974123,0.0,1.0000000289237,1.0000000583642095,0.0,0.0,0.33888273631270444,0.02358395317971757,0.004034966116622627,0.23118652896076808,-5.0942616416048414e-08,-2.918796917993438e-06,-0.125,0.1875,0.0,0.0,0.0,-0.03,0,0.0
71,778000000,84,0.9856129884719849,0.1685941517353058,0.011963018216192722,0.0,1.000000032424432,1.0000000613459241,0.0,0.0,0.33887853410726,0.023583998465860283,0.004034922832157248,0.23118404894358338,-4.328446537912173e-08,-2.480017184703804e-06,0.0,0.0,-0.1875,0.0,0.0,-0.05,0,0.0
72,134000000,85,0.9856132864952087,0.1685923933982849,0.01196303404867649,0.0,1.0000000299056486,1.0000000623284913,0.0,0.0,0.33887496499674213,0.023584036816452433,0.00403488609373361,0.23118194398696293,-3.673842363834112e-08,-2.1049566204406045e-06,0.4375,0.0625,0.0625,0.0,0.0,-0.08,0,0.0
72,495000000,86,0.9856135249137878,0.16859088838100433,0.01196304801851511,0.0,1.0000000113279857,1.0000000412324739,0.0,0.0,0.3388719047861048,0.02358407006784227,0.004034854789209196,0.23118015036983436,-3.130452441366116e-08,-1.7936171285670326e-06,0.3125,0.0,0.0625,0.0,0.01,-0.01,0,0.0
72,846000000,87,0.9856122136116028,0.16859851777553558,0.011963040567934513,0.0,1.0000000050780506,1.0000000163760727,0.0,0.0,0.3388873862933974,0.023584023993921056,0.004035034865695302,0.23119046799247775,1.8007648610544186e-07,1.0317622643388029e-05,0.625,-0.0625,-0.0625,0.0,-0.02,-0.04,0,0.0
73,199000000,88,0.9856081008911133,0.16862280666828156,0.011962998658418655,0.0,1.0000000464038874,1.0000000511785059,0.0,0.0,0.3389366928017271,0.02358384292956843,0.004035602014921765,0.23122296324950822,5.6714922646358e-07,3.2495257030472474e-05,0.0,0.25,-0.0625,0.02,0.01,-0.03,0,0.0
73,599000000,89,0.9856045842170715,0.16864342987537384,0.011962962336838245,0.0,1.000000057668853,1.0000001038539006,0.0,0.0,0.3389785504254474,0.023583687148882294,0.004036083317836957,0.23125053987521602,4.813029151912868e-07,2.7576625707803727e-05,0.125,0.1875,0.0,0.0,0.01,-0.03,0,0.0
73,962000000,90,0.9856014847755432,0.1686609387397766,0.011962929740548134,0.0,0.9999999553681567,1.0000000128789284,0.0,0.0,0.33901405104442484,0.023583548699473794,0.004036491342011035,0.23127391793833002,4.080241740780227e-07,2.3378063113981908e-05,-0.1875,0.0625,0.0625,-0.01,0.0,-0.03,0,0.0
74,314000000,91,0.9856020212173462,0.1686580628156662,0.011962941847741604,0.0,0.9999999991790519,0.9999999545429301,0.0006030394363913741,0.0345516145851736,0.33900822867284447,0.02358358541026222,0.004036426601869381,0.23127020860144817,-6.474014165383513e-08,-3.709336881843854e-06,-0.0625,0.0,0.0,0.0,0.0,-0.04,0,0.0
74,678000000,92,0.9856039881706238,0.1686467081308365,0.011962968856096268,0.0,1.000000023142529,1.000000022255182,0.0,0.0,0.33898519253160736,0.02358368573834105,0.004036163975064691,0.23125516119395242,-2.6262680468975425e-07,-1.5047407495729493e-05,-0.25,-0.1875,0.0625,0.0,0.0,-0.01,0,0.0
75,39000000,93,0.9856074452400208,0.16862665116786957,0.01196290273219347,0.0,1.0000000473192143,1.000000070254626,0.0,0.0,0.3389444942718408,0.023583638094297362,0.00403566164454431,0.23122637977521399,-5.023305203813444e-07,-2.8781418738461414e-05,-0.125,-0.0625,0.0,0.0,0.0,-0.04,0,0.0
75,423000000,94,0.9856164455413818,0.1685740202665329,0.011962920427322388,0.0,1.0000000447477988,1.0000000906415065,0.0,0.0,0.33883768080290094,0.02358388838457872,0.004034408038726974,0.23115455345270758,-1.2536058173360717e-06,-7.182632250640492e-05,-0.0625,0.0625,0.0,0.0,0.0,-0.04,0,0.0
75,776000000,95,0.9856240749359131,0.16852927207946777,0.011962935328483582,0.0,1.0000000222312913,1.0000000659487873,0.0,0.0,0.33874685936726173,0.02358410035709186,0.004033342138418995,0.23109348186367867,-1.0659003079789564e-06,-6.107158902888883e-05,-0.375,0.0625,0.0,0.0,0.0,-0.03,0,0.0
76,140000000,96,0.9856290817260742,0.1685001403093338,0.011962929740548134,0.0,1.0000000478582123,1.000000069652641,0.0,0.0,0.33868774638288285,0.023584209163900735,0.00403264306251595,0.23105342776487492,-6.990759030449725e-07,-4.005409880377366e-05,0.25,0.1875,0.0625,0.01,0.0,-0.03,0,0.0
76,593000000,97,0.9856378436088562,0.16844868659973145,0.011962980031967163,9.155561201623641e-06,1.00000001587308,1.0000000623272527,0.0,0.0,0.3385835218396096,0.023581432681175702,0.0040494816216487236,0.2320182061362643,1.6838559132773857e-05,0.0009647783713894096,1.5625,-0.0625,0.0625,-0.01,0.03,-0.1,0,0.0
77,42000000,98,0.9856501221656799,0.16837674379348755,0.011962969787418842,1.6937519831117243e-05,1.0000000020543658,1.0000000152339013,0.0,0.0,0.3384376918793142,0.0235790863257099,0.004063101346780456,0.23279855890444087,1.3619725131732742e-05,0.0007803527681765453,-0.5,-0.125,-0.125,0.0,0.02,-0.04,0,0.0
77,399000000,99,0.9856560230255127,0.16834227740764618,0.011962906457483768,2.3551901904284023e-05,1.0000000148874326,1.0000000163085456,0.0,0.0,0.33836789895536323,0.023576876259245372,0.004075297873749254,0.23349736842447044,1.21965269687975e-05,0.0006988095200295838,-0.3125,0.0625,-0.0625,0.0,0.02,-0.01,0,0.0
77,743000000,100,0.9856610298156738,0.16831298172473907,0.01196285244077444,2.9174125302233733e-05,1.000000018102008,1.0000000325319822,0.0,0.0,0.33830857432119493,0.023574997837997037,0.004085665002748993,0.23409136116182322,1.0367128999739551e-05,0.000593992737352759,0.0,-0.0625,0.0,0.0,0.01,-0.04,0,0.0
78,95000000,101,0.9856652617454529,0.16828808188438416,0.01196280587464571,3.395301609998569e-05,0.9999999982966296,1.000000016068262,0.0,0.0,0.3382581443686576,0.02357339984078223,0.004094476971840522,0.23459624979996752,8.81196909152844e-06,0.0005048886381443099,0.0,0.0,0.0,0.0,0.01,-0.03,0,0.0
78,448000000,102,0.9856688976287842,0.1682669222354889,0.011962766759097576,3.801507409662008e-05,1.0000000210525124,1.000000019110416,0.0,0.0,0.3382153024228839,0.02357204376167952,0.004101967498829534,0.23502542538276674,7.490526989012078e-06,0.00042917558279922843,-0.1875,-0.0625,0.0625,-0.02,0.0,0.0,0,0.0
78,801000000,103,0.9856719374656677,0.16824893653392792,0.01196273323148489,4.1467821574769914e-05,0.9999999908290343,1.0000000117092227,0.0,0.0,0.3381788709182029,0.023570889601598845,0.004108334393785206,0.2353902215923299,6.366894955671908e-06,0.0003647962095631337,0.125,0.25,0.0,0.0,0.0,-0.05,0,0.0
79,154000000,104,0.9856745600700378,0.16823364794254303,0.011962705291807652,4.4402659113984555e-05,1.0000000034794063,0.9999999941838242,0.0002157067596319987,0.012359086939356445,0.3381479150732021,0.023569910789008268,0.004113746467386048,0.2357003105680723,5.412073600842213e-06,0.00031008897574242894,0.0,-0.0625,0.0,0.01,0.02,-0.01,0,0.0
79,516000000,105,0.9856798052787781,0.16820286214351654,0.011962718330323696,4.6897457650629804e-05,0.9999999950984514,0.999999998087107,0.00012370587555187286,0.007087824570092908,0.33808549411620276,0.023569225265415123,0.004117934033687262,0.2359402404435631,4.18756630121437e-06,0.0002399298754907922,-0.125,0.0625,0.0625,0.0,0.02,-0.04,0,0.0
79,879000000,106,0.9856842756271362,0.16817669570446014,0.011962729506194592,4.901803549728356e-05,1.0000000007483345,0.9999999954922042,0.00018990093852713376,0.010880522303178056,0.33803244370392305,0.02356864328130345,0.004121493571309582,0.23614418692634,3.55953762231926e-06,0.00020394648277692563,-0.125,0.125,0.0,0.0,0.0,-0.03,0,0.0
80,231000000,107,0.9856880903244019,0.16815444827079773,0.011962738819420338,5.082052666693926e-05,1.000000019791705,1.000000020283665,0.0,0.0,0.3379873435297633,0.023568148759453122,0.004124519003345425,0.2363175314131975,3.0254320358431147e-06,0.00017334448685748288,0.0625,-0.0625,0.0,0.0,0.03,-0.02,0,0.0
80,586000000,108,0.9856913089752197,0.16813553869724274,0.011962746270000935,5.23526432516519e-05,1.0000000130007067,1.0000000326072724,0.0,0.0,0.3379490026260682,0.023567727053538344,0.004127090498359072,0.23646486722451843,2.5714950136470835e-06,0.00014733581132091392,-0.25,-0.125,-0.0625,0.0,0.02,-0.02,0,0.0
80,935000000,109,0.9856940507888794,0.16811946034431458,0.011962752789258957,5.365494507714175e-05,1.0000000125201016,1.0000000253869452,0.0,0.0,0.33791640407931056,0.023567369204321263,0.004129276228069396,0.23659010031207636,2.1857297103243176e-06,0.0001252330875579354,-2.5,-0.1875,-0.125,0.01,0.01,0.01,0,0.0
81,292000000,110,0.9856994152069092,0.16808800399303436,0.01196279563009739,5.476208752952516e-05,1.0000000128518893,1.0000000248622378,0.0,0.0,0.3378525954729396,0.02356721314462411,0.0041307216145262966,0.23667291485582212,1.4453864569004271e-06,8.281454374576213e-05,-0.125,0.0,-0.125,0.0,0.03,-0.03,0,0.0
81,644000000,111,0.9857072830200195,0.16804195940494537,0.011962760239839554,5.5702796089462936e-05,1.0000000293273594,1.0000000410878027,0.0,0.0,0.3377591841516988,0.02356702045030155,0.004131463658300502,0.23671543083229804,7.420437742053712e-07,4.251597647592639e-05,0.125,-0.0625,-0.1875,0.02,0.0,0.0,0,0.0
81,995000000,112,0.9857136607170105,0.1680043339729309,0.011962838470935822,5.6502947700209916e-05,0.9999999949273413,1.0000000235262039,0.0,0.0,0.33768284005457466,0.023567062612456748,0.004132168093652983,0.23675579200493505,7.044353524813043e-07,4.036117263698924e-05,0.0625,0.0,0.0,-0.01,-0.01,-0.03,0,0.0
82,355000000,113,0.9857191443443298,0.1679723709821701,0.011962905526161194,5.718308239011094e-05,1.0000000316594106,1.0000000260606674,0.0,0.0,0.33761800699162064,0.023567101142224066,0.004132767522801678,0.23679013676527236,5.994291486944442e-07,3.434476033731151e-05,0.375,-0.125,0.0,0.0,0.02,-0.05,0,0.0
82,733000000,114,0.9857255220413208,0.16793477535247803,0.011962871998548508,5.776073521701619e-05,1.000000003609539,1.0000000345417295,0.0,0.0,0.33754171996169335,0.023566997890750823,0.004132996355135418,0.23680324789221183,2.2883233374067918e-07,1.3111126939470024e-05,-0.125,0.0,-0.0625,0.0,0.02,-0.02,0,0.0
83,176000000,115,0.9857324957847595,0.1678939163684845,0.011962861754000187,5.8251833252143115e-05,1.00000001692711,1.0000000196774834,0.0,0.0,0.33745882299182284,0.023566984357569692,0.0041329843169553016,0.2368025581552981,-1.2038180116809294e-08,-6.897369137114769e-07,0.0,-0.0625,-0.1875,0.0,0.03,-0.01,0,0.0
83,552000000,116,0.9857369065284729,0.16786807775497437,0.011962834745645523,5.866917490493506e-05,1.0000000266393483,1.0000000432228269,0.0,0.0,0.33740640305844455,0.023566899511590793,0.004133180381591172,0.23681379183144524,1.9606463587049094e-07,1.123367614714842e-05,-0.375,-0.25,0.0625,0.0,0.02,-0.01,0,0.0
83,913000000,117,0.9857421517372131,0.1678372323513031,0.01196283008903265,5.902400880586356e-05,1.0000000195312142,1.0000000456810245,0.0,0.0,0.3373438170223374,0.023566900337180605,0.004133140975299874,0.23681153401726762,-3.94062912977694e-08,-2.25781417762529e-06,0.125,0.0625,-0.1875,-0.01,0.01,-0.04,0,0.0
84,275000000,118,0.9857466220855713,0.16781100630760193,0.011962826363742352,5.93256154388655e-05,1.0000000247626106,1.0000000439398853,0.0,0.0,0.33729060766168145,0.023566901819350502,0.004133107383273241,0.23680960933591624,-3.359202663342359e-08,-1.924681351386227e-06,0.1875,0.1875,0.0625,0.0,0.03,-0.03,0,0.0
84,719000000,119,0.9857504367828369,0.16778871417045593,0.011962823569774628,5.958198380540125e-05,1.0000000444591506,1.000000068965984,0.0,0.0,0.33724538479931765,0.023566904194374606,0.004133078966877139,0.23680798119635066,-2.841639610163399e-08,-1.6281395655956331e-06,-0.0625,0.125,0.0,0.0,0.01,-0.05,0,0.0
85,81000000,120,0.9857536554336548,0.16776975989341736,0.011962820775806904,5.979989509796724e-05,1.0000000370962239,1.00000008137054,0.0,0.0,0.33720692565697974,0.02356690483534493,0.004133054526384321,0.23680658085926296,-2.4440492817946746e-08,-1.4003370876881488e-06,0.125,0.0,0.0,0.0,0.03,-0.05,0,0.0
85,435000000,121,0.9857563972473145,0.1677536517381668,0.011962818913161755,5.9985119150951505e-05,1.0000000375100289,1.0000000744727418,0.0,0.0,0.3371742436826456,0.023566906545751398,0.004133033997304994,0.23680540462966024,-2.052907932710568e-08,-1.1762296027324235e-06,-0.1875,-0.0625,0.0,0.0,0.01,-0.03,0,0.0
85,807000000,122,0.9857587218284607,0.16773995757102966,0.011962817050516605,6.014255995978601e-05,1.000000031817861,1.0000000692314117,0.0,0.0,0.3371464575953818,0.023566907315477646,0.004133016401975426,0.2368043964915368,-1.7595329568353968e-08,-1.0081381234084268e-06,0.125,0.3125,0.0,0.0,0.03,-0.04,0,0.0
86,250000000,123,0.9857606887817383,0.16772831976413727,0.011962815187871456,6.027638664818369e-05,1.0000000186894047,1.0000000504376036,0.0,0.0,0.33712284134220305,0.02356690721061204,0.004133001409731271,0.23680353749922134,-1.4992244154465872e-08,-8.589923154805739e-07,0.125,-0.1875,0.0,0.0,0.02,-0.06,0,0.0
86,732000000,124,0.985762357711792,0.16771842539310455,0.011962814256548882,6.039013896952383e-05,1.0000000043348793,1.0000000229739359,0.0,0.0,0.33710276201068734,0.023566908341077497,0.004132988831518205,0.2368028168206988,-1.2578213066591348e-08,-7.206785225319889e-07,0.0,0.125,-0.0625,-0.01,0.03,-0.01,0,0.0
87,97000000,125,0.9857637882232666,0.16771002113819122,0.011962813325226307,6.048682553227991e-05,1.000000004961884,1.0000000092604198,0.0,0.0,0.3370857108197362,0.02356690931556336,0.004132978232114889,0.23680220951962344,-1.0599403315984801e-08,-6.073010753628989e-07,-0.125,0.0625,0.0625,0.0,0.03,-0.06,0,0.0
87,460000000,126,0.9857680201530457,0.16768507659435272,0.011962848715484142,6.0569200286408886e-05,0.9999999939434634,0.9999999985852737,0.00010638519958766172,0.006095422939029923,0.33703509328771714,0.02356705577257212,0.004132556097320028,0.2367780229774923,-4.221347948609594e-07,-2.4186542131153766e-05,0.0625,0.0625,0.0625,0.0,0.0,-0.03,0,0.0
87,854000000,127,0.985771656036377,0.16766387224197388,0.011962879449129105,6.0639216826530173e-05,1.0000000230308512,1.00000001674289,0.0,0.0,0.33699207788979635,0.023567182481687706,0.0041321974649506325,0.23675747485632917,-3.5863236939534526e-07,-2.0548121163129995e-05,0.375,-0.1875,0.125,0.0,0.0,-0.04,0,0.0
88,207000000,128,0.9857746958732605,0.16764585673809052,0.011962905526161194,6.069873052183539e-05,0.9999999995492156,1.0000000224131655,0.0,0.0,0.33695551607447494,0.02356728888423944,0.0041318927998296616,0.23674001883073267,-3.0466512097090254e-07,-1.7456025596475386e-05,0.0625,0.125,0.0,0.01,0.02,-0.03,0,0.0
88,569000000,129,0.9857758283615112,0.16763944923877716,0.011962910182774067,6.074922930565663e-05,1.0000000418167063,1.0000000413447523,0.0,0.0,0.33694252917236794,0.023567309012959368,0.0041318407418772605,0.23673703612977,-5.205795240107586e-08,-2.9827009626745768e-06,-0.125,0.125,0.0,0.0,0.04,-0.03,0,0.0
88,983000000,130,0.9857767224311829,0.1676339954137802,0.01196291297674179,6.079214654164389e-05,1.0000000089440633,1.0000000507454978,0.0,0.0,0.33693145309396666,0.023567322190281563,0.0041317959021469,0.23673446700246586,-4.483973036015915e-08,-2.5691273041417417e-06,0.1875,-0.0625,-0.0625,-0.01,0.02,-0.03,0,0.0
89,355000000,131,0.9857774972915649,0.16762936115264893,0.011962915770709515,6.0828628193121403e-05,0.9999999959703628,1.0000000049033873,0.0,0.0,0.33692204627044886,0.02356733457401764,0.004131757970495999,0.2367322936789593,-3.793165090099776e-08,-2.173323506590778e-06,0.0,-0.125,0.0,0.0,0.03,-0.02,0,0.0
89,800000000,132,0.9857782125473022,0.16762542724609375,0.011962918564677238,6.085964196245186e-05,1.0000000416584345,1.000000037620804,0.0,0.0,0.33691407927338624,0.023567347280295046,0.004131726009583642,0.2367304624535718,-3.196091235765919e-08,-1.831225387481389e-06,0.1875,0.0,0.0,0.0,0.03,-0.01,0,0.0
90,162000000,133,0.9857787489891052,0.16762207448482513,0.011962920427322388,6.088599911890924e-05,1.0000000084926883,1.0000000501453592,0.0,0.0,0.33690726606569105,0.023567355361683657,0.004131698439323095,0.2367288827940024,-2.7570260546783132e-08,-1.5796595694067188e-06,-0.1875,0.375,-0.125,0.01,0.02,-0.02,0,0.0
90,525000000,134,0.9857792258262634,0.1676192283630371,0.011962921358644962,6.090840179240331e-05,1.0000000014924568,1.0000000099809812,0.0,0.0,0.3369014891968931,0.02356736144459997,0.004131674875791183,0.2367275327030734,-2.3563531912143554e-08,-1.3500909289876562e-06,0.125,-0.125,0.0,0.0,0.02,-0.05,0,0.0
90,888000000,135,0.9857796430587769,0.1676167994737625,0.011962922289967537,6.092744297347963e-05,1.000000005678393,1.000000007167813,0.0,0.0,0.33689656246288646,0.023567367177625045,0.004131654661184587,0.23672637449143097,-2.0214606595396478e-08,-1.1582116424335363e-06,0.125,0.0625,0.0,-0.01,0.03,-0.03,0,0.0
91,247000000,136,0.9857800006866455,0.16761474311351776,0.011962923221290112,6.094362834119238e-05,1.000000013554449,1.0000000192306635,0.0,0.0,0.33689239275848254,0.023567372396546507,0.004131637722879288,0.23672540399802522,-1.6938305299162015e-08,-9.704934057460607e-07,-0.25,0.125,-0.0625,0.0,0.0,-0.04,0,0.0
91,605000000,137,0.9857802987098694,0.16761299967765808,0.011962924152612686,6.09573871770408e-05,1.0000000151277728,1.0000000286806576,0.0,0.0,0.3368888559393385,0.023567376964614948,0.004131623480972594,0.23672458799687943,-1.4241906693898687e-08,-8.160011457795104e-07,-0.1875,-0.125,0.0,0.0,0.02,-0.02,0,0.0
91,957000000,138,0.9857805371284485,0.1676115095615387,0.01196292508393526,6.09690832789056e-05,1.0000000004062715,1.0000000155329059,0.0,0.0,0.3368858278602515,0.023567380767061566,0.004131611226424451,0.23672388586299098,-1.2254548143603161e-08,-7.02133888468339e-07,0.1875,-0.0625,-0.0625,-0.02,0.02,-0.04,0,0.0
92,360000000,139,0.9857807755470276,0.16761024296283722,0.011962926015257835,6.0979022237006575e-05,1.0000000231507238,1.000000023556165,0.0,0.0,0.3368832653141245,0.0235673851315049,0.00413160085591484,0.23672329167655887,-1.0370509610779788e-08,-5.9418643209754e-07,-0.1875,0.125,0.0,0.0,0.01,-0.03,0,0.0
92,807000000,140,0.9857809543609619,0.16760917007923126,0.011962926015257835,6.098747326177545e-05,1.000000019596888,1.0000000427470206,0.0,0.0,0.3368810873525809,0.023567386708126747,0.004131591867375875,0.23672277667121217,-8.988538965221116e-09,-5.150053466960582e-07,0.0,0.125,0.0,0.0,0.01,0.0,0,0.0
93,167000000,141,0.9857811331748962,0.16760826110839844,0.011962926015257835,6.099465463194065e-05,1.000000043517278,1.0000000631137378,0.0,0.0,0.33687925078163466,0.023567388690510727,0.00413158429777325,0.23672234296492922,-7.569602624400706e-09,-4.3370628296931216e-07,0.3125,-0.0625,0.125,0.0,0.03,-0.03,0,0.0
93,520000000,142,0.9857812523841858,0.16760748624801636,0.011962926015257835,6.100075916037895e-05,1.0000000311592254,1.0000000746761977,0.0,0.0,0.3368776746666222,0.023567389591140003,0.004131577806839061,0.23672197106179504,-6.490934189445907e-09,-3.7190313415242043e-07,-0.1875,0.0625,-0.125,0.0,0.02,-0.02,0,0.0
93,896000000,143,0.9857813715934753,0.16760683059692383,0.011962926015257835,6.100594691815786e-05,1.000000038782015,1.0000000699410196,0.0,0.0,0.3368763468355301,0.023567390784638407,0.004131572360901081,0.2367216590325333,-5.445937980089188e-09,-3.1202926174911106e-07,0.0625,0.0625,0.0625,0.0,0.01,-0.04,0,0.0
94,335000000,144,0.9857814908027649,0.16760626435279846,0.011962926015257835,6.1010356148472056e-05,1.0000000613903641,1.0000001001722143,0.0,0.0,0.336875205215225,0.0235673922282824,0.004131567519349408,0.23672138163205617,-4.841551672594979e-09,-2.774004771341969e-07,0.125,0.125,0.0625,0.0,0.01,-0.03,0,0.0
94,701000000,145,0.9857815504074097,0.16760578751564026,0.011962926015257835,6.101410690462217e-05,1.0000000402269702,1.0000001016172215,0.0,0.0,0.33687423094591407,0.023567392455324493,0.0041315635116645965,0.23672115200863084,-4.007684811617451e-09,-2.2962342532436234e-07,0.125,0.25,-0.0625,-0.01,0.03,-0.01,0,0.0
95,60000000,146,0.9857816100120544,0.16760538518428802,0.011962926015257835,6.101729377405718e-05,1.0000000315513438,1.0000000717782325,0.0,0.0,0.3368734118540694,0.023567392862352255,0.004131560175037317,0.23672096083396996,-3.336627279158788e-09,-1.911746609040177e-07,-0.0625,0.25,0.125,0.0,0.02,-0.02,0,0.0
95,435000000,147,0.9857816696166992,0.16760504245758057,0.011962926015257835,6.102000406826846e-05,1.0000000328658905,1.0000000644171747,0.0,0.0,0.33687271690357445,0.02356739342190611,0.004131557325034972,0.23672079754086395,-2.850002345233804e-09,-1.6329310598428356e-07,-0.0625,0.0,0.0,-0.01,0.03,-0.02,0,0.0
95,868000000,148,0.985781729221344,0.1676047444343567,0.011962926015257835,6.102230690885335e-05,1.000000041673048,1.0000000745388937,0.0,0.0,0.3368721150579371,0.023567394112626577,0.004131554741352799,0.23672064950677987,-2.5836821727215353e-09,-1.4803408410013457e-07,0.1875,0.125,-0.0625,0.0,0.03,-0.03,0,0.0
96,241000000,149,0.9857817888259888,0.1676044911146164,0.011962926015257835,6.102426414145157e-05,1.00000005797278,1.0000000996457965,0.0,0.0,0.33687160631851787,0.023567394913775328,0.0041315525459561546,0.23672052371981775,-2.195396644859293e-09,-1.2578696210761875e-07,0.0625,0.0,0.0625,0.0,0.01,-0.02,0,0.0
96,594000000,150,0.9857817888259888,0.16760428249835968,0.011962926015257835,6.102592669776641e-05,1.000000023007883,1.000000080980643,0.0,0.0,0.3368711718242185,0.023567394381785785,0.004131550832010283,0.236720425517953,-1.713945871513467e-09,-9.820186475159333e-08,0.125,0.0625,-0.0625,0.0,0.02,-0.05,0,0.0
96,976000000,151,0.9857817888259888,0.16760410368442535,0.011962926015257835,6.102734187152237e-05,0.9999999930380045,1.0000000160458717,0.0,0.0,0.33687079940035336,0.02356739392910679,0.004131549343440338,0.23672034022917762,-1.4885699452585333e-09,-8.528877537333395e-08,-0.25,0.1875,0.0625,-0.01,0.02,-0.03,0,0.0
97,379000000,152,0.9857818484306335,0.1676039695739746,0.01196292694658041,6.1028546042507514e-05,1.000000029328941,1.0000000223669352,0.0,0.0,0.3368705389627364,0.023567396804880212,0.004131548828341776,0.236720310716204,-5.150985618943005e-10,-2.951297362980163e-08,0.4375,-0.125,0.0,0.0,0.04,-0.07,0,0.0
97,742000000,153,0.9857818484306335,0.16760383546352386,0.01196292694658041,6.102956831455231e-05,1.0000000068515689,1.0000000361805015,0.0,0.0,0.3368702596439895,0.023567396478485273,0.0041315476347889455,0.2367202423306642,-1.1935528303544385e-09,-6.838553980520325e-08,0.0,0.125,-0.0625,0.0,0.03,-0.03,0,0.0
98,126000000,154,0.9857833981513977,0.1675948202610016,0.011962945573031902,6.103052874095738e-05,1.0000000238203715,1.0000000306301027,0.0,0.0,0.3368519724281319,0.0235674710793506,0.004131340212318645,0.2367083578985398,-2.0742247030039462e-07,-1.1884432124390277e-05,0.1875,0.1875,-0.0625,0.0,0.04,-0.05,0,0.0
98,518000000,155,0.9857831597328186,0.16759605705738068,0.011962942779064178,6.103125269873999e-05,0.9999999960393747,1.0000000198589531,0.0,0.0,0.3368544730969946,0.023567459469627332,0.004131370273027154,0.23671008025026655,3.0060708509221934e-08,1.7223517267514176e-06,0.0625,0.0625,0.0625,0.0,0.01,-0.02,0,0.0
98,912000000,156,0.9857829809188843,0.16759711503982544,0.01196294091641903,6.103186751715839e-05,0.9999999970596262,0.9999999930984254,0.0002349736096339586,0.01346299612898037,0.3368566201860558,0.02356745118149264,0.004131396158774726,0.23671156339435195,2.588574757149409e-08,1.4831440853876315e-06,0.0,0.125,-0.1875,-0.01,0.02,-0.02,0,0.0
99,273000000,157,0.9857828617095947,0.16759802401065826,0.011962939985096455,6.103239502408542e-05,1.0000000318753373,1.0000000289345436,0.0,0.0,0.33685847577137146,0.023567446203988738,0.004131418625855081,0.23671285066323428,2.246708035499173e-08,1.2872688823223095e-06,-0.125,-0.0625,0.125,0.0,0.03,-0.02,0,0.0
99,636000000,158,0.9857827425003052,0.16759878396987915,0.011962938122451305,6.103283885749988e-05,1.0000000417065662,1.000000073581609,0.0,0.0,0.33686002096151946,0.023567439436059105,0.004131437049280633,0.2367139062477626,1.842342555249954e-08,1.0555845283317005e-06,0.3125,0.0625,0.125,0.0,0.02,-0.03,0,0.0
100,41000000,159,0.9857826232910156,0.16759942471981049,0.011962936259806156,6.103321720729582e-05,1.0000000315589683,1.0000000732653236,0.0,0.0,0.33686131784725304,0.023567432704640654,0.004131452490606066,0.23671479097054,1.5441325432706543e-08,8.847227773821046e-07,-0.125,0.0,-0.0625,0.02,0.04,-0.01,0,0.0
100,451000000,160,0.9857825040817261,0.16759997606277466,0.011962935328483582,6.1033537349430844e-05,1.0000000064383234,1.0000000379971332,0.0,0.0,0.33686242851921355,0.023567427840328475,0.004131465989867592,0.23671556442125197,1.3499261526314643e-08,7.73450712001159e-07,0.0,0.125,0.0,-0.01,0.01,-0.03,0,0.0
100,816000000,161,0.9857824444770813,0.16760043799877167,0.011962934397161007,6.1033810197841376e-05,1.0000000250905532,1.0000000315287685,0.0,0.0,0.33686337182451387,0.02356742442927912,0.004131477263421566,0.2367162103483148,1.1273553974025519e-08,6.459270628245991e-07,-0.125,-0.1875,-0.0625,0.01,0.04,-0.04,0,0.0
101,269000000,162,0.9857838749885559,0.16759192943572998,0.011962952092289925,6.103413397795521e-05,1.0000000094736856,1.000000034527018,0.0,0.0,0.3368461021633698,0.023567494492205104,0.0041312803832585085,0.23670492994590173,-1.9688016305793865e-07,-1.1280402413067348e-05,-0.3125,0.25,0.0625,0.0,0.02,-0.04,0,0.0
101,623000000,163,0.9857820868492126,0.16760249435901642,0.011962930671870708,6.103422128944658e-05,1.0000000171517942,1.0000000265680724,0.0,0.0,0.33686754183948325,0.023567408134732834,0.004131525994110365,0.2367190024111157,2.4561085185635656e-07,1.4072465213982132e-05,0.75,-0.0625,-0.0625,-0.01,0.03,-0.01,0,0.0
101,986000000,164,0.9857790470123291,0.16762037575244904,0.011962893418967724,6.103420309955254e-05,1.0000000172200276,1.000000034207329,0.0,0.0,0.33690382494396437,0.023567259739890024,0.004131941030575794,0.23674278224892883,4.150364654289043e-07,2.3779837813103515e-05,-6.5625,-0.0625,0.0,-0.02,-0.01,0.14,0,0.0
102,420000000,165,0.9857436418533325,0.1678284853696823,0.011962908320128918,5.1879080274375156e-05,1.0000000209113336,1.0000000158078843,0.0,0.0,0.3373259078081361,0.02356949021768885,0.00411886816352545,0.23599376214080847,-1.3072867050344106e-05,-0.0007490201081203548,1.3125,0.0,0.0,0.0,0.02,-0.1,0,0.0
102,792000000,166,0.9857105016708374,0.16802316904067993,0.011962884105741978,4.409722168929875e-05,1.0000000454896685,1.0000000468707226,0.0,0.0,0.33772079825886164,0.023571244927472115,0.004108170342219194,0.2353808221299749,-1.069782130625526e-05,-0.0006129400108335557,1.1875,0.25,0.0625,0.0,0.05,-0.05,0,0.0
103,155000000,167,0.9856743812561035,0.16823463141918182,0.011962877586483955,3.748264134628698e-05,0.999999994459224,1.0000000169165064,0.0,0.0,0.3381497539204291,0.02357257518978849,0.004100182560652887,0.2349231559585531,-7.987781566307431e-06,-0.00045766617142181394,0.0625,0.0625,-0.125,-0.01,0.0,-0.05,0,0.0
103,519000000,168,0.9856452345848083,0.16840548813343048,0.011962891556322575,3.186024696333334e-05,1.000000024341332,1.000000003763978,0.0,0.0,0.33849636853404624,0.023573786584663258,0.0040931876991239435,0.2345223799146662,-6.994861528943422e-06,-0.0004007760438868842,0.1875,0.0,-0.0625,0.02,0.0,-0.07,0,0.0
103,871000000,169,0.9856173396110535,0.16856849193572998,0.011962865479290485,2.70812106464291e-05,0.9999999937496622,1.00000000440539,0.0,0.0,0.33882705530812757,0.023574668819965408,0.004087655023168597,0.23420538093301135,-5.532675955346317e-06,-0.00031699898165485466,-0.125,0.0625,0.0,0.0,0.0,-0.06,0,0.0
104,244000000,170,0.985595166683197,0.16869816184043884,0.011962861754000187,2.3019030777504668e-05,1.0000000064944214,0.9999999915828716,0.0002594937910701514,0.014867899038169246,0.3390901303901587,0.023575494744027883,0.004082746357434287,0.2339241351033949,-4.908665734310209e-06,-0.0002812458296164601,-0.0625,0.0625,-0.0625,0.0,0.02,-0.02,0,0.0
104,648000000,171,0.9855732321739197,0.168826162815094,0.011962821707129478,1.956617779796943e-05,0.9999999893573237,0.9999999874130971,0.00031732510622052925,0.01818138931997687,0.3393498278872577,0.023576051132315763,0.004078987240308835,0.23370875355741116,-3.759117125451579e-06,-0.0002153815459837255,0.5625,0.1875,0.0,0.0,0.01,-0.05,0,0.0
105,0,172,0.9855546355247498,0.16893495619297028,0.011962787248194218,1.663125294726342e-05,1.000000033791793,1.0000000170538927,0.0,0.0,0.33957057925371015,0.023576525770558958,0.004075791894875786,0.23352567375001104,-3.1953454330494596e-06,-0.0001830798074001364,-0.75,0.0,-0.3125,0.0,0.02,0.01,0,0.0
105,364000000,173,0.985541820526123,0.16900964081287384,0.011962794698774815,1.4136564459477086e-05,1.0000000236752442,1.000000054592918,0.0,0.0,0.3397220997812145,0.023577074771263296,0.004072662776972823,0.23334638850057243,-3.129117902962719e-06,-0.0001792852494385905,0.5625,-0.125,-0.125,0.02,0.01,-0.04,0,0.0
105,735000000,174,0.9855278730392456,0.1690908968448639,0.011962763965129852,1.2016079381282907e-05,1.0000000138995657,1.000000034174024,0.0,0.0,0.33988696798177975,0.023577395392887016,0.00407041588093353,0.2332176508405163,-2.2468960392931295e-06,-0.0001287376600561571,0.4375,0.125,0.0,-0.01,0.0,-0.04,0,0.0
106,130000000,175,0.9855111837387085,0.16918818652629852,0.011962790973484516,1.0213668247160967e-05,1.0000000221031609,1.0000000311291948,0.0,0.0,0.3400843953017955,0.023577656954590947,0.004069199410075516,0.23314795219445142,-1.2164708580141015e-06,-6.969864606486603e-05,-0.0625,0.25,0.0,0.01,0.01,-0.02,0,0.0
106,492000000,176,0.9854984879493713,0.16926197707653046,0.011962831020355225,8.681618055561557e-06,0.9999999980178725,1.0000000173167451,0.0,0.0,0.34023412540420467,0.023577949342315534,0.004067958195965281,0.2330768358644629,-1.241214110234666e-06,-7.111632998853208e-05,0.25,0.0625,0.0625,0.0,0.0,-0.04,0,0.0
106,846000000,177,0.9854862093925476,0.16933360695838928,0.011962847784161568,7.379375801974675e-06,1.000000024564996,1.0000000199412193,0.0,0.0,0.3403794931648829,0.02357812844352489,0.00406711054340108,0.2330282689500407,-8.476525642014607e-07,-4.856691442218575e-05,0.3125,0.1875,0.0,-0.01,0.0,0.0,0,0.0
107,309000000,178,0.9854757189750671,0.16939447820186615,0.011962860822677612,6.272469363466371e-06,0.9999999960065573,1.0000000186632623,0.0,0.0,0.3405030118765803,0.02357827730194103,0.0040663893418009505,0.23298694714217522,-7.212016001293536e-07,-4.132180786549361e-05,0.0625,-0.375,-0.0625,0.03,0.01,-0.05,0,0.0
107,661000000,179,0.9854668378829956,0.1694462150335312,0.011962871998548508,5.33159891347168e-06,1.0000000093455899,1.0000000039739176,0.0,0.0,0.3406080084439865,0.023578405082659758,0.004065776302338938,0.23295182256832692,-6.130394620126531e-07,-3.512457384829558e-05,0.0,0.0,-0.0625,0.0,0.02,-0.02,0,0.0
108,40000000,180,0.9854592680931091,0.16949018836021423,0.011962881311774254,4.531858849077253e-06,1.0000000017854023,1.0000000101351947,0.0,0.0,0.3406972440938828,0.02357851298269789,0.00406525511184557,0.23292196055273462,-5.211904933674627e-07,-2.9862015592296737e-05,0.0625,0.25,0.0,0.01,0.0,-0.02,0,0.0
108,401000000,181,0.985451340675354,0.16953647136688232,0.011962871998548508,3.852080226351973e-06,1.0000000351418386,1.00000003582453,0.0,0.0,0.34079118436982075,0.02357853503889353,0.004065019395420904,0.2329084549964393,-2.3571642466645865e-07,-1.3505556295301494e-05,0.1875,0.0625,-0.0625,0.01,0.0,-0.01,0,0.0
108,755000000,182,0.9854445457458496,0.16957581043243408,0.011962862685322762,3.274268237873912e-06,1.0000000091592047,1.0000000435040104,0.0,0.0,0.3408710135349631,0.023578549776709208,0.004064818541526922,0.23289694691601537,-2.008538939821114e-07,-1.1508080423943068e-05,0.5625,0.0,-0.0625,0.0,0.01,-0.03,0,0.0
109,133000000,183,0.9854403138160706,0.16960035264492035,0.011962873861193657,2.783127911243355e-06,1.0000000010349808,1.00000000988395,0.0,0.0,0.3409208162070368,0.02357863700970406,0.0040644414163954375,0.232875339237633,-3.771251314843571e-07,-2.1607678382369906e-05,0.125,-0.1875,0.0,0.0,0.0,-0.04,0,0.0
109,580000000,184,0.985436737537384,0.16962121427059174,0.011962883174419403,2.365658701819484e-06,1.000000015299197,1.0000000161100921,0.0,0.0,0.34096315702609303,0.023578711327557,0.004064120822258931,0.23285697054667456,-3.2059413650632057e-07,-1.836869095845316e-05,-0.4375,-0.3125,0.0,0.01,0.0,-0.06,0,0.0
109,941000000,185,0.9854321479797363,0.16964784264564514,0.011962872929871082,2.0108097942284076e-06,1.000000009559529,1.000000024493596,0.0,0.0,0.3410171982571956,0.02357870159827015,0.004064055050106341,0.23285320207992166,-6.577215258974506e-08,-3.7684667528828392e-06,0.0,-0.25,0.0,0.01,-0.01,-0.03,0,0.0
110,385000000,186,0.9854297637939453,0.16966158151626587,0.011962882243096828,1.7091882682507276e-06,0.9999999910840375,1.0000000005463006,0.0,0.0,0.34104507331619205,0.023578765219508753,0.004063792390740084,0.23283815280678552,-2.6265936625777947e-07,-1.5049273136151667e-05,-0.4375,0.125,-0.0625,0.0,0.0,-0.02,0,0.0
110,742000000,187,0.9854277968406677,0.16967326402664185,0.011962891556322575,1.4528101246469305e-06,1.0000000350441023,1.0000000260579325,0.0,0.0,0.3410687956275471,0.023578823490966152,0.0040635697148665335,0.23282539441903172,-2.2267587355007806e-07,-1.2758387753808273e-05,-0.125,-0.1875,-0.125,0.01,0.0,-0.04,0,0.0
111,105000000,188,0.9854260683059692,0.16968318819999695,0.011962898075580597,1.234888600265549e-06,1.0000000156932838,1.0000000506866247,0.0,0.0,0.34108892910355326,0.02357886892194401,0.0040633798248251585,0.23281451452108937,-1.8989004137506815e-07,-1.0879897942355984e-05,-0.25,0.0625,-0.125,0.0,0.0,-0.02,0,0.0
111,512000000,189,0.9854246377944946,0.16969162225723267,0.011962903663516045,1.0496553386474261e-06,1.0000000372509326,1.0000000529076103,0.0,0.0,0.34110605189959664,0.023578908564050965,0.004063218399982624,0.23280526555890355,-1.6142484253467426e-07,-9.24896218580073e-06,-0.25,-0.25,-0.0625,0.01,0.0,-0.02,0,0.0
111,879000000,190,0.9854233860969543,0.1696987897157669,0.011962908320128918,8.922070264816284e-07,1.0000000201370274,1.000000057361479,0.0,0.0,0.34112059176535686,0.023578941225255383,0.004063081122408875,0.23279740013330597,-1.3727757374858846e-07,-7.865425597590023e-06,0.125,0.0,0.0625,-0.01,0.01,-0.02,0,0.0
112,229000000,191,0.9854223132133484,0.1697048842906952,0.01196291297674179,7.583759611407004e-07,0.9999999972091644,1.0000000173270356,0.0,0.0,0.3411329524897236,0.023578970153836375,0.004062964727950342,0.2327907312220733,-1.1639445853320329e-07,-6.668911232663019e-06,0.3125,-0.0625,0.125,0.0,0.0,-0.02,0,0.0
112,591000000,192,0.9854214191436768,0.16971006989479065,0.01196291670203209,6.446195470743987e-07,0.9999999962536339,0.9999999934489471,0.00022892886108146675,0.013116657548704771,0.3411434757165505,0.023578994714622614,0.004062865838930523,0.23278506529859747,-9.888901981915804e-08,-5.6659234758233075e-06,0.0625,-0.125,0.0,0.01,0.0,-0.01,0,0.0
112,945000000,193,0.9854207038879395,0.16971448063850403,0.011962920427322388,5.479266746988287e-07,1.000000040027424,1.000000036271071,0.0,0.0,0.34115244099973313,0.023579017764571344,0.004062782045004706,0.23278026426029932,-8.379392581712997e-08,-4.801038298153855e-06,-0.25,0.125,0.0625,0.0,0.0,0.0,0,0.0
113,288000000,194,0.9854200482368469,0.16971822082996368,0.011962923221290112,4.6573765644097875e-07,1.0000000287405064,1.000000068760719,0.0,0.0,0.3411600275974141,0.023579035482805648,0.00406271047971342,0.23277616387114902,-7.156529128592853e-08,-4.100389150308073e-06,0.125,0.0,0.0625,0.0,0.01,-0.02,0,0.0
113,660000000,195,0.985419511795044,0.16972139477729797,0.01196292508393526,3.958770093959174e-07,1.0000000388241266,1.0000000675594507,0.0,0.0,0.3411664720057719,0.02357905003373641,0.004062649350636079,0.23277266143301187,-6.112907734081435e-08,-3.5024381371574557e-06,-0.1875,0.125,0.0,-0.01,0.0,-0.03,0,0.0
114,54000000,196,0.9854174852371216,0.1697329878807068,0.011962908320128918,3.3649544661784603e-07,1.0000000092807768,1.000000048035649,0.0,0.0,0.34118999334451333,0.02357898863969485,0.004062804040348036,0.2327815245006411,1.5468971195729125e-07,8.863067629247174e-06,-0.0625,0.0625,0.0625,0.02,-0.02,-0.01,0,0.0
114,407000000,197,0.9854158163070679,0.16974285244941711,0.011962895281612873,2.8602116231013497e-07,1.0000000389246944,1.0000000481554232,0.0,0.0,0.3412100254882654,0.023578940127634822,0.0040629361874886345,0.2327890959740721,1.3214714059822663e-07,7.571473431000283e-06,-1.0625,-0.1875,-0.125,0.0,0.0,-0.03,0,0.0
114,790000000,198,0.9854158759117126,0.16974233090877533,0.011962901800870895,2.431179950690421e-07,1.0000000092103742,1.0000000481349305,0.0,0.0,0.3412089562886548,0.023578968975368163,0.004062841343200346,0.23278366179664225,-9.484428828854946e-08,-5.434177429855946e-06,0.5625,0.0,-0.125,0.01,0.02,-0.04,0,0.0
115,162000000,199,0.9854159355163574,0.1697418987751007,0.011962907388806343,2.066502986508567e-07,0.9999999946612951,1.0000000038715735,0.0,0.0,0.34120807363259475,0.02357899380164164,0.004062761008817494,0.23277905897555506,-8.033438285166145e-08,-4.602821087188335e-06,0.5,0.25,0.0,-0.01,0.01,-0.06,0,0.0
115,524000000,200,0.9854145050048828,0.16975043714046478,0.011962894350290298,1.7565277232733933e-07,1.0000000342123314,1.0000000288361517,0.0,0.0,0.34122541743483203,0.02357894438522544,0.004062899813066062,0.2327870118731765,1.388042485681376e-07,7.952897621439086e-06,-0.0625,0.1875,-0.125,0.0,0.0,-0.03,0,0.0
115,913000000,201,0.9854132533073425,0.169757679104805,0.011962882243096828,1.4930485292552476e-07,1.0000000299801972,1.000000064165523,0.0,0.0,0.3412401156230796,0.023578899506701036,0.004063017073852267,0.2327937304213284,1.1726078620426239e-07,6.718548151890104e-06,0.25,0.0,-0.125,0.0,0.0,-0.04,0,0.0
116,282000000,202,0.9854121804237366,0.16976383328437805,0.011962871998548508,1.2690912853940972e-07,1.000000017362669,1.0000000473233541,0.0,0.0,0.341252603143885,0.023578861238428117,0.004063116725522071,0.23279944004142958,9.965166980398926e-08,5.709620101199853e-06,0.0,0.125,0.0,0.0,0.0,-0.02,0,0.0
116,635000000,203,0.9854112863540649,0.1697690635919571,0.011962862685322762,1.0787275783741279e-07,1.000000024155251,1.0000000415038426,0.0,0.0,0.34126322171660556,0.023578827945422227,0.004063201205765839,0.23280428040284976,8.448024376838531e-08,4.840361420164852e-06,0.1875,-0.0625,0.0,0.0,0.01,-0.04,0,0.0
116,997000000,204,0.9854089617729187,0.16978240013122559,0.011962836608290672,9.169184522761498e-08,0.9999999973982131,1.0000000214618303,0.0,0.0,0.34129028399375727,0.02357872639841428,0.004063479617186365,0.23282023220221415,2.7841142052637685e-07,1.595179936440333e-05,0.0,-0.25,0.0625,0.0,-0.02,-0.04,0,0.0
117,441000000,205,0.9854070544242859,0.1697937548160553,0.011962815187871456,7.793807554890009e-08,1.0000000455154527,1.0000000428473832,0.0,0.0,0.34131334781420053,0.02357864319354792,0.004063716964935032,0.2328338312264897,2.3734774866682185e-07,1.3599024275540702e-05,0.1875,-0.0625,-0.0625,0.0,0.01,-0.05,0,0.0
117,804000000,206,0.9854053854942322,0.16980338096618652,0.011962796561419964,6.624736670346465e-08,1.0000000352250786,1.0000000806928087,0.0,0.0,0.3413328840438563,0.023578570502671054,0.004063917961129126,0.23284534746010946,2.009961940939095e-07,1.1516233619773339e-05,0.25,0.0,0.0,-0.01,0.01,-0.03,0,0.0
118,176000000,207,0.9854039549827576,0.16981156170368195,0.011962780728936195,5.6310259566316745e-08,1.0000000145533379,1.0000000497439314,0.0,0.0,0.3413494829659241,0.02357850843058516,0.004064088771718966,0.23285513418600343,1.7081058983989955e-07,9.786725893966424e-06,0.1875,0.125,0.125,0.01,0.0,-0.02,0,0.0
118,580000000,208,0.9854027628898621,0.16981852054595947,0.011962766759097576,4.786372187481902e-08,1.0000000214099631,1.0000000359383778,0.0,0.0,0.3413636105842348,0.023578455230444054,0.004064233911063212,0.23286345005787004,1.4513934424621733e-07,8.315871866604621e-06,0.125,-0.0625,0.0625,0.01,-0.01,0.0,0,0.0
118,944000000,209,0.9854017496109009,0.16982443630695343,0.011962754651904106,4.068416359359617e-08,1.0000000274010308,1.0000000487929832,0.0,0.0,0.3413756206359336,0.023578409551570798,0.004064357217912352,0.23287051501991077,1.2330684913929024e-07,7.064962040737678e-06,-0.25,-0.125,-0.0625,-0.01,-0.01,-0.03,0,0.0
119,317000000,210,0.9854008555412292,0.16982947289943695,0.011962744407355785,3.458153940982811e-08,1.000000001610222,1.0000000289981699,0.0,0.0,0.34138583579301734,0.0235783700319415,0.004064462240497401,0.23287653237078768,1.0502258504952594e-07,6.0173508768915745e-06,0.5,-0.0625,0.0,0.0,0.01,-0.05,0,0.0
119,700000000,211,0.9854016900062561,0.16982486844062805,0.01196275558322668,2.939430920889663e-08,1.0000000420646027,1.000000043663877,0.0,0.0,0.34137650234600325,0.02357841379669387,0.004064345620219257,0.23286985052104436,-1.1662027814447751e-07,-6.681849743320316e-06,0.0625,-0.0625,0.0625,-0.01,0.01,-0.04,0,0.0
120,53000000,212,0.9854023456573486,0.16982093453407288,0.011962763965129852,2.4985162383472925e-08,1.0000000201773582,1.000000062234009,0.0,0.0,0.34136850979137445,0.023578447509708448,0.004064245631473631,0.23286412158792122,-9.998874562523741e-08,-5.7289331231332776e-06,-0.375,-0.0625,0.0625,0.01,0.0,-0.02,0,0.0
120,426000000,213,0.9854029417037964,0.16981759667396545,0.01196277141571045,2.1237388736494722e-08,1.0000000407792802,1.000000060950891,0.0,0.0,0.341361740964444,0.02357847773552662,0.004064160894378387,0.23285926650999553,-8.47370952442375e-08,-4.855077925692889e-06,0.625,0.0625,0.1875,0.01,0.0,-0.04,0,0.0
120,829000000,214,0.9854080080986023,0.16978809237480164,0.011962832883000374,1.8051780514838356e-08,1.0000000240538578,1.0000000643850513,0.0,0.0,0.3413018455684366,0.023578721243187828,0.004063469408254419,0.2328196472735003,-6.914861239680492e-07,-3.961923649522926e-05,0.6875,0.0,0.0,0.0,0.0,-0.05,0,0.0
121,273000000,215,0.9854108095169067,0.16977189481258392,0.011962867341935635,1.5344014059337496e-08,1.00000003498803,1.0000000589067837,0.0,0.0,0.3412689702535515,0.02357885713916507,0.004063088138554792,0.23279780212885545,-3.8126969962703344e-07,-2.1845144644849634e-05,0.0625,0.0625,0.0,0.0,0.0,-0.02,0,0.0
121,647000000,216,0.9854131937026978,0.1697581261396408,0.011962896212935448,1.3042411595165504e-08,1.000000047299796,1.000000082190197,0.0,0.0,0.3412410257711113,0.02357897189604292,0.00406276389728622,0.23277922447262228,-3.242412685722923e-07,-1.8577656233160167e-05,0.0,-0.0625,-0.125,-0.01,0.0,-0.01,0,0.0
122,0,217,0.9854152202606201,0.16974642872810364,0.011962920427322388,1.1086049411801469e-08,1.0000000589261895,1.0000001061555197,0.0,0.0,0.34121728548559693,0.023579068796909852,0.004062488322830893,0.2327634352193904,-2.755744553271586e-07,-1.578925323186263e-05,0.375,-0.125,0.0625,0.01,0.0,-0.04,0,0.0
122,371000000,218,0.9854169487953186,0.16973648965358734,0.011962941847741604,9.423142266484774e-09,1.0000000754353224,1.0000001343106295,0.0,0.0,0.34119711600456826,0.023579152957771222,0.004062254457578493,0.23275003572745315,-2.3386525239976752e-07,-1.3399491937268426e-05,0.125,0.25,-0.0625,0.0,0.03,-0.01,0,0.0
122,776000000,219,0.9854183793067932,0.16972804069519043,0.011962959542870522,8.009671148556663e-09,1.0000000512374385,1.0000001266360492,0.0,0.0,0.34117995804016205,0.02357922255755059,0.004062055479577507,0.23273863512778073,-1.989780009856168e-07,-1.1400599672425777e-05,-0.3125,0.0,0.0625,-0.02,0.0,0.0,0,0.0
123,135000000,220,0.9854196310043335,0.169720858335495,0.011962974444031715,6.808220209819638e-09,1.000000065840199,1.0000001170510644,0.0,0.0,0.34116538369685656,0.0235792822979023,0.004061886282508552,0.2327289408498236,-1.691970689552888e-07,-9.694277957122013e-06,-0.125,-0.125,0.125,0.01,0.0,-0.01,0,0.0
123,501000000,221,0.9854205846786499,0.16971473395824432,0.01196298561990261,5.786986445599496e-09,0.9999999663279354,1.0000000321489284,0.0,0.0,0.3411529198386402,0.023579327500617343,0.004061741494833181,0.23272064512709936,-1.4478767537077358e-07,-8.295722724255584e-06,-0.125,-0.125,0.125,-0.01,0.01,-0.02,0,0.0
123,901000000,222,0.9854215383529663,0.16970956325531006,0.01196299772709608,4.918939033871084e-09,1.0000000287124262,0.9999999950265397,0.00019946850005704935,0.011428703199073948,0.3411424444025034,0.023579374487333146,0.004061620149004433,0.23271369252325058,-1.2134582874807898e-07,-6.9526038487821796e-06,-0.0625,0.0,-0.0625,0.02,0.01,-0.05,0,0.0
124,267000000,223,0.9854238033294678,0.16969625651836395,0.01196302566677332,4.1810981343815e-09,1.0000000028138818,1.0000000314352084,0.0,0.0,0.3411154255058317,0.02357948402499471,0.004061309722141018,0.2326959063741294,-3.104268634151683e-07,-1.7786149121173203e-05,0.0,0.0,-0.125,0.0,0.0,-0.04,0,0.0
124,622000000,224,0.9854257702827454,0.16968494653701782,0.01196304988116026,3.553933369815354e-09,1.0000000221905356,1.0000000249385252,0.0,0.0,0.3410924744488686,0.023579579048732122,0.004061046034127032,0.23268079816381984,-2.636880139855399e-07,-1.5108210309558063e-05,-0.0625,-0.1875,0.0625,-0.02,0.0,-0.03,0,0.0
125,24000000,225,0.9854274392127991,0.1696753352880478,0.0119630703702569,3.0208433532408208e-09,1.0000000362056445,1.0000000583486,0.0,0.0,0.34107296982445107,0.0235796595641101,0.004060821920311258,0.23266795738804538,-2.241138157745709e-07,-1.2840775774455365e-05,-0.0625,-0.25,-0.0625,0.0,0.0,-0.02,0,0.0
125,376000000,226,0.9854288697242737,0.16966716945171356,0.011963087134063244,2.5677169279703094e-09,1.0000000605647947,1.0000000967360778,0.0,0.0,0.3410564025130902,0.02357972700236417,0.004060631290693914,0.23265703511552138,-1.9062961734411105e-07,-1.0922272524011441e-05,0.0,-0.125,-0.0625,0.0,0.0,-0.04,0,0.0
125,741000000,227,0.9854300618171692,0.16966022551059723,0.011963102035224438,2.1825594664903747e-09,1.0000000573317993,1.0000001178717777,0.0,0.0,0.3410423065046855,0.02357978503955212,0.004060469405159193,0.23264775975761767,-1.6188553472046285e-07,-9.275357903701073e-06,-0.0625,0.0625,0.0,0.0,0.02,0.0,0,0.0
126,193000000,228,0.9854310750961304,0.16965432465076447,0.011963114142417908,1.855175568721279e-09,1.0000000548689019,1.0000001121827808,0.0,0.0,0.34103032802150957,0.023579833269598137,0.004060331648026508,0.23263986685531698,-1.3775713268542045e-07,-7.892902300698276e-06,0.1875,0.0625,-0.0625,0.0,0.01,-0.01,0,0.0
126,546000000,229,0.9854319095611572,0.16964930295944214,0.011963124386966228,1.5768992778220081e-09,1.0000000253605354,1.0000000802164821,0.0,0.0,0.3410201253229351,0.023579873531438346,0.004060214395774474,0.23263314879613706,-1.1725225203349648e-07,-6.718059179923573e-06,0.25,0.0625,-0.0625,0.0,0.01,-0.01,0,0.0
126,912000000,230,0.9854326248168945,0.1696450412273407,0.011963133700191975,1.3403643750464767e-09,1.0000000073172346,1.0000000326684333,0.0,0.0,0.34101146893963097,0.023579909090090476,0.004060115097244414,0.23262745940945276,-9.929853005997968e-08,-5.689386684289773e-06,0.0,-0.0625,0.125,0.0,0.0,-0.04,0,0.0
127,271000000,231,0.9854332804679871,0.1696414202451706,0.011963141150772572,1.139309757647311e-09,1.0000000392314445,1.000000046541909,0.0,0.0,0.3410041293740901,0.02357993953816245,0.004060030570907098,0.23262261640706683,-8.452633731663439e-08,-4.843002385942307e-06,-0.0625,0.125,0.0,0.01,0.0,-0.04,0,0.0
127,625000000,232,0.98543381690979,0.16963833570480347,0.011963147670030594,9.684132384890631e-10,1.0000000446761332,1.0000000839026781,0.0,0.0,0.3409978701006606,0.02357996528696135,0.0040599586262016285,0.23261849427908513,-7.194470546915965e-08,-4.122127981694619e-06,-0.125,0.125,-0.0625,0.0,0.0,-0.04,0,0.0
127,998000000,233,0.9854342937469482,0.16963571310043335,0.011963153257966042,8.23151269369049e-10,1.000000069743754,1.0000001144163377,0.0,0.0,0.3409925548428238,0.023579987764531428,0.004059897471119112,0.23261499035096117,-6.115508251625795e-08,-3.5039281239558713e-06,0.0,-0.0625,0.25,0.0,0.0,-0.01,0,0.0
128,361000000,234,0.9854346513748169,0.16963349282741547,0.011963157914578915,6.996785928414795e-10,1.0000000455831615,1.00000011532439,0.0,0.0,0.3409880402657627,0.023580005545657725,0.004059845671604862,0.2326120224574138,-5.179951424998802e-08,-2.9678935473520794e-06,0.0625,0.0625,0.125,0.0,0.0,-0.04,0,0.0
128,815000000,235,0.9854349493980408,0.16963160037994385,0.011963161639869213,5.947268233441605e-10,1.0000000182895008,1.0000000638708282,0.0,0.0,0.3409841900945334,0.023580020057961296,0.004059801438108455,0.23260948806475656,-4.423349640736429e-08,-2.5343926572490634e-06,-0.125,0.125,0.0625,0.0,0.03,-0.05,0,0.0
129,255000000,236,0.9854352474212646,0.1696299910545349,0.011963165365159512,5.055177942914213e-10,1.0000000390254618,1.0000000573136238,0.0,0.0,0.34098093020356696,0.023580034564925873,0.004059764011518917,0.2326073436791345,-3.742658953760636e-08,-2.1443856220733275e-06,-0.4375,-0.0625,-0.125,0.0,0.0,0.01,0,0.0
129,633000000,237,0.9854388236999512,0.16960930824279785,0.011963097378611565,4.296901168210354e-10,1.0000000541983156,1.000000093003493,0.0,0.0,0.34093895170253086,0.02357998615126913,0.004059245782975411,0.23257765137076836,-5.182285435067352e-07,-2.969230836614769e-05,0.3125,0.125,0.0625,-0.01,0.03,-0.04,0,0.0
130,13000000,238,0.9854418635368347,0.1695917248725891,0.011963039636611938,3.652365909712074e-10,1.0000000669367761,1.000000120975886,0.0,0.0,0.3409032639949396,0.02357994509069307,0.004058805237620374,0.23255240998124066,-4.4054535503629255e-07,-2.524138952767199e-05,0.0625,0.125,-0.0625,0.01,0.01,-0.02,0,0.0
130,377000000,239,0.9854444265365601,0.16957677900791168,0.011962990276515484,3.104511092644202e-10,1.0000000574535104,1.0000001242753151,0.0,0.0,0.3408729229358141,0.02357990913856093,0.004058430682424437,0.23253094954931877,-3.7455519593700137e-07,-2.1460431921885778e-05,-0.5,0.0,0.125,0.0,0.02,-0.01,0,0.0
130,761000000,240,0.9854465126991272,0.16956406831741333,0.011962946504354477,2.6388341511918156e-10,0.9999999573721439,1.0000000147426988,0.0,0.0,0.3408470896111341,0.023579872787494082,0.004058111535947275,0.2325126638031309,-3.1914647716235756e-07,-1.8285746187871402e-05,0.25,0.0,-0.0625,0.01,0.01,-0.02,0,0.0
131,173000000,241,0.98544842004776,0.16955329477787018,0.011962912045419216,2.2430091117797701e-10,1.000000009804632,0.9999999671169227,0.0005128982545600375,0.029386905305916675,0.3408252379792283,0.023579850514743508,0.004057841926707507,0.2324972163315745,-2.696092397677999e-07,-1.5447471556425607e-05,-0.0625,0.0625,0.0,0.0,-0.01,-0.01,0,0.0
131,547000000,242,0.985450029373169,0.16954411566257477,0.011962882243096828,1.9065576895016534e-10,1.0000000390494723,1.0000000488106817,0.0,0.0,0.34080661528877704,0.02357983028757101,0.004057612069088984,0.2324840464601442,-2.2985761852310077e-07,-1.316987143030177e-05,-0.0625,0.125,0.0625,0.0,0.03,-0.03,0,0.0
131,996000000,243,0.9854514002799988,0.1695363074541092,0.011962857097387314,1.6205740915875566e-10,1.0000000659044563,1.0000001049225076,0.0,0.0,0.34079077457610263,0.023579813532857884,0.004057416611537422,0.2324728475673657,-1.954575515623197e-07,-1.1198892778481589e-05,0.0625,0.0,0.0625,-0.01,0.0,-0.03,0,0.0
132,373000000,244,0.9854525327682495,0.16952967643737793,0.011962835676968098,1.377487984788317e-10,1.0000000574848755,1.0000001233667088,0.0,0.0,0.34077731194938415,0.023579798414876913,0.004057250600080861,0.23246333581155396,-1.660114565607551e-07,-9.511755811750669e-06,0.1875,0.0,0.125,-0.01,0.0,-0.02,0,0.0
132,819000000,245,0.9854534864425659,0.16952404379844666,0.011962817050516605,1.1708647940089634e-10,1.0000000421796842,1.0000000996482439,0.0,0.0,0.3407658736425288,0.02357978452431769,0.004057109437730475,0.23245524780465068,-1.4116235038611619e-07,-8.088006903271384e-06,0.0625,0.0625,0.0,-0.01,0.0,-0.04,0,0.0
133,186000000,246,0.9854543209075928,0.16951926052570343,0.011962801218032837,9.952350749076189e-11,1.0000000534488027,1.0000000956167012,0.0,0.0,0.3407561680394467,0.023579773287875534,0.004056989557047351,0.23244837914746255,-1.1988068312346334e-07,-6.868657188119644e-06,-0.25,0.0625,0.0625,0.0,0.0,-0.06,0,0.0
133,543000000,247,0.9854550361633301,0.1695151925086975,0.011962788179516792,8.459498379576047e-11,1.0000000685459771,1.0000001219862533,0.0,0.0,0.34074791554106393,0.02357976470573363,0.004056887747418403,0.23244254588541002,-1.0180962894869999e-07,-5.833262052553438e-06,0.0625,-0.0625,0.0625,0.01,0.01,-0.03,0,0.0
133,936000000,248,0.9854586720466614,0.16949394345283508,0.011962814256548882,7.190573830806457e-11,1.000000050052048,1.0000001183656575,0.0,0.0,0.3407047787463033,0.023579903134799917,0.0040563880365562235,0.2324139145620303,-4.997108621791757e-07,-2.863132337971032e-05,0.1875,-0.25,0.125,0.0,0.01,-0.03,0,0.0
134,348000000,249,0.9854633212089539,0.1694669872522354,0.01196285430341959,6.111987999046775e-11,1.0000000635498059,1.0000001132277307,0.0,0.0,0.34065006842305984,0.023580093354914115,0.004055756481899299,0.2323777291456567,-6.315546569246253e-07,-3.618541637361368e-05,0.125,-0.0625,0.0,0.0,0.02,-0.02,0,0.0
134,732000000,250,0.985467255115509,0.16944408416748047,0.01196288876235485,5.1951897644952894e-11,1.0000000596358944,1.00000012291569,0.0,0.0,0.34060357952556775,0.023580255440890263,0.004055220030988148,0.2323469927725318,-5.364509111510651e-07,-3.0736373124903545e-05,0.5,0.0,0.0625,-0.01,0.0,-0.07,0,0.0
135,113000000,251,0.9854721426963806,0.16941571235656738,0.011962936259806156,4.41591138655717e-11,1.000000069733915,1.0000001289553886,0.0,0.0,0.34054599531742025,0.023580466056088267,0.004054557121995986,0.23230901088507963,-6.629089921621548e-07,-3.798188745216244e-05,0.25,0.0,0.0625,0.0,-0.01,0.0,0,0.0
135,489000000,252,0.9854762554168701,0.16939160227775574,0.01196297723799944,3.753524574490186e-11,1.0000000388685386,1.0000001083033507,0.0,0.0,0.3404970482826315,0.023580645274657808,0.00405399399301485,0.23227674597113904,-5.631289811359672e-07,-3.226491394059307e-05,0.0,0.1875,-0.125,0.01,0.03,-0.04,0,0.0
135,881000000,253,0.9854876399040222,0.1693251132965088,0.011962996795773506,3.190495784233249e-11,0.9999999978444055,1.0000000344377489,0.0,0.0,0.34036208002710205,0.023580956295648294,0.004052409369083002,0.2321859537077287,-1.5846239318478145e-06,-9.079226341030597e-05,0.5,-0.125,0.0625,0.01,0.02,-0.08,0,0.0
136,295000000,254,0.9854958653450012,0.16927750408649445,0.011962994933128357,2.711921485987201e-11,1.000000043624807,1.0000000403020661,0.0,0.0,0.34026546158412,0.023581149481571112,0.0040512693234282865,0.2321206339032613,-1.14004565471542e-06,-6.531980446742229e-05,-0.5,-0.1875,0.0,0.02,0.0,-0.05,0,0.0
136,677000000,255,0.9855107069015503,0.16919103264808655,0.01196297723799944,2.3051331676793296e-11,1.0000000358852574,1.0000000756612752,0.0,0.0,0.3400899483089626,0.023581469793460975,0.004049193849491061,0.2320017180061689,-2.0754739372252223e-06,-0.0001189158970924052,0.0625,-0.0625,0.0,0.0,0.03,-0.03,0,0.0
137,49000000,256,0.9855281710624695,0.16908933222293854,0.011962911114096642,1.9593634006942473e-11,1.0000000447358286,1.0000000752970988,0.0,0.0,0.33988353301915236,0.023581757387376827,0.004046737525612006,0.23186098101478184,-2.4563238790551584e-06,-0.00014073699138706346,0.25,0.0,0.0625,0.01,0.03,-0.02,0,0.0
137,484000000,257,0.9855429530143738,0.16900287568569183,0.011962853372097015,1.6654589166109623e-11,0.9999999970435639,1.0000000379327725,0.0,0.0,0.3397080423321997,0.02358199731099369,0.00404464888413583,0.23174131067328096,-2.0886414761759134e-06,-0.00011967034150085392,-0.3125,-0.125,-0.0625,-0.01,0.01,0.0,0,0.0
137,844000000,258,0.9855586290359497,0.16891160607337952,0.01196284219622612,1.4156401745291092e-11,1.0000000257634603,1.0000000185190845,0.0,0.0,0.33952281104025284,0.0235823504409704,0.004042460821101768,0.2316159438961206,-2.1880630340625346e-06,-0.0001253667771603729,0.375,0.0,0.0,0.0,0.02,-0.04,0,0.0
138,197000000,259,0.985573410987854,0.16882511973381042,0.011962850578129292,1.2032941483497428e-11,0.9999999896466617,1.0000000115609258,0.0,0.0,0.3393472698469511,0.023582720734929726,0.00404039384596686,0.23149751494453188,-2.0669751349079377e-06,-0.00011842895158870879,-0.375,0.1875,0.0625,0.0,0.05,-0.02,0,0.0
138,578000000,260,0.9855905771255493,0.1687249392271042,0.011962913908064365,9.15557120606536e-06,1.0000000011144297,0.9999999855537723,0.00033995561702483706,0.01947802207728892,0.33914416141594406,0.02358016602897377,0.004056069836396396,0.23239568303583183,1.5675990429536713e-05,0.0008981680912999242,0.4375,0.0,0.125,0.0,0.04,-0.04,0,0.0
138,956000000,261,0.9856054186820984,0.16863824427127838,0.011962858960032463,1.6937245163717307e-05,1.0000000045238908,1.0000000017398984,0.0,0.0,0.33896839015651087,0.023577789162460103,0.004069320211803762,0.23315487362363782,1.3250375407366025e-05,0.0007591905878060121,-0.125,0.0625,0.125,0.0,0.04,-0.04,0,0.0
139,329000000,262,0.9856180548667908,0.168564572930336,0.011962812393903732,2.3551670892629772e-05,1.000000037380817,1.0000000390892625,0.0,0.0,0.3388190356500277,0.02357577171861216,0.004080583926183115,0.23380023691921556,1.126371437935262e-05,0.0006453632955777226,-0.1875,0.125,-0.0625,0.02,0.03,-0.04,0,0.0
139,683000000,263,0.9856287240982056,0.16850194334983826,0.011962772347033024,2.9173930670367554e-05,0.999999997726737,1.0000000330736007,0.0,0.0,0.33869204586439283,0.0235740557937997,0.0040901579775191104,0.23434878965360967,9.574051335995391e-06,0.0005485527343941232,-0.125,0.0625,0.0625,0.0,0.02,-0.04,0,0.0
140,82000000,264,0.9856378436088562,0.16844870150089264,0.011962737888097763,3.395285239093937e-05,1.0000000160209142,1.0000000122773016,0.0,0.0,0.33858410879516193,0.02357259875040724,0.0040982958209935276,0.23481505373903186,8.137843474417122e-06,0.00046626408542217924,-0.25,0.0,0.0625,0.0,0.01,-0.04,0,0.0
140,428000000,265,0.985645592212677,0.16840344667434692,0.01196270901709795,3.8014932215446606e-05,1.0000000310761201,1.000000046034764,0.0,0.0,0.3384923644253678,0.023571361819240275,0.004105213282378728,0.23521139508134856,6.917461385200392e-06,0.0003963413423167027,0.1875,0.0,0.1875,-0.01,0.04,-0.04,0,0.0
140,783000000,266,0.9856521487236023,0.1683649718761444,0.01196268480271101,4.146770152146928e-05,1.000000014792784,1.0000000451012947,0.0,0.0,0.33841435627361016,0.023570310935085593,0.004111093141694918,0.2355482862042969,5.879859316189687e-06,0.0003368911229483473,0.0,0.125,0.0625,0.0,0.02,-0.02,0,0.0
141,234000000,267,0.9856577515602112,0.1683322787284851,0.011962663382291794,4.4402557250577956e-05,1.0000000332797196,1.0000000475180806,0.0,0.0,0.33834808133241845,0.02356941715988018,0.004116091069617609,0.23583464638057772,4.99792792269145e-06,0.0002863601762808069,0.0625,0.0625,0.0,0.01,0.06,-0.05,0,0.0
141,587000000,268,0.9856625199317932,0.16830448806285858,0.011962645687162876,4.689718480221927e-05,1.0000000554957866,1.0000000883748674,0.0,0.0,0.3382917470037097,0.02356865890520965,0.004120339500054237,0.23607806351415142,4.24843043662828e-06,0.00024341713357372197,0.25,-0.125,0.0,0.0,0.02,-0.05,0,0.0
141,980000000,269,0.9856665730476379,0.16828086972236633,0.011962630786001682,4.901761712972075e-05,1.000000075638017,1.0000001308444328,0.0,0.0,0.338243871003213,0.023568014882050705,0.004123950838912215,0.23628497798910517,3.611338857977854e-06,0.00020691447495372565,-0.5625,-0.0625,0.0625,0.0,0.03,-0.02,0,0.0
142,391000000,270,0.9856666922569275,0.16828009486198425,0.011962689459323883,4.1664974560262635e-05,1.0000000631132688,1.0000001387239508,0.0,0.0,0.3382421293245344,0.023570608802028825,0.004109453651585836,0.2354543503404931,-1.4497187326378835e-05,-0.0008306276486120532,-0.4375,-0.125,0.125,0.0,0.02,-0.04,0,0.0
142,746000000,271,0.9856715798377991,0.16825123131275177,0.01196268666535616,4.4570329919224605e-05,1.0000000239984834,1.0000000866790375,0.0,0.0,0.33818360794180036,0.023569744737343155,0.004114491357976493,0.2357429896551038,5.037706390656309e-06,0.00028863931461068964,-0.125,-0.1875,0.125,0.01,0.04,-0.03,0,0.0
143,110000000,272,0.9856773018836975,0.16821780800819397,0.011962702497839928,4.703997910837643e-05,1.0000000414218086,1.000000064842314,0.0,0.0,0.3381158421867429,0.023569084768992946,0.004118567186414873,0.2359765174226424,4.075828438380481e-06,0.0002335277675385987,0.5,0.0,0.0,-0.01,0.04,-0.05,0,0.0
143,554000000,273,0.985686719417572,0.16816270351409912,0.01196277141571045,4.913946031592786e-05,1.0000000570019871,1.0000000968589942,0.0,0.0,0.33800407045998854,0.023568744931136653,0.004121412496744648,0.23613954169594345,2.8453103297744822e-06,0.0001630242733010543,0.0,-0.125,-0.1875,0.0,0.03,-0.04,0,0.0
144,38000000,274,0.9856947064399719,0.16811586916446686,0.01196283008903265,5.0924019888043404e-05,1.000000055832849,1.0000001117046209,0.0,0.0,0.33790906976317825,0.02356845619002054,0.004123831198378918,0.23627812309148855,2.41870163427034e-06,0.00013858139554508527,0.0625,0.125,0.0,-0.01,0.05,-0.03,0,0.0
144,490000000,275,0.9857015013694763,0.1680760532617569,0.011962879449129105,5.2440896979533136e-05,1.0000000613584235,1.000000116374386,0.0,0.0,0.33782830826220145,0.023568210157250864,0.004125886801660812,0.2363959004838943,2.0556032818939973e-06,0.00011777739240576688,0.0,-0.125,0.0625,0.0,0.03,-0.03,0,0.0
144,854000000,276,0.9857072830200195,0.16804221272468567,0.011962921358644962,5.373024396249093e-05,1.0000000737152421,1.0000001344835334,0.0,0.0,0.3377596699360953,0.02356800127046309,0.004127634149873905,0.23649601616184424,1.7473482130927684e-06,0.00010011567794994164,-0.3125,-0.125,0.0,0.01,0.04,-0.05,0,0.0
145,227000000,277,0.9857154488563538,0.16799414157867432,0.011962885968387127,5.48258212802466e-05,1.0000000456826998,1.0000001182085871,0.0,0.0,0.33766213611802365,0.023567763874210612,0.004128633111865817,0.2365532524678748,9.989619919126627e-07,5.723630603057745e-05,-0.25,0.0,0.0,0.01,0.03,-0.04,0,0.0
145,580000000,278,0.9857224225997925,0.1679532825946808,0.011962855234742165,5.575706381932832e-05,1.0000000562822735,1.000000101105497,0.0,0.0,0.3375792471032865,0.02356756175036108,0.004129482086792781,0.23660189514810223,8.489749269632862e-07,4.8642680227423616e-05,-0.1875,0.125,0.0,0.0,0.02,-0.06,0,0.0
146,33000000,279,0.9857313632965088,0.16790075600147247,0.01196286641061306,5.6548808061052114e-05,1.0000000489113916,1.0000001037738648,0.0,0.0,0.3374726740417792,0.023567537677553686,0.004129791080998674,0.2366195992119939,3.0899420589303866e-07,1.7704063891667505e-05,-0.1875,0.0,0.0625,-0.01,0.04,-0.01,0,0.0
146,417000000,280,0.9857389330863953,0.1678560972213745,0.011962875723838806,5.7221790484618396e-05,1.0000000136233067,1.000000061508619,0.0,0.0,0.33738205569158064,0.023567516267592202,0.0041300534126851515,0.23663462971046165,2.6233168647776806e-07,1.5030498467725238e-05,-0.25,0.125,0.0,0.0,0.03,-0.05,0,0.0
146,790000000,281,0.9857438802719116,0.1678270399570465,0.011962865479290485,5.779373168479651e-05,1.0000000131624298,1.0000000263511737,0.0,0.0,0.3373231052409444,0.02356742576160816,0.004130483012581417,0.2366592439713969,4.2959989626518286e-07,2.4614260935252956e-05,0.4375,-0.0625,0.0625,0.0,0.06,-0.03,0,0.0
147,252000000,282,0.9857481122016907,0.1678023487329483,0.011962857097387314,5.827988206874579e-05,1.0000000411479832,1.000000053996513,0.0,0.0,0.337273021832889,0.023567350167382102,0.004130848473975349,0.23668018336684418,3.65461393932176e-07,2.0939395447281678e-05,0.3125,-0.125,0.0625,-0.01,0.03,-0.05,0,0.0
147,759000000,283,0.9857516884803772,0.16778135299682617,0.011962849646806717,5.869310916750692e-05,1.0000000434859557,1.00000008440705,0.0,0.0,0.3372304275754659,0.023567284809063862,0.004131158813786962,0.23669796452826447,3.103398116127698e-07,1.7781161420296764e-05,-0.125,0.0,0.0625,0.0,0.04,-0.03,0,0.0
148,133000000,284,0.9857547283172607,0.16776351630687714,0.011962843127548695,5.9044352383352816e-05,1.000000047452706,1.000000090774908,0.0,0.0,0.3371942428659224,0.023567228913173834,0.004131422777378383,0.23671308852799802,2.6396359142141085e-07,1.5123999733562505e-05,0.0625,0.0625,0.0625,0.0,0.04,-0.04,0,0.0
148,525000000,285,0.9857572913169861,0.1677483469247818,0.011962837539613247,5.934291039011441e-05,1.000000029142089,1.0000000764764123,0.0,0.0,0.33716346235354405,0.02356718083076122,0.004131646938416011,0.23672593200938538,2.2416103762773476e-07,1.284348138734244e-05,-0.125,0.0625,0.0625,0.0,0.04,-0.05,0,0.0
148,896000000,286,0.9857594966888428,0.16773545742034912,0.011962832883000374,5.95966812397819e-05,1.0000000409553018,1.0000000700118583,0.0,0.0,0.3371373168492428,0.023567140801117346,0.004131837612609794,0.2367368568359512,1.9067419378300532e-07,1.0924826565825805e-05,0.125,0.1875,0.0625,0.0,0.03,-0.03,0,0.0
149,299000000,287,0.9857613444328308,0.16772450506687164,0.011962829157710075,5.981238791719079e-05,1.0000000253184635,1.000000066212059,0.0,0.0,0.3371150925294864,0.02356710660248782,0.004131999854608649,0.2367461526177454,1.6224199885558205e-07,9.295781794191183e-06,0.0,-0.0625,0.125,0.01,0.02,-0.05,0,0.0
149,734000000,288,0.9857629537582397,0.1677151918411255,0.011962825432419777,5.9995738411089405e-05,1.000000049684144,1.000000074957929,0.0,0.0,0.33709620642117605,0.02356707736679887,0.004132137489230331,0.2367540385006826,1.3763462168147472e-07,7.885882937228276e-06,0.1875,0.125,-0.0625,0.01,0.04,-0.05,0,0.0
150,116000000,289,0.9857643246650696,0.16770727932453156,0.011962822638452053,6.015158578520641e-05,1.000000074032252,1.000000123684144,0.0,0.0,0.33708016198437996,0.02356705332753051,0.004132254693191866,0.2367607537930208,1.1720396153516027e-07,6.715292338178325e-06,-0.125,-0.0625,0.125,0.0,0.03,-0.05,0,0.0
150,476000000,290,0.9857654571533203,0.16770054399967194,0.01196281984448433,6.028405550750904e-05,1.000000060833638,1.000000134842562,0.0,0.0,0.3370664936843681,0.023567031288320824,0.004132353939785314,0.2367664402039564,9.924659344785064e-08,5.686410935612571e-06,-0.25,-0.125,0.0625,0.0,0.01,-0.04,0,0.0
150,865000000,291,0.9857664108276367,0.1676948219537735,0.01196281798183918,6.0396654589567333e-05,1.000000041343965,1.0000001021607734,0.0,0.0,0.3370548790392291,0.02356701335367282,0.0041324385417485345,0.23677128753938748,8.460196322061103e-08,4.8473354310620295e-06,-0.125,0.125,0.125,0.0,0.06,-0.05,0,0.0
151,239000000,292,0.9857672452926636,0.1676899641752243,0.01196281611919403,6.049236617400311e-05,1.0000000493029,1.000000090634715,0.0,0.0,0.33704502656826135,0.023566998129325303,0.004132510510199032,0.2367754110278591,7.196845049767253e-08,4.123488471612825e-06,0.0625,-0.3125,0.0,0.01,0.02,-0.03,0,0.0
151,606000000,293,0.9857664108276367,0.16769473254680634,0.011962796561419964,6.057362770661712e-05,1.0000000261053397,1.000000075396521,0.0,0.0,0.3370546964590497,0.02356691175027994,0.004132778214120067,0.2367907493326935,2.67703921035152e-07,1.533830483441767e-05,-0.125,-0.125,0.0,0.0,0.06,-0.01,0,0.0
151,976000000,294,0.9857656955718994,0.16769878566265106,0.01196277979761362,6.064269837224856e-05,1.0000000005285508,1.0000000266254188,0.0,0.0,0.3370629139886433,0.023566837909329792,0.004133005711099182,0.23680378394944873,2.2749697911432498e-07,1.3034616755226659e-05,0.1875,-0.125,0.0,0.0,0.04,-0.06,0,0.0
152,367000000,295,0.9857650995254517,0.16770222783088684,0.011962765827775002,6.0701408074237406e-05,0.9999999900563887,0.9999999905788357,0.0002745347236024931,0.015729680992213443,0.33706989646824814,0.023566775980449213,0.0041331991063604965,0.2368148646816999,1.9339526131489232e-07,1.1080732251173009e-05,0.0,0.1875,0.0625,0.0,0.03,-0.02,0,0.0
152,717000000,296,0.9857646226882935,0.16770514845848083,0.011962753720581532,6.075131386751309e-05,1.000000009665288,0.9999999997172967,4.755656044949288e-05,0.0027247902019147154,0.3370758301507952,0.02356672359414454,0.004133363297739196,0.23682427215473184,1.6419137869976008e-07,9.407473031930456e-06,0.0625,-0.0625,-0.0625,0.01,0.03,-0.04,0,0.0
153,140000000,297,0.98576420545578,0.1677076369524002,0.01196274347603321,6.079373270040378e-05,1.0000000155886872,1.000000025250791,0.0,0.0,0.3370808824276799,0.023566678871525203,0.004133503014900398,0.23683227735839424,1.397171612016468e-07,8.005203662403335e-06,-0.0625,0.0625,0.0625,0.0,0.03,-0.04,0,0.0
153,496000000,298,0.9857638478279114,0.16770975291728973,0.011962734162807465,6.0829788708360866e-05,1.0000000178084905,1.0000000333948746,0.0,0.0,0.3370851774650664,0.023566639591751384,0.00413362158859545,0.23683907113068198,1.1857369505187398e-07,6.793772287743632e-06,-0.0625,0.0625,0.0,0.01,0.04,-0.05,0,0.0
153,869000000,299,0.9857635498046875,0.167711541056633,0.011962726712226868,6.0860435041831806e-05,1.0000000238307563,1.0000000416376036,0.0,0.0,0.33708880841626077,0.023566607266376608,0.004133722281046858,0.2368448403831765,1.0069245140811867e-07,5.769252494511323e-06,0.1875,0.125,0.0,-0.01,0.04,-0.03,0,0.0
154,320000000,300,0.9857633113861084,0.16771307587623596,0.01196272112429142,6.08864902460482e-05,1.000000046149317,1.000000069978868,0.0,0.0,0.3370919304963234,0.02356658161180029,0.004133808489593222,0.23684977976904112,8.620854636404163e-08,4.939385864617464e-06,0.0,0.125,-0.0625,0.0,0.03,0.0,0,0.0
154,684000000,301,0.9857630729675293,0.16771437227725983,0.011962715536355972,6.090863098506816e-05,1.000000028483803,1.0000000746322524,0.0,0.0,0.33709455585657855,0.023566557299511594,0.0041338812727253664,0.23685394993533274,7.278313214446885e-08,4.170166291621022e-06,0.125,-0.0625,0.125,0.0,0.05,0.0,0,0.0
155,37000000,302,0.985762894153595,0.16771547496318817,0.0119627108797431,6.092745024943724e-05,1.0000000370979722,1.0000000655811523,0.0,0.0,0.33709679651638447,0.023566537388259944,0.004133943189633742,0.23685749751286314,6.19169083755991e-08,3.5475775304200463e-06,-0.125,0.125,-0.0625,0.0,0.03,-0.03,0,0.0
155,470000000,303,0.9857627153396606,0.16771641373634338,0.0119627071544528,6.0943446442252025e-05,1.0000000182334838,1.0000000553310002,0.0,0.0,0.33709869569256196,0.02356652028076392,0.004133995929177603,0.2368605192661398,5.273954386056379e-08,3.021753276655397e-06,0.3125,-0.1875,-0.0625,0.0,0.05,-0.03,0,0.0
155,824000000,304,0.9857625961303711,0.16771720349788666,0.011962703429162502,6.0957045207032934e-05,1.0000000331339676,1.000000051367133,0.0,0.0,0.33710030329246377,0.023566505422247554,0.004134040381977055,0.236863066223936,4.4452799452705805e-08,2.546957796181498e-06,0.1875,-0.0625,-0.0625,0.0,0.03,-0.04,0,0.0
156,268000000,305,0.9857624769210815,0.16771787405014038,0.011962700635194778,6.0968603065703064e-05,1.000000028052571,1.0000000611863074,0.0,0.0,0.33710166254463575,0.02356649309964927,0.004134078269745225,0.23686523703314727,3.788776816934791e-08,2.1708092112737366e-06,0.5,0.0625,0.0,0.0,0.02,-0.03,0,0.0
156,629000000,306,0.9857639074325562,0.1677095592021942,0.011962716467678547,6.0978520195931196e-05,1.0000000438740797,1.0000000718910602,0.0,0.0,0.3370847959012161,0.023566556244420594,0.004133904326847809,0.23685527083924907,-1.7394289741554103e-07,-9.966193898187536e-06,-0.125,0.0,0.0625,0.0,0.04,-0.04,0,0.0
156,982000000,307,0.9857650995254517,0.16770248115062714,0.011962730437517166,6.0986953030806035e-05,1.000000032132714,1.0000000759810352,0.0,0.0,0.3370704300228214,0.02356661035754757,0.00413375640088516,0.23684679530590885,-1.4792596264925906e-07,-8.475533340212398e-06,0.25,-0.125,-0.1875,-0.01,0.05,-0.02,0,0.0
157,415000000,308,0.9857661128044128,0.16769646108150482,0.011962741613388062,6.0994119849056005e-05,1.000000021559987,1.0000000536740676,0.0,0.0,0.3370582112822119,0.023566654977284583,0.004133630337760993,0.23683957242094186,-1.260631241669502e-07,-7.2228849669998985e-06,0.0,-0.0625,-0.125,0.0,0.04,-0.05,0,0.0
157,819000000,309,0.9857670068740845,0.16769134998321533,0.011962751857936382,6.100020982557908e-05,1.0000000459268612,1.0000000674733882,0.0,0.0,0.3370478481787459,0.023566695157987528,0.004133523577069594,0.23683345548390683,-1.0676069139847755e-07,-6.116937035031394e-06,0.0,0.3125,-0.0625,0.0,0.01,-0.05,0,0.0
158,192000000,310,0.9857677221298218,0.16768701374530792,0.011962760239839554,6.100538666942157e-05,1.0000000239630247,1.0000000698802298,0.0,0.0,0.33703904246798283,0.023566727597912382,0.0041334329123201225,0.23682826077641148,-9.066474947194703e-08,-5.194707495353524e-06,-0.1875,0.125,0.0,0.01,0.04,-0.02,0,0.0
158,645000000,311,0.9857683777809143,0.16768331825733185,0.01196276769042015,6.100978862377815e-05,1.0000000506938058,1.0000000746497888,0.0,0.0,0.33703155254999084,0.023566756956572635,0.00413335573384039,0.2368238387752536,-7.717847973209846e-08,-4.422001157885206e-06,0.125,-0.0625,0.0625,0.0,0.04,-0.06,0,0.0
159,6000000,312,0.9857673645019531,0.16768907010555267,0.011962754651904106,6.1013433878542855e-05,1.0000000161857459,1.000000066862498,0.0,0.0,0.3370432127456276,0.023566705068658583,0.004133496075358355,0.23683187975192344,1.4034151796498556e-07,8.040976669853095e-06,-0.0625,0.125,-0.1875,0.01,0.02,-0.02,0,0.0
159,462000000,313,0.9857665300369263,0.16769397258758545,0.011962744407355785,6.10165334364865e-05,1.0000000155800104,1.0000000317533912,0.0,0.0,0.3370531603698175,0.023566663256792842,0.004133615973139795,0.2368387493887729,1.198977814392821e-07,6.869636849452841e-06,-0.125,-0.1875,-0.0625,0.01,0.03,-0.02,0,0.0
159,845000000,314,0.985765814781189,0.16769813001155853,0.01196273509413004,6.101916733314283e-05,1.000000007577433,1.0000000231485457,0.0,0.0,0.3370615937908355,0.023566626381648772,0.004133717448916796,0.2368445635225179,1.0147577700174437e-07,5.8141337450106555e-06,-0.0625,-0.0625,-0.0625,0.0,0.06,-0.06,0,0.0
160,230000000,315,0.9857652187347412,0.16770166158676147,0.011962727643549442,6.1021408328088e-05,1.0000000121711994,1.0000000197422187,0.0,0.0,0.3370687613337962,0.023566596240916653,0.004133803811785799,0.2368495117504184,8.636286900291085e-08,4.948227900507991e-06,0.125,0.0,0.0625,0.0,0.02,-0.04,0,0.0
160,664000000,316,0.9857646822929382,0.16770467162132263,0.01196272112429142,6.102331099100411e-05,0.9999999880801275,1.000000000246653,0.0,0.0,0.3370748613846064,0.023566569540455478,0.004133877345803075,0.23685372493925894,7.3534017275452e-08,4.213188840525485e-06,0.125,0.1875,0.0625,0.0,0.04,-0.04,0,0.0
161,76000000,317,0.9857642650604248,0.16770721971988678,0.011962715536355972,6.1024929891573265e-05,1.0000000040516699,0.9999999921284639,0.0002509427998558496,0.014377963330936307,0.3370800369711931,0.02356654768114961,0.00413393959234979,0.236857291403675,6.224654671566077e-08,3.566464416071278e-06,0.125,0.1875,0.0625,0.01,0.06,-0.06,0,0.0
161,511000000,318,0.9857639074325562,0.16770939528942108,0.0119627108797431,6.1026305047562346e-05,1.0000000163204232,1.0000000203696626,0.0,0.0,0.3370844554568767,0.02356652921219735,0.004133992762773408,0.23686033784454325,5.31704236177849e-08,3.0464408682217886e-06,0.25,-0.125,0.0,0.0,0.04,-0.05,0,0.0
161,892000000,319,0.9857636094093323,0.16771124303340912,0.0119627071544528,6.102747283875942e-05,1.0000000323811702,1.0000000486998426,0.0,0.0,0.33708820995932776,0.023566514115937506,0.004134037998677922,0.23686292967095432,4.5235904513538094e-08,2.591826411082524e-06,-0.0625,0.0,-0.0625,0.0,0.04,-0.03,0,0.0
162,262000000,320,0.9857633113861084,0.16771280765533447,0.011962703429162502,6.102846600697376e-05,1.0000000009621743,1.0000000333420767,0.0,0.0,0.3370913747088669,0.023566499112829476,0.0041340761145526594,0.23686511354970924,3.811587473770417e-08,2.1838787549197628e-06,0.0625,0.125,-0.0625,0.0,0.04,-0.02,0,0.0
162,628000000,321,0.9857646226882935,0.1677052527666092,0.01196271926164627,6.102940460550599e-05,1.0000000267630131,1.0000000276957899,0.0,0.0,0.337076053158173,0.023566562325335983,0.0041339026381197515,0.23685517408225862,-1.7347643290789583e-07,-9.939467450606818e-06,-0.0625,0.0,-0.125,0.0,0.02,-0.05,0,0.0
162,992000000,322,0.9857656955718994,0.16769883036613464,0.011962732300162315,6.103020132286474e-05,1.0000000074806454,1.0000000342224598,0.0,0.0,0.3370630151013024,0.023566614231497095,0.0041337550170175855,0.23684671601613744,-1.4762110216604701e-07,-8.45806612118403e-06,-0.25,-0.0625,0.0,0.0,0.05,0.0,0,0.0
163,344000000,323,0.9857666492462158,0.1676933616399765,0.01196274347603321,6.103088162490167e-05,1.0000000306302343,1.000000038095472,0.0,0.0,0.33705192581111654,0.023566659534130098,0.00413362934947546,0.23683951579635185,-1.2566754212586795e-07,-7.200219785594715e-06,-0.125,-0.125,-0.125,0.0,0.04,-0.01,0,0.0
163,737000000,324,0.9857674241065979,0.16768871247768402,0.011962752789258957,6.1031460063531995e-05,1.0000000149506583,1.0000000455697855,0.0,0.0,0.3370424870528373,0.023566696818233954,0.004133522447513179,0.2368333907650915,-1.0690196228062276e-07,-6.125031260346405e-06,-0.0625,-0.1875,0.125,0.0,0.04,-0.04,0,0.0
164,241000000,325,0.9857680797576904,0.16768476366996765,0.011962761171162128,6.103195119067095e-05,0.9999999992079772,1.000000014150624,0.0,0.0,0.3370344693917824,0.023566729356572252,0.004133431806895846,0.23682819744026587,-9.064061733295159e-08,-5.193324825638463e-06,0.0,-0.125,0.0,0.0,0.03,-0.03,0,0.0
164,606000000,326,0.9857686758041382,0.16768141090869904,0.01196276769042015,6.103236592025496e-05,1.00000002464837,1.0000000238505495,0.0,0.0,0.33702767440386133,0.023566756748027932,0.004133354647581581,0.23682377653720835,-7.715931426514194e-08,-4.4209030575162e-06,0.25,0.0625,0.0625,0.0,0.02,-0.02,0,0.0
165,78000000,327,0.9857691526412964,0.167678564786911,0.011962773278355598,6.103271880419925e-05,1.0000000175288197,1.0000000421730264,0.0,0.0,0.3370218969956359,0.02356677940880248,0.00413328916395832,0.23682002460196827,-6.548362326084384e-08,-3.7519352400710576e-06,-0.375,-0.125,0.0625,0.0,0.06,-0.05,0,0.0
165,451000000,328,0.9857726097106934,0.16765834391117096,0.011962815187871456,6.10332062933594e-05,1.000000035505569,1.000000052823971,0.0,0.0,0.33698087225386675,0.023566947098954873,0.004132820686709894,0.2367931828328356,-4.684772484256708e-07,-2.6841769132692725e-05,0.0625,0.0,0.0,0.0,0.02,-0.05,0,0.0
165,833000000,329,0.9857755303382874,0.16764114797115326,0.011962850578129292,6.103362102294341e-05,1.0000000321129372,1.0000000674663914,0.0,0.0,0.33694597870635185,0.023567088749841685,0.004132422202649073,0.23677035137794727,-3.9848406082135246e-07,-2.2831454888297896e-05,0.125,-0.125,0.25,0.0,0.04,-0.03,0,0.0
166,288000000,330,0.9857780337333679,0.1676265448331833,0.01196288038045168,6.1033973906887695e-05,1.0000000522780381,1.0000000842812176,0.0,0.0,0.33691635388177554,0.023567209099953444,0.00413208371975605,0.23675095773673968,-3.38482893023212e-07,-1.9393641207608184e-05,-0.0625,0.0625,0.125,0.0,0.05,-0.06,0,0.0
166,678000000,331,0.9857801198959351,0.1676141321659088,0.011962906457483768,6.1034275859128684e-05,1.0000000284699337,1.0000000806687601,0.0,0.0,0.33689115970177763,0.023567311867923622,0.004131796256759754,0.23673448732028576,-2.874629962956732e-07,-1.6470416453926892e-05,0.125,-0.125,0.0625,0.0,0.03,-0.02,0,0.0
167,97000000,332,0.9857819080352783,0.16760358214378357,0.011962927877902985,6.103453051764518e-05,1.0000000231628636,1.0000000515755476,0.0,0.0,0.33686975098743294,0.023567398108745866,0.004131551677936615,0.23672047398596158,-2.44578823139531e-07,-1.4013334324171725e-05,-0.0625,-0.0625,0.1875,0.0,0.05,-0.06,0,0.0
167,468000000,333,0.9857834577560425,0.16759461164474487,0.011962946504354477,6.1034748796373606e-05,1.0000000476260582,1.0000000707474872,0.0,0.0,0.3368515568696566,0.023567472953076773,0.00413134386172581,0.23670856699416806,-2.0781621080500495e-07,-1.19069917935278e-05,-0.125,0.125,0.0,0.01,0.03,-0.06,0,0.0
167,831000000,334,0.9857847690582275,0.16758698225021362,0.011962962336838245,6.103493433329277e-05,1.0000000618600242,1.0000001094561217,0.0,0.0,0.33683608071459786,0.02356753642875172,0.004131167109707682,0.23669843984950892,-1.7675201812762664e-07,-1.0127144659132825e-05,0.0,0.0625,0.0625,0.02,0.04,-0.04,0,0.0
168,186000000,335,0.9857873916625977,0.16757160425186157,0.011962994001805782,6.103518535383046e-05,1.0000000705316332,1.0000001322699807,0.0,0.0,0.3368048802191876,0.02356766343517032,0.004130810514496995,0.23667800844894196,-3.565952106871287e-07,-2.0431400566950863e-05,-0.25,-0.0625,0.0625,0.0,0.04,-0.03,0,0.0
168,715000000,336,0.9857895970344543,0.16755852103233337,0.011963021010160446,6.103539635660127e-05,1.0000000525944506,1.0000001230380702,0.0,0.0,0.3367783275525919,0.023567771006216966,0.004130507145401447,0.23666062668013238,-3.03369095547637e-07,-1.7381768809580616e-05,0.25,0.0,-0.0625,0.01,0.03,-0.05,0,0.0
169,142000000,337,0.9857915043830872,0.16754740476608276,0.011963044293224812,6.103557825554162e-05,1.0000000705559091,1.0000001230867586,0.0,0.0,0.3367557775655886,0.02356786386782106,0.004130249505893002,0.23664586502366264,-2.5763950844536615e-07,-1.476165646974461e-05,-0.0625,0.25,-0.0625,-0.02,0.04,-0.05,0,0.0
169,514000000,338,0.9857915043830872,0.1675468385219574,0.011963043361902237,6.103562918724492e-05,0.9999999756721996,1.0000000462279512,0.0,0.0,0.3367545981395316,0.023567862083200875,0.00413023574233275,0.23664507642974916,-1.3763560251581208e-08,-7.885939134896207e-07,0.1875,0.0625,0.0,0.01,0.04,-0.07,0,0.0
169,878000000,339,0.9857916235923767,0.1675463765859604,0.011963044293224812,6.103568011894822e-05,1.000000015803047,0.9999999914751333,0.0002611492556153253,0.014962750169741254,0.33675367371657594,0.02356786681222822,0.004130225114382856,0.23664446749307533,-1.0627949894280453e-08,-6.089366738187794e-07,0.0,0.1875,0.0625,0.0,0.0,-0.03,0,0.0
170,317000000,340,0.9857916831970215,0.16754598915576935,0.011963045224547386,6.10357237746939e-05,1.000000009659503,1.0000000254624735,0.0,0.0,0.33675288562285705,0.023567870108095062,0.004130216247916887,0.2366439594819961,-8.866465969412096e-09,-5.080110792436832e-07,-0.4375,0.0625,0.0625,0.0,0.04,-0.04,0,0.0
170,671000000,341,0.9857872128486633,0.16757234930992126,0.011962991207838058,6.103548366809264e-05,1.0000000190765754,1.0000000283786563,0.0,0.0,0.33680637548059,0.02356765345465537,0.004130827974832512,0.23667900885247597,6.117269156251035e-07,3.504937047987384e-05,0.125,0.0,0.0,0.0,0.03,-0.06,0,0.0
171,118000000,342,0.9857833981513977,0.16759474575519562,0.011962944641709328,6.103527266532183e-05,1.0000000113227354,1.0000000301412335,0.0,0.0,0.33685181733118885,0.023567467661217378,0.00413134747226988,0.23670877386310502,5.194974373682465e-07,2.9765010629062345e-05,-0.0625,0.1875,-0.0625,0.02,0.02,-0.03,0,0.0
171,532000000,343,0.9857786297798157,0.16762268543243408,0.011962886899709702,6.10350034548901e-05,0.9999999929951993,1.0000000039162515,0.0,0.0,0.3369085037369785,0.023567236347433025,0.004131995646363389,0.23674591150305282,6.481740935093683e-07,3.713763994780477e-05,0.1875,-0.0625,0.0,-0.01,0.03,-0.07,0,0.0
171,896000000,344,0.9857746362686157,0.16764645278453827,0.011962838470935822,6.103477790020406e-05,1.0000000399356421,1.0000000326404235,0.0,0.0,0.33695674527294317,0.023567042440373057,0.0041325472675453724,0.23677751706867048,5.516211819831321e-07,3.1605565617651396e-05,-0.1875,0.0625,0.0,-0.01,0.03,-0.02,0,0.0
172,345000000,345,0.9857694506645203,0.16767705976963043,0.011962886899709702,6.103503983467817e-05,1.000000060312333,1.0000000997661376,0.0,0.0,0.33701885826371725,0.023567010017470986,0.004133295895653399,0.23682041029968526,7.486281080265958e-07,4.289323101478781e-05,-0.375,-0.0625,0.0,0.0,0.02,-0.06,0,0.0
172,701000000,346,0.9857634902000427,0.16771197319030762,0.011962909251451492,6.103517080191523e-05,1.0000000397429025,1.000000099428001,0.0,0.0,0.33708969654698456,0.023566907141427132,0.004134138485381019,0.23686868713493897,8.425897276200661e-07,4.82768352537074e-05,0.125,0.0625,-0.1875,0.0,0.03,-0.03,0,0.0
173,60000000,347,0.9857584238052368,0.16774164140224457,0.01196292880922556,6.103527994127944e-05,1.0000000218771519,1.0000000611671196,0.0,0.0,0.3371498926750829,0.02356682080006666,0.004134854676280719,0.23690972185081746,7.161908997001254e-07,4.1034715878494444e-05,0.25,-0.1875,0.0,0.01,0.05,-0.02,0,0.0
173,409000000,348,0.985754132270813,0.16776685416698456,0.011962944641709328,6.103537452872843e-05,1.0000000212079434,1.000000042758045,0.0,0.0,0.337201053696584,0.023566746205110272,0.004135463055111774,0.23694457939018204,6.083788310550994e-07,3.485753936455974e-05,0.6875,0.0,0.0,0.0,0.03,-0.04,0,0.0
173,769000000,349,0.9857489466667175,0.16779719293117523,0.011962939985096455,6.10353599768132e-05,0.9999999997342637,1.0000000204685418,0.0,0.0,0.3372626096127882,0.0235666092177874,0.00413618690648132,0.23698605301865175,7.238513695453919e-07,4.1473628469715445e-05,-0.125,0.0,-0.125,0.0,0.03,-0.02,0,0.0
174,210000000,350,0.9857445955276489,0.16782298684120178,0.01196293719112873,6.103535270085558e-05,1.0000000390579111,1.0000000384500463,0.0,0.0,0.3373149630074362,0.023566496427120595,0.004136802730382196,0.23702133712909523,6.158239008761598e-07,3.5284110443486716e-05,0.125,0.0,0.125,0.02,0.04,-0.07,0,0.0
174,589000000,351,0.9857408404350281,0.16784490644931793,0.011962933465838432,6.103533814894035e-05,1.000000016312478,1.000000055123105,0.0,0.0,0.3373594349238092,0.023566396540311427,0.004137325578526503,0.23705129412109024,5.228481443067187e-07,2.9956991995022004e-05,-0.0625,-0.125,0.125,0.0,0.03,-0.02,0,0.0
175,58000000,352,0.985737681388855,0.16786353290081024,0.011962930671870708,6.103533087298274e-05,1.000000028811694,1.0000000449457105,0.0,0.0,0.337397235838509,0.02356631315469974,0.004137770013596012,0.23707675837484077,4.4443506950955086e-07,2.5464253750500642e-05,0.0,0.0,0.0,0.0,0.06,-0.04,0,0.0
175,503000000,353,0.9857349991798401,0.1678793579339981,0.011962927877902985,6.103532359702513e-05,1.000000041398566,1.0000000700814482,0.0,0.0,0.3374293522192216,0.023566241523095825,0.004138147462306491,0.23709838459293384,3.774487104786853e-07,2.1626218093083997e-05,-0.0625,-0.1875,0.125,0.0,0.03,-0.02,0,0.0
175,865000000,354,0.9857327342033386,0.16789281368255615,0.011962926015257835,6.103531632106751e-05,1.0000000677451937,1.000000109050669,0.0,0.0,0.33745666532098223,0.02356618200281838,0.0041384685723696675,0.23711678284431303,3.2111006317663005e-07,1.839825137920013e-05,0.25,-0.125,0.0,0.0,0.02,-0.04,0,0.0
176,623000000,355,0.985730767250061,0.16790425777435303,0.011962924152612686,6.10353090451099e-05,1.000000050280869,1.000000117958648,0.0,0.0,0.33747988229558806,0.023566129860629576,0.004138741575171168,0.23713242475263427,2.7300280150063805e-07,1.5641908321234337e-05,-0.0625,-0.1875,0.0,0.0,0.04,-0.06,0,0.0
176,997000000,356,0.9857290983200073,0.1679139882326126,0.011962922289967537,6.103530176915228e-05,1.0000000389769896,1.000000089209127,0.0,0.0,0.33749962394227745,0.023566085060135994,0.0041389736031104945,0.2371457189742868,2.3202793932638327e-07,1.3294221652519298e-05,-0.1875,0.125,0.1875,0.0,0.03,-0.03,0,0.0
177,429000000,357,0.9857276678085327,0.1679222583770752,0.011962921358644962,6.103530176915228e-05,1.0000000175772235,1.000000056518993,0.0,0.0,0.33751639907206815,0.02356604797804193,0.004139171038844715,0.23715703120858272,1.9743573422079802e-07,1.1312234295918366e-05,-0.125,0.0,0.0625,0.01,0.03,-0.03,0,0.0
177,882000000,358,0.9857264757156372,0.1679292768239975,0.011962920427322388,6.103530176915228e-05,1.00000002106593,1.0000000386178138,0.0,0.0,0.33753064224211254,0.023566016754740463,0.004139338547682187,0.23716662875800099,1.6750883747185946e-07,9.597549418280402e-06,-0.0625,-0.25,0.0625,-0.01,0.01,-0.04,0,0.0
178,254000000,359,0.985725462436676,0.16793525218963623,0.011962919495999813,6.103530176915228e-05,1.0000000256960855,1.0000000467436498,0.0,0.0,0.3375427691386569,0.02356598993827005,0.0041394811150145955,0.23717479726444443,1.425673324083332e-07,8.168506443436174e-06,0.0,-0.0625,0.0,0.01,0.04,-0.03,0,0.0
178,637000000,360,0.9857246279716492,0.16794033348560333,0.011962918564677238,6.103530176915228e-05,1.0000000564734959,1.0000000821563253,0.0,0.0,0.3375530901770985,0.02356596751043469,0.0041396023070350745,0.23718174105572853,1.211920204790065e-07,6.943791284110115e-06,0.0,0.0,0.0,0.03,0.05,-0.06,0,0.0
179,209000000,361,0.9857239127159119,0.16794463992118835,0.011962917633354664,6.103530176915228e-05,1.0000000746509146,1.0000001311148863,0.0,0.0,0.3375618347957517,0.023565948030190385,0.004139704969420303,0.23718762317711686,1.0266238522835258e-07,5.882121388330809e-06,0.0625,0.0625,0.0,0.01,0.03,-0.05,0,0.0
179,615000000,362,0.9857232570648193,0.16794830560684204,0.01196291670203209,6.103530176915228e-05,1.0000000439880055,1.0000001186319902,0.0,0.0,0.337569263477498,0.0235659300546741,0.004139792304464715,0.2371926271065653,8.73350444125301e-08,5.003929448425576e-06,-0.1875,-0.0625,0.0,0.02,0.04,0.0,0,0.0
180,19000000,363,0.9857227206230164,0.16795141994953156,0.01196291670203209,6.103530176915228e-05,1.0000000382584158,1.0000000822414294,0.0,0.0,0.33757558138604404,0.023565916836016863,0.004139866772264335,0.2371968937971931,7.446779961943484e-08,4.266690627819534e-06,-0.625,-0.125,0.125,0.01,0.03,0.0,0,0.0
180,541000000,364,0.9857252836227417,0.1679362803697586,0.0119629530236125,6.103548366809264e-05,1.0000000225039698,1.0000000606444979,0.0,0.0,0.33754485494248465,0.023566051588540436,0.004139517329255344,0.2371768721875976,-3.494430089907852e-07,-2.002160959552407e-05,0.125,0.0,0.0625,0.0,0.03,-0.02,0,0.0
180,917000000,365,0.9857274889945984,0.16792340576648712,0.011962983757257462,6.103564373916015e-05,1.0000000347347686,1.0000000571534293,0.0,0.0,0.3375187336719298,0.023566166493819058,0.0041392201253978795,0.23715984366090986,-2.972038574645605e-07,-1.7028526687727005e-05,0.0,0.0,0.0,0.0,0.03,-0.04,0,0.0
181,380000000,366,0.9857293367385864,0.16791246831417084,0.01196300983428955,6.10357747063972e-05,1.000000019826056,1.000000054499304,0.0,0.0,0.33749653459466383,0.02356626343075612,0.004138967614552434,0.23714537585518453,-2.525108454458705e-07,-1.4467805725328603e-05,-0.125,0.1875,0.125,0.0,0.04,-0.04,0,0.0
181,733000000,367,0.9857293963432312,0.1679120659828186,0.01196301355957985,6.103579653427005e-05,1.0000000110683023,1.0000000308942756,0.0,0.0,0.33749571540230183,0.023566272245344785,0.004138959288212911,0.23714489879107112,-8.326339522371495e-09,-4.770641134248604e-07,0.0,0.0625,0.0625,0.01,0.06,-0.01,0,0.0
182,156000000,368,0.985729455947876,0.16791172325611115,0.011963017284870148,6.103581108618528e-05,1.0000000123190302,1.0000000233872721,0.0,0.0,0.33749502037950346,0.023566281055100433,0.0041389523740059464,0.23714450263619336,-6.9142069647823434e-09,-3.961548777619873e-07,0.25,-0.0625,0.0,0.01,0.05,-0.03,0,0.0
182,512000000,369,0.9857295155525208,0.16791142523288727,0.011963020078837872,6.10358256381005e-05,1.0000000210649624,1.000000033383947,0.0,0.0,0.33749441846910805,0.023566288022824178,0.004138946216631114,0.23714414984460258,-6.157374832227447e-09,-3.5279159076670603e-07,0.0,0.1875,-0.125,0.0,0.04,-0.05,0,0.0
182,872000000,370,0.9857295751571655,0.16791117191314697,0.011963022872805595,6.103584019001573e-05,1.0000000373172,1.0000000583821296,0.0,0.0,0.3374939096859472,0.023566294985090067,0.004138941129118456,0.23714385835159904,-5.087512658548399e-09,-2.9149300355420435e-07,0.1875,0.0,0.0,0.0,0.05,-0.05,0,0.0
183,225000000,371,0.9857296347618103,0.16791096329689026,0.011963024735450745,6.103584746597335e-05,1.0000000610645667,1.0000000983817459,0.0,0.0,0.3374934940149595,0.02356630010776771,0.0041389367840933625,0.23714360939999932,-4.3450250931942325e-09,-2.4895159971846673e-07,-0.0625,-0.0625,0.1875,0.0,0.04,-0.03,0,0.0
183,600000000,372,0.9857296347618103,0.16791078448295593,0.011963026598095894,6.103585474193096e-05,1.0000000310620474,1.0000000921266006,0.0,0.0,0.33749312153617184,0.023566303800306766,0.004138933145032608,0.2371434008971767,-3.6390607541236797e-09,-2.0850282260298143e-07,-0.0625,-0.125,-0.0625,0.01,0.01,-0.05,0,0.0
184,153000000,373,0.9857296347618103,0.167910635471344,0.011963028460741043,6.103586201788858e-05,1.0000000060636858,1.0000000371257225,0.0,0.0,0.33749281114219604,0.023566307489206798,0.004138930219214523,0.2371432332601488,-2.92581808520459e-09,-1.676370279052709e-07,0.5625,-0.125,0.0,0.0,0.05,-0.05,0,0.0
184,506000000,374,0.9857296943664551,0.16791051626205444,0.011963030323386192,6.10358765698038e-05,1.0000000448235344,1.0000000508872124,0.0,0.0,0.33749258172574637,0.023566312598524153,0.004138928028265565,0.23714310772802039,-2.190948957848937e-09,-1.255321284133302e-07,0.3125,0.0,-0.0625,0.01,0.05,-0.03,0,0.0
184,951000000,375,0.9857296943664551,0.1679103970527649,0.011963031254708767,6.103588384576142e-05,1.0000000248181908,1.0000000696417195,0.0,0.0,0.3374923334017035,0.023566314447210784,0.004138925502663414,0.2371429630216764,-2.525602151026707e-09,-1.4470634398299264e-07,0.125,0.0625,-0.125,-0.01,0.02,-0.05,0,0.0
185,314000000,376,0.9857296943664551,0.16791030764579773,0.011963032186031342,6.103588384576142e-05,1.0000000098169772,1.0000000346351645,0.0,0.0,0.3374921471622767,0.023566316294702478,0.00413892367595692,0.23714285835910387,-1.826706494401087e-09,-1.0466257253832022e-07,0.0,0.0,-0.0625,-0.01,0.0,-0.01,0,0.0
185,783000000,377,0.9857296943664551,0.16791023313999176,0.011963033117353916,6.103588384576142e-05,0.9999999973178286,1.0000000071348032,0.0,0.0,0.33749199196524005,0.023566318140374663,0.004138922205872233,0.23714277412945578,-1.470084686795714e-09,-8.422964808020592e-08,-0.125,0.0,0.0,0.01,0.03,-0.01,0,0.0
186,159000000,378,0.9857312440872192,0.16790126264095306,0.011963051743805408,6.10359784332104e-05,1.0000000189492892,1.0000000162256821,0.0,0.0,0.3374737959849005,0.023566393024522046,0.004138714155280669,0.237130853708634,-2.0805059156372985e-07,-1.1920420821801811e-05,-0.375,-0.3125,0.125,-0.01,0.03,-0.03,0,0.0
186,595000000,379,0.9857343435287476,0.1678832471370697,0.011962979100644588,6.103560735937208e-05,1.0000000486378213,1.000000067420027,0.0,0.0,0.3374372472098651,0.023566326273610917,0.004138258233044618,0.2371047312887221,-4.559222360513149e-07,-2.612241991190761e-05,-0.125,0.0,0.0,0.01,0.05,-0.03,0,0.0
186,945000000,380,0.9857369661331177,0.16786791384220123,0.01196291670203209,6.103528721723706e-05,1.0000000590001892,1.0000001075170175,0.0,0.0,0.337406135229077,0.023566267967742693,0.00413786999197849,0.23708248671419932,-3.882410661276009e-07,-2.2244574522771035e-05,0.3125,-0.25,0.0625,0.0,0.04,-0.05,0,0.0
187,294000000,381,0.9857406616210938,0.1678459793329239,0.011962881311774254,6.103510895627551e-05,1.0000000195029919,1.0000000782557927,0.0,0.0,0.3373616124123554,0.023566289357478253,0.004137333258561122,0.23705173415466047,-5.367334173682695e-07,-3.075255953883556e-05,0.0,0.0,0.0,0.0,0.05,-0.03,0,0.0
187,642000000,382,0.9857438206672668,0.16782733798027039,0.011962851509451866,6.103495616116561e-05,1.0000000044493738,1.0000000237736257,0.0,0.0,0.33732378015612174,0.02356630851731737,0.004136877202453033,0.2370256040644458,-4.5605610808890223e-07,-2.6130090214656182e-05,0.1875,-0.25,0.0,0.01,0.05,-0.03,0,0.0
188,4000000,383,0.9857450127601624,0.16782039403915405,0.01196280773729086,6.103473424445838e-05,1.0000000136655938,1.0000000180901472,0.0,0.0,0.3373096919613437,0.02356625164893897,0.004136696022645885,0.23701522322616322,-1.811798071484766e-07,-1.0380838282601892e-05,-0.25,0.125,0.0,0.0,0.03,-0.01,0,0.0
188,355000000,384,0.9857475161552429,0.16780559718608856,0.011962789110839367,6.103463965700939e-05,0.9999999980508741,1.000000011603861,0.0,0.0,0.3372796610477571,0.02356627666718591,0.004136335766054304,0.23699458204392385,-3.602565915809125e-07,-2.064118223935451e-05,-0.1875,0.0,0.0,0.01,0.04,-0.01,0,0.0
188,723000000,385,0.9857496619224548,0.16779300570487976,0.011962773278355598,6.103455962147564e-05,1.0000000002067193,0.9999999981760185,0.00012079673909276088,0.00692114332895816,0.3372541110646903,0.023566298362092054,0.0041360292129345114,0.2369770178439632,-3.065531197924201e-07,-1.7564199960674016e-05,0.0,0.1875,0.0,0.0,0.03,-0.03,0,0.0
189,161000000,386,0.9857529997825623,0.16777341067790985,0.011962777934968472,6.1034585087327287e-05,1.0000000028459803,1.0000000028551466,0.0,0.0,0.3372143500868636,0.023566389811555455,0.0041355622866326505,0.23695026493752291,-4.6692630186091766e-07,-2.675290644028206e-05,-0.125,0.0625,0.0625,0.0,0.03,-0.05,0,0.0
189,548000000,387,0.9857543110847473,0.16776564717292786,0.011962763965129852,6.1034512327751145e-05,0.9999999928202066,0.9999999956351912,0.0001868648463647506,0.010706567036060754,0.3371985931646828,0.023566394616963922,0.004135371815740691,0.2369393517592935,-1.9047089195971256e-07,-1.0913178229383816e-05,0.1875,0.0,0.0,0.0,0.02,-0.05,0,0.0
189,907000000,388,0.985755443572998,0.16775906085968018,0.011962751857936382,6.1034450482111424e-05,1.0000000040957693,0.9999999968936448,0.0001576414964327945,0.009032192421725748,0.33718523185703825,0.023566398668739698,0.0041352101429424125,0.2369300885902901,-1.6167279827828535e-07,-9.263169003415672e-06,0.3125,0.0,0.0,-0.01,0.02,-0.07,0,0.0
190,263000000,389,0.9857531189918518,0.16777276992797852,0.011962813325226307,6.1034763348288834e-05,1.0000000132796834,1.0000000172787797,0.0,0.0,0.33721305367568993,0.02356646247439588,0.004135559203545828,0.2369500882896601,3.490606034156976e-07,1.9999699370009282e-05,0.25,-0.125,-0.0625,0.0,0.05,-0.02,0,0.0
190,667000000,390,0.9857511520385742,0.1677844226360321,0.011962865479290485,6.103502892074175e-05,1.000000030050216,1.0000000432600715,0.0,0.0,0.3372367051530916,0.023566516739173492,0.004135855876803322,0.2369670864152089,2.9667325749348217e-07,1.6998125548774453e-05,-0.125,0.0625,-0.0625,0.0,0.03,-0.01,0,0.0
191,77000000,391,0.9857494831085205,0.167794331908226,0.011962909251451492,6.103525083744898e-05,1.0000000480961506,1.000000078095878,0.0,0.0,0.33725681922942613,0.023566561833995893,0.004136107963113655,0.236981529896864,2.5208631033307727e-07,1.4443481655110441e-05,-0.1875,-0.0625,-0.125,0.0,0.03,-0.01,0,0.0
191,513000000,392,0.9857465028762817,0.16781164705753326,0.01196292880922556,6.103535270085558e-05,1.000000016105995,1.0000000640477986,0.0,0.0,0.33729194490441766,0.02356652692996625,0.004136528760421077,0.23700563980660977,4.2079730742244914e-07,2.4109909745775365e-05,-0.125,-0.3125,0.0,0.0,0.04,-0.03,0,0.0
191,880000000,393,0.9857439994812012,0.16782636940479279,0.011962944641709328,6.103543273638934e-05,1.0000000192753062,1.0000000352697942,0.0,0.0,0.33732182062893973,0.023566496415138995,0.0041368862709684606,0.23702612365210624,3.5751054738332455e-07,2.0483845496476333e-05,0.0,-0.0625,0.0,0.01,0.04,-0.05,0,0.0
192,251000000,394,0.9857418537139893,0.16783888638019562,0.011962958611547947,6.103550549596548e-05,1.0000000050244553,1.0000000242191223,0.0,0.0,0.33734721566190173,0.02356647105763651,0.004137190406224042,0.2370435493186522,3.041352555814905e-07,1.7425666545952022e-05,-0.1875,0.25,-0.0625,0.0,0.02,-0.05,0,0.0
192,713000000,395,0.9857385158538818,0.16785842180252075,0.011962952092289925,6.103546911617741e-05,0.9999999936779688,0.999999998506037,0.0001093238474887977,0.006263795061239991,0.3373868533169768,0.023566375944798486,0.00413765526513029,0.23707018377204928,4.6485890624770737e-07,2.6634453397061248e-05,-0.0625,-0.1875,0.0,0.0,0.01,-0.05,0,0.0
193,65000000,396,0.9857357144355774,0.1678750216960907,0.011962946504354477,6.103544001234695e-05,1.0000000187188358,1.0000000122551025,0.0,0.0,0.337420545995648,0.023566295863047943,0.00413805026228767,0.2370928154420868,3.9499715738001984e-07,2.2631670037539894e-05,-0.3125,0.125,-0.0625,0.0,0.02,-0.05,0,0.0
193,418000000,397,0.9857333302497864,0.16788913309574127,0.011962941847741604,6.103541818447411e-05,1.0000000375399736,1.0000000561564024,0.0,0.0,0.33744918708243904,0.023566227904785044,0.004138386081914681,0.23711205648939218,3.35819627010972e-07,1.92410473053862e-05,0.25,-0.0625,0.0625,0.0,0.03,-0.06,0,0.0
193,773000000,398,0.985731303691864,0.16790112853050232,0.01196293719112873,6.103539635660127e-05,1.0000000538157168,1.000000091281694,0.0,0.0,0.33747353365446225,0.023566168763873175,0.00413867130500786,0.23712839856885104,2.8522309317938893e-07,1.63420794588456e-05,0.1875,0.0,0.0,0.0,0.01,0.0,0,0.0
194,154000000,399,0.9857280254364014,0.16792021691799164,0.01196291483938694,6.103528721723706e-05,1.000000027218646,1.0000000808468077,0.0,0.0,0.3375122595015973,0.023566043935126072,0.0041391200057283185,0.23715410722639776,4.4870072045833514e-07,2.570865754674196e-05,-0.1875,-0.0625,0.0625,-0.01,0.05,-0.03,0,0.0
194,520000000,400,0.9857283234596252,0.16791865229606628,0.011962933465838432,6.103538180468604e-05,1.0000000584809365,1.0000000856983162,0.0,0.0,0.3375090948044381,0.02356608795827264,0.00413908904452038,0.23715233327985427,-3.096120793858598e-08,-1.7739465435079161e-06,0.0,0.125,-0.125,0.0,0.03,-0.04,0,0.0
194,965000000,401,0.9857285618782043,0.16791732609272003,0.0119629492983222,6.10354618402198e-05,1.0000000709929193,1.0000001294729521,0.0,0.0,0.3375064078503343,0.023566125021009833,0.004139062814020011,0.23715083038288862,-2.6230500368984444e-08,-1.5028969656591572e-06,0.1875,0.0625,0.0,0.0,0.02,-0.05,0,0.0
195,353000000,402,0.9857301712036133,0.16790728271007538,0.011962979100644588,6.10356146353297e-05,0.9999999713012468,1.0000000422424389,0.0,0.0,0.33748599584893685,0.02356622348169677,0.0041388329668499745,0.2371376611101125,-2.2984717003640687e-07,-1.316927277611191e-05,-0.125,-0.25,0.0,0.0,0.05,-0.04,0,0.0
195,708000000,403,0.9857316613197327,0.1678987592458725,0.011963006108999252,6.103575287852436e-05,1.0000000093624952,0.9999999806263073,0.00039368711142434234,0.022556609933311392,0.3374687123967209,0.02356631339914894,0.004138638511601243,0.23712651964505602,-1.9445524873130948e-07,-1.114146505647069e-05,0.375,-0.0625,0.0625,0.0,0.02,-0.08,0,0.0
196,63000000,404,0.9857313632965088,0.16790041327476501,0.011963010765612125,6.10357747063972e-05,0.9999999933580873,1.0000000027191702,0.0,0.0,0.3374720637013635,0.023566315240251965,0.00413867966826182,0.23712887774800595,4.115666057697559e-08,2.3581029499131607e-06,0.0,0.0,0.0,0.0,0.04,-0.06,0,0.0
196,507000000,405,0.9857296347618103,0.16791070997714996,0.011962995864450932,6.103570194682106e-05,1.000000018184046,1.0000000114876284,0.0,0.0,0.33749296583013216,0.023566243253772375,0.004138920730729132,0.2371426896099819,2.4106246731148834e-07,1.381186197595865e-05,-0.125,0.0625,-0.0625,0.0,0.05,-0.04,0,0.0
196,857000000,406,0.9857281446456909,0.16791947185993195,0.011962983757257462,6.103563646320254e-05,1.0000000204410397,1.0000000385855905,0.0,0.0,0.33751074627080896,0.023566182668057475,0.004139126043251357,0.2371544531509866,2.0531252222562996e-07,1.1763541004714508e-05,0.125,0.1875,0.0,0.0,0.01,-0.05,0,0.0
197,225000000,407,0.9857268929481506,0.16792690753936768,0.01196297351270914,6.103558553149924e-05,1.0000000351087788,1.0000000555213913,0.0,0.0,0.33752583957685606,0.02356613161857711,0.004139300300063686,0.23716443733088444,1.7425681232870194e-07,9.984179897837871e-06,0.0,0.0,0.0625,0.0,0.04,-0.03,0,0.0
197,655000000,408,0.9857258200645447,0.16793324053287506,0.011962964199483395,6.103554187575355e-05,1.0000000409277827,1.0000000760159338,0.0,0.0,0.33753869245930823,0.023566086817393337,0.004139448515937693,0.2371729294749219,1.482158740072001e-07,8.492144037455326e-06,-0.3125,0.125,-0.0625,0.0,0.02,-0.01,0,0.0
198,25000000,409,0.9857264161109924,0.1679297238588333,0.01196297537535429,6.103560008341447e-05,1.0000000380397498,1.000000078961173,0.0,0.0,0.3375315555114468,0.0235661235309891,0.004139368297908767,0.23716833332042359,-8.021802892603513e-08,-4.596154498320169e-06,0.3125,-0.0625,-0.0625,0.0,0.05,-0.06,0,0.0
198,377000000,410,0.9857269525527954,0.16792672872543335,0.011962984688580036,6.103564373916015e-05,1.0000000639687256,1.000000102003849,0.0,0.0,0.3375254861393468,0.02356615508618401,0.004139299899361459,0.237164414372338,-6.839854730777278e-08,-3.91894808556128e-06,0.125,0.0,0.0,0.01,0.04,-0.01,0,0.0
198,758000000,411,0.9857273697853088,0.1679241806268692,0.011962992139160633,6.103568011894822e-05,1.0000000474446709,1.0000001114100663,0.0,0.0,0.3375203102327725,0.023566180063125688,0.004139241544323922,0.23716107087497382,-5.835503753739285e-08,-3.3434973642201032e-06,0.0625,-0.1875,0.0,0.02,0.04,-0.07,0,0.0
199,129000000,412,0.9857277274131775,0.1679220199584961,0.011962998658418655,6.103571649873629e-05,1.0000000372201738,1.0000000846624484,0.0,0.0,0.3375159225284474,0.023566201729705187,0.004139192141034211,0.2371582402749793,-4.94032897108837e-08,-2.830599994495721e-06,0.125,0.0,-0.0625,0.0,0.04,-0.05,0,0.0
199,599000000,413,0.9857280254364014,0.16792018711566925,0.011963004246354103,6.103574560256675e-05,1.000000023283834,1.0000000605022847,0.0,0.0,0.33751219885431016,0.023566220095640376,0.004139150248686364,0.2371558400202538,-4.189234784676005e-08,-2.4002547255133127e-06,0.0,0.1875,0.0625,0.0,0.05,-0.04,0,0.0
199,957000000,414,0.9857283234596252,0.1679186224937439,0.011963008902966976,6.103576743043959e-05,1.0000000543790473,1.0000000776616147,0.0,0.0,0.337509033932509,0.023566236594703388,0.004139114448093934,0.23715378879740345,-3.58005924306834e-08,-2.05122285034616e-06,-0.0625,0.1875,-0.125,0.0,0.03,-0.06,0,0.0
200,405000000,415,0.9857285618782043,0.16791729629039764,0.01196301355957985,6.103578925831243e-05,1.0000000667573699,1.000000121135513,0.0,0.0,0.3375063467986964,0.023566251638161433,0.004139084346139262,0.23715206408244566,-3.01019546719572e-08,-1.724714957797258e-06,0.25,0.0625,-0.125,0.0,0.04,-0.03,0,0.0
200,754000000,416,0.9857287406921387,0.1679161638021469,0.011963017284870148,6.103580381022766e-05,1.0000000529002318,1.0000001196569481,0.0,0.0,0.3375040443099323,0.023566263397342718,0.004139058545578888,0.23715058581922716,-2.580056037392031e-08,-1.478263218498107e-06,0.0,-0.0625,0.125,0.0,0.04,-0.02,0,0.0
201,106000000,417,0.985728919506073,0.1679152101278305,0.011963020078837872,6.103581836214289e-05,1.0000000690588282,1.0000001219585932,0.0,0.0,0.3375021143166488,0.02356627329811941,0.0041390367114278225,0.23714933481452186,-2.1834151065283636e-08,-1.2510047052918227e-06,-0.3125,-0.0625,0.125,0.0,0.04,-0.01,0,0.0
201,551000000,418,0.9857290387153625,0.16791439056396484,0.011963022872805595,6.103583291405812e-05,1.0000000489834031,1.000000118041892,0.0,0.0,0.337500444812956,0.023566281756022968,0.004139018079584608,0.23714826728854113,-1.863184321410083e-08,-1.0675259807174402e-06,0.625,0.125,0.0,0.02,0.03,-0.03,0,0.0
201,928000000,419,0.9857354760169983,0.16787658631801605,0.011962990276515484,6.103566556703299e-05,1.0000000468869774,1.0000000951350823,0.0,0.0,0.3374237305409538,0.023566376209799126,0.00413810283229205,0.23709582748146676,-9.152472925585964e-07,-5.243980707438289e-05,0.375,-0.125,-0.125,0.0,0.03,-0.06,0,0.0
202,311000000,420,0.9857409596443176,0.16784445941448212,0.011962962336838245,6.103552732383832e-05,1.0000000591349223,1.000000105490798,0.0,0.0,0.3373585419177259,0.023566456318816095,0.004137324967563707,0.2370512591155006,-7.778647283431667e-07,-4.4568365966153755e-05,-0.3125,0.125,-0.125,-0.01,0.04,-0.04,0,0.0
202,763000000,421,0.9857456088066101,0.1678171455860138,0.01196293905377388,6.103540363255888e-05,1.0000000576351367,1.0000001163862322,0.0,0.0,0.3373031159539168,0.02356652504679304,0.0041366637854904475,0.23701337617321314,-6.611820732591381e-07,-3.788294228745822e-05,-0.25,-0.125,0.0625,0.0,0.03,-0.05,0,0.0
203,116000000,422,0.9857540726661682,0.1677672415971756,0.011962974444031715,6.103558553149924e-05,1.0000000278069765,1.0000000841610919,0.0,0.0,0.33720184234680384,0.02356680343233594,0.0041354827443450546,0.23694570750015084,-1.1810411453929207e-06,-6.766867306231098e-05,0.5,-0.0625,0.0,0.0,0.04,-0.04,0,0.0
203,469000000,423,0.9857582449913025,0.16774260997772217,0.011962967924773693,6.103554915171117e-05,1.000000008548689,1.0000000360436034,0.0,0.0,0.33715185427514516,0.02356689345036135,0.004134891499543193,0.23691183166834515,-5.912448018613806e-07,-3.3875831805705705e-05,0.0,-0.125,0.0,0.0,0.03,-0.03,0,0.0
203,903000000,424,0.985761821269989,0.1677216738462448,0.011962962336838245,6.103552004788071e-05,1.0000000221722594,1.000000030495393,0.0,0.0,0.3371093757283951,0.02356697058630786,0.004134388951387722,0.23688303778003456,-5.025481554709818e-07,-2.879388831057159e-05,-0.75,0.0625,0.0625,0.0,0.07,-0.04,0,0.0
204,250000000,425,0.9857678413391113,0.1676860898733139,0.011962994001805782,6.103568011894822e-05,0.9999999893531069,1.0000000108741358,0.0,0.0,0.33703716019159013,0.023567181399271598,0.004133549022141605,0.23683491337914242,-8.399292461174282e-07,-4.812440089213362e-05,-0.25,-0.0625,-0.0625,0.01,0.04,-0.03,0,0.0
204,599000000,426,0.9857730269432068,0.1676558554172516,0.01196302194148302,6.10358256381005e-05,1.0000000320619031,1.0000000209445037,0.0,0.0,0.33697582421058137,0.023567364247076263,0.004132835734861585,0.23679404502841694,-7.132872800194937e-07,-4.0868350725483116e-05,0.0625,-0.0625,-0.0625,0.02,0.04,-0.05,0,0.0
204,989000000,427,0.985780656337738,0.16761083900928497,0.01196297351270914,6.103557825554162e-05,1.0000000061118328,1.0000000371313928,0.0,0.0,0.336884471145937,0.023567456911895757,0.00413174257572271,0.23673141162342323,-1.0931591388754422e-06,-6.263340499371827e-05,0.0,-0.0625,-0.0625,0.0,0.04,-0.02,0,0.0
205,443000000,428,0.9857871532440186,0.16757257282733917,0.011962932534515858,6.103536725277081e-05,0.9999999970725307,1.0000000024311075,0.0,0.0,0.33680682124698563,0.023567536328946054,0.004130813406310309,0.23667817413764,-9.291694124009819e-07,-5.323748578322692e-05,-0.3125,0.0625,-0.0625,0.0,0.03,-0.03,0,0.0
205,820000000,429,0.9857926964759827,0.167540043592453,0.011962897144258022,6.103518535383046e-05,1.000000010632864,1.0000000071609547,0.0,0.0,0.33674081999990424,0.023567603231047847,0.004130023356035686,0.23663290759130096,-7.900502746226515e-07,-4.5266546339029576e-05,0.125,0.0625,0.0,0.0,0.03,-0.07,0,0.0
206,220000000,430,0.9857974052429199,0.16751238703727722,0.011962867341935635,6.103503255872056e-05,1.0000000189574578,1.0000000291967928,0.0,0.0,0.3366847045997182,0.023567660577094085,0.004129351753349609,0.2365944275918791,-6.716026860770913e-07,-3.847999942186687e-05,-0.125,-0.0625,-0.125,0.0,0.05,-0.07,0,0.0
206,575000000,431,0.9858013987541199,0.16748888790607452,0.01196284219622612,6.103490522946231e-05,1.000000019338132,1.0000000380115113,0.0,0.0,0.33663702271498336,0.023567709472203654,0.00412878117400416,0.23656173580350753,-5.705793454493027e-07,-3.269178837158208e-05,0.4375,-0.0625,-0.0625,-0.03,0.06,-0.05,0,0.0
206,928000000,432,0.9858047962188721,0.16746890544891357,0.011962820775806904,6.10347960900981e-05,1.0000000216732745,1.000000040805986,0.0,0.0,0.33659647727990044,0.023567751013514982,0.004128295970238164,0.2365339356755121,-4.852037659959854e-07,-2.780012799542317e-05,-0.0625,0.0625,-0.1875,0.01,0.02,-0.06,0,0.0
207,340000000,433,0.9858076572418213,0.1674519181251526,0.011962802149355412,6.1034701502649114e-05,0.9999999971604502,1.0000000186853475,0.0,0.0,0.33656200073004056,0.023567784855839154,0.0041278833475498645,0.2365102941369412,-4.126226882993425e-07,-2.364153857089442e-05,-0.375,0.0625,-0.0625,-0.01,0.04,-0.04,0,0.0
207,808000000,434,0.9858116507530212,0.16742859780788422,0.01196280587464571,6.103471969254315e-05,1.0000000292869708,1.0000000261675288,0.0,0.0,0.3365146927003218,0.023567890617854255,0.004127327016631961,0.23647841872333267,-5.56330917903837e-07,-3.1875413608528946e-05,-0.4375,0.125,0.0,0.01,0.03,-0.04,0,0.0
208,166000000,435,0.9858149886131287,0.1674087643623352,0.01196280773729086,6.103473060647957e-05,0.9999999993269123,1.0000000284116302,0.0,0.0,0.3364744399655907,0.023567976591925614,0.004126853414805093,0.23645128333748347,-4.736018268678213e-07,-2.713538584921168e-05,0.25,-0.0625,0.0625,0.01,0.04,-0.05,0,0.0
208,621000000,436,0.985819399356842,0.16738303005695343,0.011962829157710075,6.103483974584378e-05,1.0000000399530191,1.0000000389390775,0.0,0.0,0.33642223714060904,0.02356812750175963,0.00412624547071008,0.23641645070665934,-6.079440950127954e-07,-3.48326308241335e-05,-0.3125,0.0,0.0625,0.0,0.03,-0.02,0,0.0
209,121000000,437,0.9858216047286987,0.1673700362443924,0.0119628282263875,6.103483246988617e-05,1.0000000391833697,1.000000079049539,0.0,0.0,0.3363958719143986,0.023568180033672347,0.004125934444388931,0.23639863021114002,-3.1102632114862055e-07,-1.7820495519296496e-05,0.25,-0.0625,-0.0625,-0.01,0.04,-0.05,0,0.0
209,517000000,438,0.9858234524726868,0.16735899448394775,0.011962827295064926,6.103482883190736e-05,1.0000000127209938,1.000000051841697,0.0,0.0,0.33637345928997,0.023568223767148178,0.004125670098324112,0.23638348429729503,-2.6434606481898215e-07,-1.514591384501937e-05,0.4375,0.125,-0.0625,0.0,0.03,-0.06,0,0.0
209,930000000,439,0.9858250617980957,0.16734960675239563,0.011962826363742352,6.1034825193928555e-05,1.0000000281446295,1.0000000408202638,0.0,0.0,0.33635441621171575,0.02356826159274943,0.004125445307565799,0.23637060473557012,-2.2479075831305373e-07,-1.2879561724883303e-05,-0.8125,0.0625,-0.125,0.01,0.04,-0.01,0,0.0
210,288000000,440,0.9858201146125793,0.1673787236213684,0.011962859891355038,6.1034999816911295e-05,1.0000000246189642,1.0000000523274604,0.0,0.0,0.3364134946615212,0.023568205704233146,0.00412615310883786,0.2364111587611932,7.078012720608193e-07,4.05540256230759e-05,0.6875,0.1875,0.0,0.0,0.01,-0.05,0,0.0
210,637000000,441,0.9858143925666809,0.16741237044334412,0.011962870135903358,6.10350543865934e-05,1.0000000161781197,1.0000000402146592,0.0,0.0,0.336481763056695,0.023568084839507876,0.004126961192063441,0.2364574585195143,8.080832255806525e-07,4.629975832108943e-05,-0.125,-0.125,0.0,-0.01,0.03,-0.02,0,0.0
211,0,442,0.9858080148696899,0.16744987666606903,0.011962860822677612,6.10350034548901e-05,1.0000000085705674,1.0000000240249916,0.0,0.0,0.33655786285030087,0.023567909276193188,0.00412785479698226,0.23650865830991477,8.936049188191034e-07,5.119979040046517e-05,0.3125,0.0625,0.0,-0.02,0.03,-0.05,0,0.0
211,352000000,443,0.9858025908470154,0.16748175024986267,0.01196285244077444,6.1034963437123224e-05,0.9999999991756159,1.0000000072235107,0.0,0.0,0.33662253350944227,0.023567759057611666,0.004128614049561739,0.23655216027830336,7.592525794793831e-07,4.3501968388589745e-05,0.5,0.1875,0.0,0.0,0.04,-0.05,0,0.0
211,700000000,444,0.9857980012893677,0.16750884056091309,0.011962845921516418,6.103492705733515e-05,1.0000000122099888,1.0000000110081304,0.0,0.0,0.33667750606429453,0.023567633066153882,0.00412925956078207,0.23658914534685663,6.455112203304636e-07,3.698506855327495e-05,0.3125,0.125,0.0,0.01,0.03,-0.05,0,0.0
212,172000000,445,0.9857925772666931,0.1675407737493515,0.011962821707129478,6.103480336605571e-05,1.000000014545542,1.0000000262309565,0.0,0.0,0.3367423018942321,0.023567451644919035,0.004130014763134413,0.23663241525432424,7.552023523430679e-07,4.326990746760953e-05,0.125,-0.1875,0.125,0.0,0.05,-0.07,0,0.0
212,684000000,446,0.9857894778251648,0.16755901277065277,0.01196281984448433,6.103479245211929e-05,1.000000015067682,1.00000002944209,0.0,0.0,0.3367793108505818,0.023567371571425272,0.00413045023623183,0.23665736602489773,4.3547309741716334e-07,2.495077057349281e-05,-0.3125,0.0,0.125,0.0,0.05,-0.01,0,0.0
213,36000000,447,0.9857868552207947,0.16757452487945557,0.01196281798183918,6.103478153818287e-05,1.0000000290269948,1.0000000439709256,0.0,0.0,0.33681079103123474,0.023567303242722305,0.004130820506733071,0.236678580961897,3.7027050124073535e-07,2.1214936999287646e-05,0.1875,-0.125,-0.125,0.0,0.03,-0.04,0,0.0
213,390000000,448,0.9857861399650574,0.1675788015127182,0.011962834745645523,6.103486884967424e-05,1.000000040802026,1.0000000698196212,0.0,0.0,0.3368194727752842,0.023567318633793983,0.004130928563649842,0.2366847721671752,1.0805691677117507e-07,6.1912052781847345e-06,-0.0625,0.0625,-0.0625,0.0,0.04,-0.04,0,0.0
213,742000000,449,0.9857854843139648,0.1675824373960495,0.011962848715484142,6.103494160925038e-05,1.0000000039411863,1.0000000447363884,0.0,0.0,0.33682683872700186,0.023567330024376245,0.0041310203276687905,0.2366900298581721,9.17640189486077e-08,5.257690996913735e-06,0.1875,0.1875,0.125,0.0,0.04,-0.02,0,0.0
214,116000000,450,0.9857849478721619,0.16758553683757782,0.011962860822677612,6.10350034548901e-05,0.9999999946863972,0.9999999986226363,0.00010497099286493666,0.006014394862458749,0.3368331250201468,0.023567340663687313,0.004131098621867198,0.23669451578530123,7.829419840753304e-08,4.485927129111534e-06,0.125,0.0,-0.0625,0.0,0.04,-0.01,0,0.0
214,477000000,451,0.9857845306396484,0.16758818924427032,0.011962871998548508,6.103505802457221e-05,1.0000000280271684,1.000000022709961,0.0,0.0,0.3368385178932403,0.023567352376282404,0.004131165905475465,0.2366983708520853,6.728360826650792e-08,3.855066784082441e-06,0.4375,0.0,-0.0625,-0.01,0.04,-0.07,0,0.0
214,838000000,452,0.9857841730117798,0.1675904244184494,0.01196288038045168,6.1035101680317894e-05,1.0000000501747763,1.0000000781993843,0.0,0.0,0.3368430605293302,0.023567360059917733,0.004131222252372393,0.23670159929146797,5.634689692873146e-08,3.2284393826749732e-06,-0.0625,-0.25,0.0,0.0,0.03,-0.05,0,0.0
215,284000000,453,0.9857838153839111,0.16759231686592102,0.011962887831032276,6.1035138060105965e-05,1.000000014877947,1.00000006505087,0.0,0.0,0.3368468892841506,0.023567365951153028,0.004131270070351391,0.2367043390598494,4.781797899745116e-08,2.739768381399163e-06,0.125,-0.0625,0.0,0.0,0.04,-0.07,0,0.0
215,638000000,454,0.9857835173606873,0.16759392619132996,0.011962894350290298,6.103517080191523e-05,0.9999999908813808,1.0000000057579885,0.0,0.0,0.3368501471685076,0.02356737146797699,0.004131310800311031,0.2367066727146365,4.0729959640238567e-08,2.333654787123851e-06,0.1875,0.0,-0.125,0.0,0.02,-0.06,0,0.0
216,91000000,455,0.9857833385467529,0.16759531199932098,0.01196290086954832,6.10352071817033e-05,1.0000000469415204,1.000000037821926,0.0,0.0,0.33685297720936264,0.023567379863835752,0.004131346202769651,0.23670870112609982,3.54024586200416e-08,2.028411463314924e-06,-0.125,0.0,-0.125,0.0,0.05,-0.05,0,0.0
216,457000000,456,0.9857831597328186,0.1675964742898941,0.011962905526161194,6.103522900957614e-05,1.0000000655205727,1.000000112461405,0.0,0.0,0.3368553416535971,0.023567384618512637,0.004131375602408464,0.23671038560132301,2.93996388128423e-08,1.6844752231848697e-06,0.0,0.0625,0.125,0.01,0.04,-0.05,0,0.0
216,907000000,457,0.9857813715934753,0.16760635375976562,0.01196288876235485,6.103514533606358e-05,0.9999999584170924,1.0000000238872675,0.0,0.0,0.3368753536847214,0.023567307585597753,0.004131606032759871,0.23672358828793033,2.304303514067893e-07,1.320268660732548e-05,0.0,0.1875,0.0,0.01,0.05,-0.04,0,0.0
217,265000000,458,0.9857800006866455,0.16761477291584015,0.011962877586483955,6.1035087128402665e-05,1.000000018009411,0.9999999763901237,0.0004346021294854239,0.024900867786912903,0.33689245617325847,0.023567251727958583,0.004131803489964441,0.23673490175238668,1.9745720457060162e-07,1.1313464456346782e-05,-0.125,0.0,-0.0625,0.02,0.03,-0.03,0,0.0
217,714000000,459,0.98577880859375,0.167621910572052,0.011962867341935635,6.103503255872056e-05,1.0000000391483264,1.0000000571315546,0.0,0.0,0.3369069460291627,0.023567202141747953,0.004131970619210659,0.23674447755282815,1.671292462175969e-07,9.57580044147108e-06,0.125,-0.0625,0.0,0.0,0.03,-0.07,0,0.0
218,67000000,460,0.9857777953147888,0.1676279902458191,0.011962858028709888,6.103498526499607e-05,1.0000000592735097,1.0000000984028437,0.0,0.0,0.33691928880722805,0.02356715879843527,0.004132112777045798,0.23675262259680632,1.4215783513890634e-07,8.145043978175884e-06,0.3125,0.0,-0.125,0.0,0.03,-0.07,0,0.0
218,512000000,461,0.9857769012451172,0.16763314604759216,0.011962850578129292,6.103494524722919e-05,1.0000000421007282,1.0000001013605495,0.0,0.0,0.33692974498957845,0.02356712209181256,0.00413223347834465,0.23675953827181231,1.2070129885247832e-07,6.9156750059942545e-06,-0.25,0.0,-0.0625,0.0,0.03,-0.07,0,0.0
218,955000000,462,0.9857761263847351,0.16763752698898315,0.01196284405887127,6.1034912505419925e-05,1.0000000125841564,1.0000000546749888,0.0,0.0,0.336938624935388,0.02356709016700801,0.004132335976854198,0.2367654110038158,1.024985095479658e-07,5.872732003479812e-06,0.0,0.125,0.0,0.0,0.03,-0.02,0,0.0
219,305000000,463,0.9857754707336426,0.16764125227928162,0.011962838470935822,6.103488340158947e-05,0.9999999906977195,1.000000003274722,0.0,0.0,0.3369461769456195,0.023567063010676476,0.004132423118385697,0.23677040384579096,8.714153149850384e-08,4.992841975170594e-06,0.25,0.0,0.0,0.0,0.05,-0.03,0,0.0
219,752000000,464,0.9857749342918396,0.1676444262266159,0.011962833814322948,6.1034861573716626e-05,0.9999999939205276,0.9999999846130664,0.00035084963908312163,0.020102203563151046,0.33695261828552087,0.023567040608853566,0.004132497406469872,0.23677466023948235,7.428808417551946e-08,4.256393691369863e-06,0.0,-0.0625,0.0,-0.01,0.04,-0.02,0,0.0
220,113000000,465,0.9857745170593262,0.16764713823795319,0.011962831020355225,6.103484338382259e-05,1.0000000372470976,1.0000000311638615,0.0,0.0,0.33695813519829115,0.023567024788494106,0.0041325612861975265,0.23677832027827336,6.387972765423827e-08,3.6600387910329834e-06,-0.0625,0.0,0.0,0.01,0.04,-0.01,0,0.0
220,566000000,466,0.9857740998268127,0.16764943301677704,0.011962827295064926,6.1034825193928555e-05,1.0000000106211755,1.000000047865554,0.0,0.0,0.33696278301972704,0.023567007182427716,0.004132614868105818,0.23678139029547673,5.35819082913766e-08,3.0700172033529113e-06,0.4375,-0.125,0.0625,0.01,0.04,-0.05,0,0.0
221,10000000,467,0.9857738018035889,0.16765139997005463,0.011962825432419777,6.103481427999213e-05,1.0000000465758967,1.0000000571950947,0.0,0.0,0.33696678575756245,0.0235669961402213,0.004132661258421149,0.2367840482647555,4.639031533134469e-08,2.657969278767088e-06,0.1875,0.0625,0.0625,0.0,0.04,-0.04,0,0.0
221,363000000,468,0.9857704639434814,0.1676708459854126,0.011962785385549068,6.103461419115774e-05,1.0000000160681075,1.0000000624493603,0.0,0.0,0.33700623415302455,0.02356683497427768,0.004133112399179203,0.23680989672615832,4.511407580539209e-07,2.584846140282227e-05,0.3125,0.0,-0.125,0.01,0.03,-0.05,0,0.0
221,814000000,469,0.985767662525177,0.16768737137317657,0.011962751857936382,6.103444320615381e-05,1.0000000250778072,1.0000000410054464,0.0,0.0,0.33703976906042066,0.02356669985045408,0.004133495951728557,0.2368318726684578,3.8355254935399513e-07,2.1975942299467132e-05,0.125,0.0625,-0.0625,-0.01,0.06,-0.07,0,0.0
222,163000000,470,0.985765278339386,0.16770142316818237,0.01196272298693657,6.1034297687001526e-05,1.0000000308893038,1.0000000558655426,0.0,0.0,0.33706828379238923,0.023566584188953372,0.004133821968689399,0.2368505520643637,3.26016960841731e-07,1.8679395905913012e-05,0.125,-0.125,0.0625,0.0,0.06,-0.03,0,0.0
222,512000000,471,0.9857632517814636,0.16771335899829865,0.01196269877254963,6.1034173995722085e-05,1.0000000346181748,1.0000000654341938,0.0,0.0,0.33709250435382315,0.0235664865207247,0.004134098995123486,0.23686642450985046,2.7702643408747396e-07,1.587244548677134e-05,0.25,-0.125,0.125,0.0,0.03,-0.04,0,0.0
222,865000000,472,0.9857630133628845,0.16771461069583893,0.01196269690990448,6.1034163081785664e-05,1.0000000094988293,1.0000000441161927,0.0,0.0,0.33709503615468067,0.023566476992434443,0.004134128274590263,0.23686810209972314,2.9279466776457874e-08,1.6775898726845495e-06,0.0,0.0,0.0,0.0,0.03,-0.04,0,0.0
223,217000000,473,0.9857628345489502,0.1677156686782837,0.01196269504725933,6.103415216784924e-05,1.000000010648073,1.0000000201463268,0.0,0.0,0.337097183315142,0.02356646891425953,0.00413415292536859,0.236869514485283,2.4650778327438283e-08,1.412385559874772e-06,0.0625,0.25,0.0625,-0.02,0.03,-0.05,0,0.0
223,573000000,474,0.9857626557350159,0.16771657764911652,0.011962693184614182,6.103414489189163e-05,0.9999999868067397,0.9999999974543838,0.0001427057437775602,0.00817643683072951,0.3370990200804573,0.023566460853060002,0.0041341740171931835,0.23687072295781444,2.1091824593290343e-08,1.2084725314257708e-06,0.125,0.125,-0.0625,-0.01,0.04,-0.06,0,0.0
223,953000000,475,0.9857625365257263,0.1677173525094986,0.011962691321969032,6.1034137615934014e-05,0.99999999922963,0.9999999860360624,0.0003342327044956586,0.019150123342844452,0.33710059636320594,0.023566454234697044,0.004134191906781162,0.23687174795570284,1.7889587978527077e-08,1.0249978883975756e-06,-0.625,-0.1875,0.0,-0.01,0.04,-0.03,0,0.0
224,357000000,476,0.9857639670372009,0.1677091121673584,0.01196270901709795,6.1034224927425385e-05,1.0000000275725436,1.000000026767199,0.0,0.0,0.3370838847282912,0.023566524342738277,0.004134000987585924,0.2368608090915877,-1.9091919523789302e-07,-1.0938864115165435e-05,-0.125,0.0,-0.0625,0.0,0.03,-0.05,0,0.0
224,702000000,477,0.9857651591300964,0.1677021086215973,0.011962723918259144,6.1034301324980333e-05,1.000000028339822,1.0000000558871307,0.0,0.0,0.33706967387533404,0.02356658308775034,0.004133838678139601,0.23685150944533825,-1.6230944632333183e-07,-9.299646249432091e-06,0.0,-0.0625,-0.0625,0.0,0.03,-0.04,0,0.0
225,52000000,478,0.9857661724090576,0.16769614815711975,0.011962736025452614,6.103436680859886e-05,1.0000000277755732,1.000000056097119,0.0,0.0,0.3370575791479869,0.023566631919809337,0.004133700349975285,0.23684358382533519,-1.3832816431538775e-07,-7.925620003063878e-06,0.4375,0.0,0.0625,0.0,0.04,-0.08,0,0.0
225,415000000,479,0.9857655167579651,0.16769997775554657,0.011962728574872017,6.103432679083198e-05,1.0000000235842266,1.0000000513522527,0.0,0.0,0.3370653485502547,0.0235666010813811,0.00413378933954694,0.23684868255221164,8.898957165430488e-08,5.098726876468693e-06,0.0625,-0.1875,0.0,-0.02,0.05,-0.04,0,0.0
225,813000000,480,0.9857649803161621,0.16770324110984802,0.011962722055613995,6.103429404902272e-05,1.0000000419703172,1.0000000655490764,0.0,0.0,0.33707197622392593,0.0235665749992393,0.004133865119260401,0.23685302440996567,7.577971346088563e-08,4.3418577540194595e-06,0.0,0.0625,-0.0625,0.01,0.05,-0.02,0,0.0
226,201000000,481,0.9857645034790039,0.16770601272583008,0.011962716467678547,6.103426494519226e-05,1.0000000366670347,1.000000078633399,0.0,0.0,0.33707759849040647,0.0235665522390362,0.004133929457767488,0.23685671073488193,6.433850708708472e-08,3.6863249162624904e-06,-0.0625,0.0,-0.0625,0.0,0.05,-0.02,0,0.0
226,697000000,482,0.9857640862464905,0.1677083671092987,0.011962711811065674,6.103423947934061e-05,1.000000020165449,1.0000000568296261,0.0,0.0,0.3370823705439976,0.023566532791669648,0.004133984138163055,0.23685984369077004,5.4680395567344164e-08,3.132955888114675e-06,0.0625,0.0,-0.0625,0.0,0.02,-0.04,0,0.0
227,149000000,483,0.9857637286186218,0.16771036386489868,0.0119627071544528,6.103421765146777e-05,1.0000000024477118,1.0000000226111037,0.0,0.0,0.3370864165257799,0.023566514813219645,0.004134030274268495,0.23686248709489496,4.613610544036001e-08,2.643404124903185e-06,0.0,0.0625,0.0625,0.0,0.03,-0.02,0,0.0
227,532000000,484,0.985763430595398,0.16771206259727478,0.011962703429162502,6.1034199461573735e-05,0.9999999935191739,0.9999999959653983,0.00017965748869406487,0.010293615860089221,0.3370898606072979,0.023566500133044024,0.004134069605199417,0.2368647405912411,3.93309309218437e-08,2.253496346142228e-06,0.4375,-0.0625,0.0,0.0,0.03,-0.06,0,0.0
227,976000000,485,0.9857631921768188,0.16771350800991058,0.011962700635194778,6.1034184909658507e-05,1.0000000008756407,0.9999999943937414,0.0002117783477833301,0.012134005520238548,0.3370927959062691,0.023566488745681326,0.004134103200808692,0.2368666654778627,3.3595609274551796e-08,1.924886621602383e-06,-0.0625,-0.0625,-0.125,-0.01,0.03,-0.03,0,0.0
228,326000000,486,0.9857630133628845,0.16771475970745087,0.01196269877254963,6.103417763370089e-05,1.0000000345125475,1.0000000353873892,0.0,0.0,0.3370953465804284,0.023566480642630665,0.004134132494731678,0.2368683438960152,2.929392298612471e-08,1.6784181524862154e-06,0.25,-0.125,0.0,0.0,0.02,-0.03,0,0.0
228,743000000,487,0.9857628345489502,0.16771580278873444,0.01196269690990448,6.103416671976447e-05,1.0000000331627887,1.0000000676747771,0.0,0.0,0.3370974627014539,0.023566472566274522,0.004134156788901262,0.23686973584939913,2.4294169584035408e-08,1.3919533839403236e-06,0.5,0.0,0.0,0.0,0.04,-0.05,0,0.0
229,137000000,488,0.98576420545578,0.16770778596401215,0.011962713673710823,6.1034250393277034e-05,1.0000000402372167,1.000000073366932,0.0,0.0,0.33708119777935525,0.02356653938516992,0.004133970891648273,0.2368590847213798,-1.8589725298868987e-07,-1.0651128019327659e-05,-0.25,0.125,0.125,0.01,0.04,-0.04,0,0.0
229,487000000,489,0.9857653379440308,0.16770097613334656,0.011962727643549442,6.1034323152853176e-05,1.0000000147329244,1.0000000549463137,0.0,0.0,0.33706737155769506,0.023566594844662694,0.004133812890979189,0.236850031949881,-1.580006690846819e-07,-9.052771498795417e-06,0.5,0.0625,0.125,0.01,0.01,-0.04,0,0.0
229,860000000,490,0.9857615232467651,0.1677234023809433,0.011962792836129665,6.103465420892462e-05,1.0000000162788456,1.000000030753024,0.0,0.0,0.3371128792395005,0.023566629265932906,0.004134371668120072,0.236882047521742,5.587771408832251e-07,3.2015571860995804e-05,0.1875,0.0625,0.0,0.0,0.05,-0.03,0,0.0
230,314000000,491,0.9857583045959473,0.16774246096611023,0.011962847784161568,6.103493433329277e-05,1.0000000408716059,1.0000000569636565,0.0,0.0,0.3371515608213447,0.023566658176366603,0.004134846388175368,0.23690924697736068,4.7472005529607814e-07,2.719945561868234e-05,-0.1875,0.0625,-0.0625,0.0,0.02,-0.01,0,0.0
230,666000000,492,0.9857555627822876,0.16775865852832794,0.011962894350290298,6.103517080191523e-05,1.0000000558169868,1.0000000965536548,0.0,0.0,0.3371844338156208,0.02356668233234259,0.004135249799154098,0.23693236072385113,4.034109787297291e-07,2.31137464904553e-05,-0.125,0.0625,0.0625,0.0,0.04,-0.04,0,0.0
231,120000000,493,0.9857532382011414,0.16777242720127106,0.011962934397161007,6.103537452872843e-05,1.000000074738872,1.0000001304583725,0.0,0.0,0.33721237944930577,0.02356670392445987,0.00413559288118106,0.23695201787602288,3.430820269623505e-07,1.96571521717362e-05,-0.125,0.0625,-0.125,0.0,0.05,-0.02,0,0.0
231,473000000,494,0.9857511520385742,0.16778410971164703,0.011962966062128544,6.103554187575355e-05,0.9999999787497234,1.0000000534181814,0.0,0.0,0.33723605491727165,0.02356671495957958,0.004135883180809649,0.23696865081953525,2.9029962858931335e-07,1.663294351238299e-05,0.0625,-0.125,-0.0625,0.0,0.02,-0.06,0,0.0
231,836000000,495,0.9857494831085205,0.16779406368732452,0.011962994933128357,6.103568739490584e-05,1.0000000041152732,0.999999982814063,0.00037079306418607346,0.021244877650585445,0.3372562618733814,0.023566730688459218,0.004136131183343075,0.23698286031800908,2.4800253342529416e-07,1.4209498473821484e-05,0.0625,0.0625,0.0625,0.0,0.04,-0.05,0,0.0
232,269000000,496,0.9857480525970459,0.16780252754688263,0.011963020078837872,6.103581108618528e-05,1.0000000145123837,1.000000018590815,0.0,0.0,0.337273440281271,0.023566744965982774,0.004136342259604991,0.23699495409697227,2.110762619160142e-07,1.2093778963185565e-05,0.0,-0.0625,-0.125,0.0,0.05,-0.04,0,0.0
232,754000000,497,0.9857468605041504,0.16780970990657806,0.011963041499257088,6.103592022554949e-05,1.0000000449100066,1.0000000593958875,0.0,0.0,0.3372880246877027,0.023566757764304558,0.0041365214162435255,0.23700521901623206,1.7915663853493302e-07,1.026491925980251e-05,0.0,-0.0625,0.0625,0.0,0.04,-0.03,0,0.0
233,136000000,498,0.9857458472251892,0.16781581938266754,0.011963059194386005,6.103601481299847e-05,1.0000000715337303,1.0000001164245642,0.0,0.0,0.3373004307655606,0.023566767631506152,0.004136673638376484,0.23701394070199908,1.5222213295851966e-07,8.721685767002444e-06,0.8125,-0.1875,-0.125,0.01,0.02,-0.04,0,0.0
233,489000000,499,0.985741913318634,0.16783881187438965,0.01196303777396679,6.103590567363426e-05,1.0000000522213244,1.0000001234829932,0.0,0.0,0.3373470806128961,0.023566628469634934,0.004137216015441305,0.23704501661871802,5.423770648212839e-07,3.107591671895304e-05,0.25,-0.125,0.0625,0.0,0.03,-0.09,0,0.0
233,842000000,500,0.9857401251792908,0.16784945130348206,0.01196303777396679,6.103590567363426e-05,1.0000000753447607,1.0000001275078918,0.0,0.0,0.33736867761573897,0.02356658437545948,0.0041374704254117465,0.23705959323629036,2.544099704411551e-07,1.4576617572326214e-05,-0.0625,-0.0625,0.0625,0.0,0.02,-0.06,0,0.0
234,195000000,501,0.9857385754585266,0.16785849630832672,0.01196303777396679,6.103590567363426e-05,1.0000000659640285,1.0000001412666872,0.0,0.0,0.3373870287898847,0.02356654618197776,0.004137686705909426,0.2370719851959984,2.1628049767970225e-07,1.2391959708035934e-05,0.25,-0.125,0.0,0.01,0.05,-0.05,0,0.0
234,599000000,502,0.9857372641563416,0.16786618530750275,0.01196303777396679,6.103590567363426e-05,1.0000000640571405,1.000000129990753,0.0,0.0,0.33740263077240285,0.023566513860077482,0.004137870562891064,0.23708251942508024,1.838569816375174e-07,1.0534229081844022e-05,-0.25,-0.0625,0.0625,0.0,0.03,-0.03,0,0.0
234,951000000,503,0.9857361316680908,0.16787272691726685,0.01196303777396679,6.103590567363426e-05,1.000000045858386,1.000000109893492,0.0,0.0,0.3374158992392581,0.023566485957784055,0.004138026981790746,0.2370914815678681,1.5641889968259076e-07,8.962142787892663e-06,0.25,0.0625,-0.0625,0.0,0.02,-0.03,0,0.0
235,305000000,504,0.9857351779937744,0.16787828505039215,0.01196303777396679,6.103590567363426e-05,1.0000000388620203,1.000000084704507,0.0,0.0,0.33742717563580654,0.023566462455082787,0.004138159885453676,0.23709909638683585,1.329036629299854e-07,7.614818967717456e-06,-0.125,0.125,0.0625,0.0,0.03,-0.04,0,0.0
235,755000000,505,0.9857343435287476,0.1678830087184906,0.01196303777396679,6.103590567363426e-05,1.0000000093132935,1.0000000481638098,0.0,0.0,0.33743675148128,0.02356644190727716,0.004138272832824736,0.23710556779450467,1.1294737106010144e-07,6.471407668841868e-06,0.0625,0.0625,0.0625,0.0,0.03,-0.07,0,0.0
236,132000000,506,0.985733687877655,0.16788701713085175,0.01196303777396679,6.103590567363426e-05,1.0000000359680696,1.000000045273115,0.0,0.0,0.33744489399380784,0.023566425726312373,0.004138368684160232,0.23711105967148927,9.585133549545877e-08,5.491876984582287e-06,-0.125,0.125,0.125,0.01,0.04,-0.03,0,0.0
236,504000000,507,0.9857330918312073,0.16789042949676514,0.01196303777396679,6.103590567363426e-05,1.0000000213229412,1.0000000572850118,0.0,0.0,0.3374518137242051,0.023566411044629608,0.0041384502778824385,0.23711573464740646,8.159372220668121e-08,4.674975917205695e-06,1.0,-0.0625,-0.125,0.01,0.04,-0.05,0,0.0
236,876000000,508,0.9857326149940491,0.16789333522319794,0.01196303777396679,6.103590567363426e-05,1.0000000391367685,1.0000000604553754,0.0,0.0,0.337457715811328,0.023566399277813097,0.0041385197610030715,0.23711971573696614,6.948312063301959e-08,3.981089559670392e-06,0.875,0.0,-0.125,0.0,0.01,-0.07,0,0.0
237,261000000,509,0.9857352375984192,0.16787800192832947,0.0119630740955472,6.103609484853223e-05,1.000000050520939,1.000000089536715,0.0,0.0,0.3374266053127019,0.02356653547943322,0.00413816569562754,0.23709942928527647,-3.540653755315301e-07,-2.0286451689671243e-05,1.25,-0.0625,-0.0625,0.01,0.02,-0.06,0,0.0
237,632000000,510,0.9857313632965088,0.16790056228637695,0.011963031254708767,6.10358765698038e-05,1.0000000186223272,1.0000000688812767,0.0,0.0,0.3374723744531475,0.023566355592551123,0.004138690321523254,0.23712948813492413,5.246258957137401e-07,3.0058849647667773e-05,0.25,0.125,0.0,0.0,0.03,-0.05,0,0.0
237,986000000,511,0.9857296347618103,0.1679108440876007,0.01196301355957985,6.103578925831243e-05,1.0000000409143275,1.000000059482304,0.0,0.0,0.3374932454960976,0.023566278102982795,0.004138930060009102,0.23714322413835007,2.397384858479623e-07,1.3736003425945056e-05,0.1875,0.125,-0.0625,0.0,0.04,-0.03,0,0.0
238,353000000,512,0.9857326745986938,0.16789288818836212,0.011963053606450558,6.103599298512563e-05,1.0000000230263535,1.0000000637748538,0.0,0.0,0.33745680369282305,0.023566431951436522,0.004138514562680884,0.23711941789504423,-4.154973282178079e-07,-2.380624330584232e-05,0.0,-0.125,-0.1875,0.0,0.04,-0.08,0,0.0
238,762000000,513,0.985740065574646,0.16784942150115967,0.011963034979999065,6.103589839767665e-05,1.0000000115543475,1.0000000336087114,0.0,0.0,0.33736859660145463,0.023566577445258575,0.00413746875180336,0.23705949734559326,-1.0458108775238464e-06,-5.992054945098945e-05,0.0625,-0.125,0.0625,0.0,0.02,-0.03,0,0.0
239,216000000,514,0.9857463836669922,0.16781248152256012,0.011963020078837872,6.10358256381005e-05,1.0000000397210447,1.0000000505731528,0.0,0.0,0.3372936469000676,0.0235667038036833,0.004136580307852605,0.23700859325688106,-8.884439507547345e-07,-5.0904088712175036e-05,0.0625,0.25,-0.0625,-0.01,0.04,-0.03,0,0.0
239,589000000,515,0.9857501983642578,0.16778996586799622,0.011962988413870335,6.103565829107538e-05,1.0000000215191491,1.0000000609794413,0.0,0.0,0.33724795215103065,0.023566735460259107,0.004136030952895749,0.2369771175363986,-5.493549568563044e-07,-3.147572048245767e-05,-0.0625,0.0,0.0,0.01,0.02,-0.04,0,0.0
239,968000000,516,0.9857534766197205,0.16777083277702332,0.01196296140551567,6.103552004788071e-05,1.0000000425847422,1.0000000639154811,0.0,0.0,0.3372091340768583,0.02356676303821021,0.004135564109221465,0.23695036936416974,-4.668436742842619e-07,-2.6748172228868288e-05,-0.5,0.25,0.125,0.01,0.04,-0.02,0,0.0
240,343000000,517,0.9857562184333801,0.16775456070899963,0.011962938122451305,6.103540363255888e-05,1.0000000152162944,1.0000000576648886,0.0,0.0,0.33717610612163856,0.023566784767221693,0.004135166966986801,0.23692761479025715,-3.9714223466335435e-07,-2.275457391260435e-05,0.1875,0.0625,0.0625,0.01,0.04,-0.06,0,0.0
240,740000000,518,0.9857586026191711,0.16774074733257294,0.011962919495999813,6.10353090451099e-05,1.0000000480607827,1.0000000631788315,0.0,0.0,0.3371480867574022,0.0235668068126503,0.004134830231267002,0.23690832125470135,-3.367357197994053e-07,-1.9293535555805795e-05,-0.4375,0.0,0.125,0.0,0.02,-0.04,0,0.0
241,92000000,519,0.9857605695724487,0.167728990316391,0.01196290273219347,6.103522173361853e-05,1.0000000147417163,1.000000062731452,0.0,0.0,0.33712421891737965,0.023566822292233156,0.00413454329866733,0.23689188122773538,-2.8693259967235013e-07,-1.644002696594249e-05,0.125,0.0,-0.0625,0.0,0.02,-0.04,0,0.0
241,549000000,520,0.9857637882232666,0.1677100956439972,0.011962906457483768,6.103524356149137e-05,1.0000000186047076,1.0000000331627399,0.0,0.0,0.337085879888597,0.023566908968787402,0.004134092793372531,0.2368660691756951,-4.5050529479898765e-07,-2.581205204027895e-05,-0.3125,0.0,0.0625,0.0,0.05,-0.03,0,0.0
241,986000000,521,0.9857695698738098,0.16767625510692596,0.011962947435677052,6.103545456426218e-05,1.0000000436262764,1.0000000616416793,0.0,0.0,0.3370172208695455,0.02356713221175131,0.004133297789054863,0.2368205187835981,-7.950043176673666e-07,-4.5550392097017895e-05,-0.5625,-0.125,0.0625,0.0,0.03,-0.01,0,0.0
242,381000000,522,0.9857744574546814,0.16764748096466064,0.011962980963289738,6.103562918724492e-05,1.0000000377413711,1.0000000809417287,0.0,0.0,0.3369588326276031,0.0235673187585643,0.004132621349064027,0.23678176162702932,-6.764399908361016e-07,-3.8757156568776703e-05,0.0625,-0.25,0.0625,0.0,0.03,-0.02,0,0.0
242,726000000,523,0.9857819080352783,0.16760371625423431,0.011962938122451305,6.10354109085165e-05,1.0000000457628724,1.0000000825188138,0.0,0.0,0.336870030512387,0.023567418000566276,0.004131560060722069,0.23672095428418868,-1.0612883419580665e-06,-6.080734284063409e-05,0.125,-0.125,0.1875,0.0,0.02,-0.03,0,0.0
243,77000000,524,0.9857867360115051,0.1675754189491272,0.011962884105741978,6.103513078414835e-05,1.0000000621268015,1.0000001074776521,0.0,0.0,0.33681261662813317,0.023567430567865966,0.004130864758394284,0.23668111639532097,-6.953023277854117e-07,-3.983788886772584e-05,0.25,0.25,-0.0625,0.01,0.04,-0.04,0,0.0
243,532000000,525,0.9857908487319946,0.16755136847496033,0.011962837539613247,6.103489431552589e-05,1.0000000858644142,1.0000001476935505,0.0,0.0,0.3367638227273026,0.02356744017669331,0.004130273595382492,0.23664724524974104,-5.911630117918718e-07,-3.387114557991677e-05,0.3125,0.0,-0.0625,0.0,0.03,-0.06,0,0.0
243,884000000,526,0.9857925176620483,0.16754132509231567,0.011962887831032276,6.103515261202119e-05,1.0000000489513572,1.0000001347639476,0.0,0.0,0.33674343247153427,0.02356758043917461,0.004130050815407085,0.23663448089739023,-2.2277997540655348e-07,-1.276435235082379e-05,0.3125,0.125,-0.125,0.01,0.0,-0.03,0,0.0
244,329000000,527,0.985793948173523,0.1675327867269516,0.011962930671870708,6.103536725277081e-05,1.000000029159808,1.0000000780736906,0.0,0.0,0.3367261014776771,0.023567700133351445,0.004129861438179546,0.23662363038151632,-1.893772275394015e-07,-1.085051587389637e-05,-0.1875,0.125,0.0625,-0.02,0.02,-0.03,0,0.0
244,693000000,528,0.9857921600341797,0.16754333674907684,0.011962930671870708,6.103536725277081e-05,1.0000000339547215,1.0000000630572803,0.0,0.0,0.3367475100307959,0.02356765605048648,0.004130113706171791,0.2366380842727782,2.5226799224477986e-07,1.4453891261864868e-05,-0.125,0.0,0.0,0.01,0.03,-0.03,0,0.0
245,132000000,529,0.9857906103134155,0.16755229234695435,0.011962930671870708,6.103536725277081e-05,1.0000000067441956,1.0000000406576157,0.0,0.0,0.3367656731022479,0.02356761786826259,0.004130327845030527,0.23665035352561353,2.1413885873625832e-07,1.2269252835335739e-05,-0.1875,0.125,0.0625,0.0,0.05,-0.02,0,0.0
245,514000000,530,0.9857878088951111,0.16756880283355713,0.011962912045419216,6.103527266532183e-05,1.0000000114196033,1.0000000180235769,0.0,0.0,0.33679917587739017,0.02356751210534105,0.004130716202615896,0.23667260477619706,3.88357585368905e-07,2.2251250583529828e-05,0.0,0.0625,-0.0625,-0.02,0.05,-0.02,0,0.0
245,963000000,531,0.9857854247093201,0.16758283972740173,0.011962896212935448,6.103519262978807e-05,1.0000000131757654,1.0000000244940093,0.0,0.0,0.3368276586467027,0.023567422135216926,0.004131046377272493,0.23669152239052224,3.301746565971195e-07,1.8917614325196228e-05,0.375,0.1875,0.0625,0.0,0.01,-0.04,0,0.0
246,319000000,532,0.9857833981513977,0.167594775557518,0.011962883174419403,6.1035123508190736e-05,1.0000000155821114,1.0000000286845914,0.0,0.0,0.33685187842401243,0.023567346487057547,0.004131327270460954,0.23670761638471502,2.8089318846076516e-07,1.609399419277468e-05,-0.0625,-0.0625,-0.0625,0.0,0.04,-0.04,0,0.0
246,766000000,533,0.9857816696166992,0.16760492324829102,0.011962871998548508,6.103506530052982e-05,1.0000000122405428,1.0000000277696726,0.0,0.0,0.33687246807895743,0.023567281859436698,0.004131566051776532,0.23672129754632426,2.3878131557870247e-07,1.3681161609241065e-05,0.0625,0.25,0.0,-0.01,0.03,-0.03,0,0.0
247,139000000,534,0.9857801795005798,0.16761355102062225,0.011962861754000187,6.1035014368826523e-05,0.9999999892842781,1.0000000014864914,0.0,0.0,0.3368899673823336,0.023567224957633588,0.004131768813635032,0.23673291494506252,2.0276185849939232e-07,1.1617398738243979e-05,0.3125,-0.25,-0.0625,0.01,0.02,-0.07,0,0.0
247,491000000,535,0.9857774376869202,0.16762977838516235,0.011962834745645523,6.1034876125631854e-05,1.000000006197228,0.9999999953460835,0.0001929542220948235,0.011055462565263324,0.33692289984659457,0.023567104141227396,0.004132147499602254,0.23675461205274514,3.786859672219242e-07,2.169710768264569e-05,0.375,0.125,-0.125,0.0,0.03,-0.06,0,0.0
247,936000000,536,0.9857781529426575,0.1676257848739624,0.011962849646806717,6.10349525231868e-05,1.0000000420352926,1.0000000482242914,0.0,0.0,0.33691480818941355,0.02356715110759479,0.004132057164376115,0.23674943622554603,-9.033522613884765e-08,-5.175827199115846e-06,0.0625,-0.0625,0.0,0.0,0.04,-0.04,0,0.0
248,289000000,537,0.9857787489891052,0.167622372508049,0.011962861754000187,6.1035014368826523e-05,1.0000000577551837,1.000000099784479,0.0,0.0,0.33690788926127574,0.02356718964496624,0.004131979756258849,0.23674500106712665,-7.740811726591329e-08,-4.4351584193905884e-06,0.25,0.125,0.0,0.0,0.03,-0.03,0,0.0
248,640000000,538,0.9857792258262634,0.1676194816827774,0.011962871998548508,6.103506530052982e-05,1.0000000433709806,1.0000001011218747,0.0,0.0,0.33690201892063076,0.023567221596047516,0.004131914168538857,0.23674124316758322,-6.558771999207874e-08,-3.757899543431925e-06,0.25,0.1875,-0.125,0.01,0.04,-0.01,0,0.0
249,35000000,539,0.9857796430587769,0.16761702299118042,0.01196288038045168,6.103510895627551e-05,1.0000000426488975,1.0000000860167704,0.0,0.0,0.33689702979935116,0.023567248397005244,0.0041318582760272145,0.23673804076255972,-5.589251164239001e-08,-3.202405023494765e-06,0.25,0.125,0.0,0.01,0.03,-0.01,0,0.0
249,473000000,540,0.9857800006866455,0.16761493682861328,0.011962887831032276,6.103514533606358e-05,1.0000000456061837,1.0000000882528433,0.0,0.0,0.3368927977573761,0.02356727189177787,0.004131810964777341,0.23673533002761848,-4.731124987351204e-08,-2.71073494124109e-06,0.0625,-0.0625,-0.0625,0.0,0.03,-0.04,0,0.0
249,831000000,541,0.9857802987098694,0.1676131635904312,0.011962894350290298,6.103517807787284e-05,1.0000000422499196,1.0000000878544888,0.0,0.0,0.33688919864070604,0.023567292086418654,0.004131770815519894,0.23673302964461618,-4.014925744730974e-08,-2.3003830023150374e-06,-0.125,0.0,0.0,-0.01,0.03,-0.06,0,0.0
250,285000000,542,0.9857805371284485,0.16761164367198944,0.011962899938225746,6.10352071817033e-05,1.000000022587953,1.0000000648366905,0.0,0.0,0.33688610829588644,0.023567308988201474,0.004131736401804273,0.2367310578839537,-3.441371562110801e-08,-1.9717606624529214e-06,0.3125,-0.0625,0.0625,0.0,0.05,-0.04,0,0.0
250,648000000,543,0.9857807755470276,0.16761036217212677,0.01196290459483862,6.103522900957614e-05,1.0000000428786067,1.0000000654657115,0.0,0.0,0.33688351454689885,0.02356732402664777,0.004131707367132629,0.236729394319809,-2.903467164350887e-08,-1.6635641447212278e-06,-0.1875,-0.0625,0.0625,0.0,0.02,-0.03,0,0.0
251,93000000,544,0.9857809543609619,0.16760927438735962,0.011962908320128918,6.103525083744898e-05,1.000000036871121,1.0000000797491218,0.0,0.0,0.33688130541615147,0.023567335778288963,0.004131682648734416,0.23672797805991508,-2.471839821282379e-08,-1.41625989391852e-06,0.0,-0.1875,0.125,0.0,0.06,-0.07,0,0.0
251,495000000,545,0.9857795834541321,0.16761724650859833,0.011962893418967724,6.103517080191523e-05,1.0000000215131857,1.0000000583515907,0.0,0.0,0.33689747671763653,0.023567272635837997,0.0041318681146943715,0.23673860447666387,1.8546595995528464e-07,1.0626416748780145e-05,0.25,-0.125,0.0625,-0.01,0.04,-0.03,0,0.0
251,929000000,546,0.9857784509658813,0.16762402653694153,0.01196288038045168,6.10351053182967e-05,1.0000000414467145,1.0000000629362757,0.0,0.0,0.33691124048653215,0.02356721901341143,0.004132025733568955,0.23674763537294907,1.57618874583286e-07,9.03089628522413e-06,0.4375,-0.1875,0.0,0.0,0.04,-0.04,0,0.0
252,300000000,547,0.9857774376869202,0.16762977838516235,0.011962869204580784,6.103504711063579e-05,1.0000000066094656,1.0000000480391258,0.0,0.0,0.3369229003996827,0.023567172040439933,0.004132159399412607,0.2367552938616554,1.3366584365216705e-07,7.658488706324698e-06,-0.125,0.0,0.0625,0.0,0.05,-0.02,0,0.0
252,722000000,548,0.9857766032218933,0.16763466596603394,0.011962859891355038,6.1034999816911295e-05,1.0000000032176446,1.0000000098148178,0.0,0.0,0.3369328167315452,0.023567133122149267,0.00413227304959788,0.23676180553761245,1.136501852731786e-07,6.511675957032997e-06,-0.25,0.0,0.0625,-0.01,0.04,-0.04,0,0.0
253,170000000,549,0.985775887966156,0.16763882339000702,0.011962851509451866,6.103495979914442e-05,0.9999999949722764,0.9999999981810231,0.0001206309034560257,0.006911641646880369,0.3369412499400689,0.023567098980224233,0.004132369566806449,0.23676733556631382,9.651720856915236e-08,5.530028701396333e-06,0.3125,0.125,0.0,0.0,0.03,-0.03,0,0.0
253,642000000,550,0.9857768416404724,0.16763347387313843,0.011962863616645336,6.103502164478414e-05,1.000000038454312,1.0000000334118258,0.0,0.0,0.3369304091789225,0.023567146312958788,0.004132245842436248,0.23676024668207837,-1.2372437020128496e-07,-7.0888842354477955e-06,0.4375,0.0,0.0,0.0,0.03,-0.08,0,0.0
254,25000000,551,0.9857776165008545,0.1676289141178131,0.011962873861193657,6.103507257648744e-05,1.00000003805936,1.0000000765029777,0.0,0.0,0.33692115684446133,0.023567185600193847,0.004132140350172703,0.23675420242060596,-1.0549226354527458e-07,-6.044261472426024e-06,0.125,0.0,0.1875,0.0,0.03,-0.02,0,0.0
254,371000000,552,0.985778272151947,0.1676250398159027,0.011962882243096828,6.103511623223312e-05,1.0000000350485037,1.0000000731001453,0.0,0.0,0.3369132945267154,0.023567218279908486,0.004132050608244045,0.23674906058684853,-8.974192865739139e-08,-5.141833757432661e-06,-0.125,0.0,-0.0625,0.0,0.02,-0.03,0,0.0
254,771000000,553,0.98577880859375,0.16762174665927887,0.011962889693677425,6.103515261202119e-05,1.0000000119403667,1.0000000469833048,0.0,0.0,0.3369066049674817,0.023567246201491625,0.004131974432891185,0.2367446960606267,-7.617535286059962e-08,-4.36452622183216e-06,0.25,0.0,0.0,0.0,0.04,-0.05,0,0.0
255,184000000,554,0.9857792854309082,0.16761894524097443,0.011962895281612873,6.103518535383046e-05,1.0000000124885906,1.0000000244249199,0.0,0.0,0.3369009207828543,0.023567268964449155,0.00413190938641953,0.23674096917232865,-6.504647165513078e-08,-3.726888298056332e-06,0.0,0.0625,0.0625,0.0,0.03,-0.04,0,0.0
255,557000000,555,0.9857797026634216,0.1676165610551834,0.011962899938225746,6.10352071817033e-05,1.0000000242116889,1.0000000366973507,0.0,0.0,0.33689608679354677,0.023567288416978686,0.004131853983915674,0.23673779484268326,-5.5402503855439544e-08,-3.1743296453739575e-06,0.0,-0.0625,0.0,-0.01,0.03,-0.05,0,0.0
255,990000000,556,0.9857800602912903,0.16761453449726105,0.01196290459483862,6.103522900957614e-05,1.0000000371271383,1.0000000613367108,0.0,0.0,0.33689197885996736,0.023567306399362806,0.004131807132929324,0.2367351104788994,-4.685098635003743e-08,-2.684363783882174e-06,0.0625,-0.0625,0.0,0.0,0.0,-0.03,0,0.0
256,395000000,557,0.9857803583145142,0.16761282086372375,0.011962908320128918,6.103525083744898e-05,1.0000000437286811,1.0000000808543084,0.0,0.0,0.3368885038514736,0.023567321080389236,0.004131767451143634,0.2367328368800558,-3.9681785689825444e-08,-2.273598843569624e-06,0.125,-0.125,0.0,-0.01,0.04,-0.04,0,0.0
256,748000000,558,0.9857805967330933,0.16761136054992676,0.011962911114096642,6.103526538936421e-05,1.0000000340242385,1.0000000777518268,0.0,0.0,0.33688553761451334,0.023567332469772682,0.004131733497752233,0.23673089149402834,-3.3953391401393695e-08,-1.9453860274556384e-06,-0.25,0.0,-0.0625,0.0,0.04,-0.03,0,0.0
257,93000000,559,0.9857807755470276,0.16761012375354767,0.011962913908064365,6.103527994127944e-05,1.0000000030286278,1.0000000370520863,0.0,0.0,0.33688301808730475,0.023567342405379808,0.004131704886345657,0.23672925218118565,-2.8611406575548837e-08,-1.6393128427117998e-06,-0.5625,-0.125,0.0625,0.0,0.04,-0.03,0,0.0
257,444000000,560,0.9857794642448425,0.16761796176433563,0.011962898075580597,6.103519990574569e-05,1.0000000239442703,1.0000000269413216,0.0,0.0,0.336898928898001,0.02356727886911142,0.0041318868376028035,0.2367396772202972,1.819512571461096e-07,1.042503911157164e-05,0.3125,-0.0625,0.0625,0.0,0.04,-0.02,0,0.0
257,964000000,561,0.9857798218727112,0.16761572659015656,0.01196290273219347,6.103522173361853e-05,1.0000000018894093,1.000000025831118,0.0,0.0,0.33689438642838004,0.02356729687696484,0.004131834993981253,0.23673670679958772,-5.184362155026545e-08,-2.9704207095036924e-06,-0.125,0.0625,-0.0625,0.02,0.07,-0.04,0,0.0
258,351000000,562,0.9857801795005798,0.16761384904384613,0.011962907388806343,6.103525083744898e-05,1.000000039782991,1.0000000416705745,0.0,0.0,0.3368905888774104,0.02356731483871741,0.00413179172350877,0.2367342275841369,-4.3270472482870304e-08,-2.479215450805433e-06,1.0,0.0,0.0,0.0,0.04,-0.03,0,0.0
258,905000000,563,0.985771119594574,0.16766713559627533,0.011962908320128918,6.10352581134066e-05,1.0000000417432882,1.0000000800655116,0.0,0.0,0.3369987149922668,0.023567093340561496,0.004133066211616501,0.23680725037374947,1.2744881077303427e-06,7.302278961256322e-05,-0.1875,-0.0625,0.0,-0.01,0.03,-0.06,0,0.0
259,278000000,564,0.985763430595398,0.16771242022514343,0.011962909251451492,6.10352581134066e-05,1.0000000559600206,1.000000096648402,0.0,0.0,0.3370906088621462,0.023566905631061674,0.004134149348840273,0.23686930956530514,1.083137223772089e-06,6.205919155565773e-05,0.1875,0.0,0.0,-0.01,0.03,-0.04,0,0.0
259,712000000,565,0.9857568740844727,0.16775092482566833,0.011962910182774067,6.10352581134066e-05,1.0000000512649996,1.000000106462227,0.0,0.0,0.33716873953004367,0.023566745852642023,0.004135070363093371,0.23692207979487903,9.210142530979154e-07,5.277022957390436e-05,-0.25,-0.0625,0.0625,0.0,0.03,-0.03,0,0.0
260,103000000,566,0.9857497811317444,0.16779254376888275,0.01196289248764515,6.103516352595761e-05,1.0000000416338375,1.0000000920076157,0.0,0.0,0.33725318848044644,0.023566536155057608,0.004136059402591213,0.23697874758387713,9.890394978423478e-07,5.666778899810482e-05,0.125,-0.0625,0.1875,-0.01,0.02,-0.03,0,0.0
260,468000000,567,0.9857437610626221,0.16782791912555695,0.011962877586483955,6.1035087128402665e-05,1.0000000435386638,1.0000000845286743,0.0,0.0,0.33732497229738906,0.02356635840072873,0.004136900121925301,0.23702691725347544,8.407193340881705e-07,4.816966959830121e-05,0.5625,0.0,-0.0625,0.0,0.04,-0.03,0,0.0
260,830000000,568,0.9857386350631714,0.16785798966884613,0.01196286454796791,6.103502164478414e-05,1.000000037602668,1.0000000806760767,0.0,0.0,0.3373859894771145,0.02356620636123317,0.004137614640019421,0.23706785612465422,7.145180941194387e-07,4.093887117877516e-05,-0.1875,0.125,0.0,0.0,0.02,-0.04,0,0.0
261,190000000,569,0.9857342839241028,0.16788354516029358,0.011962853372097015,6.103496707510203e-05,1.00000003841251,1.0000000756791716,0.0,0.0,0.3374378471385744,0.02356607708704773,0.00413822184376042,0.23710264633631803,6.072037409994568e-07,3.4790211663823625e-05,0.25,0.0625,-0.125,0.0,0.0,-0.06,0,0.0
261,546000000,570,0.9857320785522461,0.16789637506008148,0.011962862685322762,6.1035014368826523e-05,1.0000000186270739,1.0000000569548497,0.0,0.0,0.3374638755777612,0.023566041090637257,0.004138531844789723,0.23712040808694182,3.1000102930327234e-07,1.7761750623788866e-05,0.0625,0.0,-0.0625,0.0,0.04,-0.04,0,0.0
261,897000000,571,0.9857317209243774,0.16789838671684265,0.01196288876235485,6.1035148974042386e-05,1.0000000041657415,1.0000000227907277,0.0,0.0,0.3374679533459047,0.023566083665105042,0.004138588973971914,0.23712368134796838,5.7129182190474026e-08,3.273261026548109e-06,0.0625,0.1875,-0.0625,0.0,0.03,-0.05,0,0.0
262,250000000,572,0.9857314229011536,0.16790010035037994,0.011962911114096642,6.103526538936421e-05,0.999999998380014,1.0000000025442426,0.0,0.0,0.3374714291036545,0.023566120362209727,0.004138637690371304,0.2371264725920465,4.8716399390219545e-08,2.7912440781332773e-06,-0.1875,-0.125,0.0,0.0,0.03,-0.04,0,0.0
262,757000000,573,0.9857311844825745,0.16790154576301575,0.011962929740548134,6.10353599768132e-05,1.0000000062721608,1.0000000046511017,0.0,0.0,0.337474364934476,0.023566151179549327,0.00413867869997367,0.23712882226918158,4.100960236588097e-08,2.349677135074695e-06,0.1875,-0.125,0.0625,0.01,0.03,-0.04,0,0.0
263,111000000,574,0.985729455947876,0.16791167855262756,0.01196292694658041,6.103534542489797e-05,1.0000000037320496,1.0000000099513797,0.0,0.0,0.3374949257995732,0.023566103069289714,0.004138920022090298,0.23714264900796755,2.413221166282925e-07,1.3826738785964985e-05,0.0,-0.0625,0.0,-0.01,0.04,-0.03,0,0.0
263,463000000,575,0.9857280254364014,0.1679202914237976,0.01196292508393526,6.103533814894035e-05,1.0000000398522373,1.0000000435461738,0.0,0.0,0.33751241487892963,0.023566064111205168,0.0041391253327488905,0.23715441244219393,2.053106585922504e-07,1.17634342263873e-05,0.0,-0.125,-0.125,0.0,0.03,-0.04,0,0.0
263,823000000,576,0.9857283234596252,0.16791871190071106,0.011962941847741604,6.103542546043172e-05,1.0000000685899442,1.0000001084408927,0.0,0.0,0.33750921910925513,0.02356610446547766,0.004139093374460757,0.2371525813671634,-3.195828813390422e-08,-1.8310750305357314e-06,0.125,-0.1875,0.0625,0.0,0.04,-0.04,0,0.0
264,176000000,577,0.9857284426689148,0.16791735589504242,0.011962953954935074,6.103549094405025e-05,0.9999999585449618,1.0000000271339828,0.0,0.0,0.3375064322238145,0.02356613133747378,0.004139065135291552,0.23715096338195102,-2.8239169204413717e-08,-1.6179852123687127e-06,-0.1875,0.25,-0.0625,0.0,0.02,-0.05,0,0.0
264,580000000,578,0.9857286810874939,0.16791623830795288,0.011962966993451118,6.10355637036264e-05,1.000000006055305,0.9999999645996147,0.0005321682854036559,0.03049099674434293,0.3375041798208125,0.023566162867478015,0.004139042943919993,0.23714969191001908,-2.2191371558920314e-08,-1.2714719319327842e-06,0.0,0.0,0.0,0.0,0.03,-0.06,0,0.0
264,933000000,579,0.9857288599014282,0.16791526973247528,0.01196297723799944,6.10356146353297e-05,1.0000000198008212,1.0000000258556412,0.0,0.0,0.337502218904877,0.02356618745041889,0.0041390233292676465,0.23714856807322302,-1.961465234678883e-08,-1.1238367960873755e-06,-0.375,0.0,-0.0625,-0.02,0.03,-0.05,0,0.0
265,316000000,580,0.9857289791107178,0.16791445016860962,0.011962986551225185,6.103565829107538e-05,0.9999999998033303,1.0000000196038086,0.0,0.0,0.3375005495059553,0.023566208754547763,0.004139006946123578,0.2371476293882127,-1.6383144068807254e-08,-9.386850102974429e-07,-0.375,0.0,0.0,0.0,0.04,-0.04,0,0.0
265,691000000,581,0.9857306480407715,0.16790485382080078,0.011963012628257275,6.103578925831243e-05,1.000000033909987,1.00000003366588,0.0,0.0,0.33748108762688445,0.02356630124832443,0.004138786508853183,0.2371349992629717,-2.204372703948007e-07,-1.2630125241006211e-05,0.375,-0.0625,0.0625,0.0,0.02,-0.06,0,0.0
266,42000000,582,0.9857338070869446,0.16788627207279205,0.011962944641709328,6.103544001234695e-05,1.000000027277223,1.0000000610095783,0.0,0.0,0.33744337817498765,0.0235662451684642,0.004138318651197867,0.2371081929939092,-4.678576553162131e-07,-2.6806269062505414e-05,0.0625,0.0625,0.0625,0.0,0.04,-0.07,0,0.0
266,427000000,583,0.9857364892959595,0.16787049174308777,0.011962886899709702,6.103514533606358e-05,1.0000000213579265,1.000000048507042,0.0,0.0,0.33741135387236654,0.023566197517930623,0.004137921334537635,0.2370854284261477,-3.973166602319611e-07,-2.276456776152469e-05,0.5,0.125,0.0,-0.01,0.03,-0.04,0,0.0
266,879000000,584,0.9857403039932251,0.16784816980361938,0.01196285616606474,6.1034988902974874e-05,1.0000000343379996,1.000000055439516,0.0,0.0,0.3373660617872432,0.023566230983381477,0.004137376952362101,0.23705423762504746,-5.443821755332992e-07,-3.119080110020799e-05,0.25,0.0625,0.125,0.0,0.05,-0.04,0,0.0
267,231000000,585,0.985743522644043,0.16782920062541962,0.01196283008903265,6.103485429775901e-05,1.0000000230231232,1.0000000571760284,0.0,0.0,0.33732756554027876,0.02356625894987812,0.004136914346157566,0.23702773224195103,-4.6260620453503903e-07,-2.650538309642346e-05,0.3125,0.0625,0.0625,-0.01,0.05,-0.03,0,0.0
267,677000000,586,0.9857462644577026,0.16781307756900787,0.01196280773729086,6.103474152041599e-05,1.0000000196948478,1.000000042584236,0.0,0.0,0.3372948473610509,0.02356628249581393,0.004136521091655986,0.237005200418736,-3.932545015799746e-07,-2.253182321505331e-05,0.125,0.0625,-0.0625,-0.03,0.04,-0.04,0,0.0
268,41000000,587,0.9857485890388489,0.16779936850070953,0.011962789110839367,6.103464693296701e-05,1.0000000104549283,1.0000000300531051,0.0,0.0,0.3372670258536426,0.02356630310177603,0.004136186846388433,0.23698604957558297,-3.342452675530669e-07,-1.915084315301173e-05,0.0625,0.1875,0.0,0.0,0.04,-0.06,0,0.0
268,409000000,588,0.9857505559921265,0.16778771579265594,0.011962773278355598,6.1034563259454444e-05,0.9999999939397154,1.0000000043248165,0.0,0.0,0.33724337484118566,0.0235663204038321,0.004135902731164895,0.23696977097237878,-2.841152235387445e-07,-1.6278603204186e-05,0.125,-0.125,0.125,-0.02,0.02,-0.04,0,0.0
268,767000000,589,0.985752284526825,0.16777782142162323,0.011962761171162128,6.1034497775835916e-05,1.0000000375954436,1.0000000314847164,0.0,0.0,0.3372233112392658,0.023566339125551405,0.004135661954997951,0.23695597551420558,-2.4077616694352655e-07,-1.3795458173201397e-05,0.3125,0.0,-0.0625,-0.02,0.05,-0.07,0,0.0
269,149000000,590,0.9857537150382996,0.1677694022655487,0.011962749995291233,6.1034439568175e-05,1.0000000350805,1.0000000726394807,0.0,0.0,0.3372062263194373,0.023566352368899326,0.004135456774786428,0.2369442195540457,-2.0518021152330507e-07,-1.175596015988688e-05,-0.5,0.0,-0.0625,-0.02,0.02,-0.03,0,0.0
269,520000000,591,0.9857549071311951,0.16776224970817566,0.011962739750742912,6.1034388636471704e-05,1.00000001011396,1.0000000451681705,0.0,0.0,0.33719170437258494,0.02356636158584313,0.004135282205074798,0.2369342174463385,-1.7456971162978924e-07,-1.0002107707202767e-05,-0.0625,-0.125,-0.125,0.0,0.03,-0.05,0,0.0
269,924000000,592,0.9857559204101562,0.16775617003440857,0.01196273136883974,6.103434498072602e-05,0.9999999889376409,0.9999999990326063,8.797243754001704e-05,0.005040449384521223,0.3371793607508144,0.023566370063146103,0.004135133929791277,0.23692572189838665,-1.4827528352096692e-07,-8.49554795185709e-06,0.5625,0.0,-0.0625,0.0,0.02,-0.05,0,0.0
270,285000000,593,0.9857568144798279,0.1677509993314743,0.011962723918259144,6.103430860093795e-05,1.0000000027794287,0.9999999917033019,0.0002576307142836236,0.014761152601392406,0.33716887286145686,0.023566377410682172,0.0041350077206203095,0.23691849064555437,-1.2620917096747147e-07,-7.231252832281156e-06,-0.25,0.1875,0.0,0.02,0.04,-0.04,0,0.0
270,652000000,594,0.9857558012008667,0.16775701940059662,0.01196280773729086,6.103473424445838e-05,1.0000000148267665,1.0000000175875576,0.0,0.0,0.33718109351291753,0.023566517578973233,0.004135180654530663,0.2369283990287523,1.7293391035323735e-07,9.908383197934232e-06,-0.1875,0.1875,0.125,0.0,0.03,-0.03,0,0.0
271,22000000,595,0.9857549071311951,0.1677621304988861,0.01196287851780653,6.1035098042339087e-05,0.9999999917752356,1.0000000065885384,0.0,0.0,0.3371914582800028,0.023566635018925898,0.0041353273508625485,0.2369368041094394,1.4669633188572895e-07,8.405080687102673e-06,-0.1875,-0.125,0.125,0.0,0.05,-0.06,0,0.0
271,473000000,596,0.9857527017593384,0.16777539253234863,0.011962921358644962,6.103532359702513e-05,1.0000000432889804,1.0000000349738434,0.0,0.0,0.33721838637310814,0.02356666502842812,0.0041356593036191375,0.2369558236013897,3.3195275658901707e-07,1.901949195028421e-05,0.125,0.125,0.125,-0.01,0.04,-0.06,0,0.0
271,973000000,597,0.9857507944107056,0.16778665781021118,0.011962956748902798,6.103550549596548e-05,1.0000000536399822,1.000000096863692,0.0,0.0,0.3372412494272401,0.023566687735559432,0.0041359409194901145,0.23697195900224058,2.8161587097702556e-07,1.6135400850884296e-05,-0.5,-0.3125,0.125,0.01,0.04,-0.02,0,0.0
272,513000000,598,0.9857476353645325,0.16780512034893036,0.011962968856096268,6.10355637036264e-05,1.0000000376956384,1.0000000911602,0.0,0.0,0.33727870839273816,0.023566633733497433,0.004136386567353987,0.23699749274398949,4.456478638727515e-07,2.5533741748929294e-05,0.1875,-0.0625,0.0,0.01,0.06,-0.04,0,0.0
272,867000000,599,0.9857449531555176,0.16782081127166748,0.011962979100644588,6.10356146353297e-05,1.000000026980881,1.0000000645498208,0.0,0.0,0.3373105449824591,0.02356658781090002,0.004136765302837535,0.23701919268874863,3.787354835478596e-07,2.169994475913878e-05,0.1875,-0.125,0.0625,0.0,0.02,-0.02,0,0.0
273,220000000,600,0.9857426881790161,0.16783416271209717,0.01196298748254776,6.103565829107538e-05,1.0000000351332607,1.0000000620224474,0.0,0.0,0.33733764042040093,0.023566548488566874,0.004137087460320406,0.2370376509528557,3.2215748287101054e-07,1.8458264107067015e-05,-0.1875,0.0625,0.0625,0.0,0.03,-0.03,0,0.0
273,613000000,601,0.9857407808303833,0.16784550249576569,0.011962994933128357,6.103569467086345e-05,1.0000000583366362,1.0000000934037852,0.0,0.0,0.33736065868455906,0.023566516136615395,0.004137361190824907,0.2370533345554876,2.7373050450092695e-07,1.5683602631889898e-05,-0.375,-0.0625,-0.1875,0.0,0.01,-0.03,0,0.0
274,16000000,602,0.9857376217842102,0.16786403954029083,0.011962982825934887,6.103562918724492e-05,1.0000000557275068,1.0000001138873453,0.0,0.0,0.33739827320796684,0.02356641441517275,0.004137800244271403,0.2370784904649525,4.390534464960086e-07,2.5155909464894194e-05,0.125,-0.25,0.0,0.0,0.03,-0.07,0,0.0
274,398000000,603,0.9857349395751953,0.16787979006767273,0.011962972581386566,6.103557825554162e-05,1.0000000557254007,1.0000001113252739,0.0,0.0,0.3374302342652947,0.023566328114364165,0.004138173321684446,0.2370998662261515,3.730774130426828e-07,2.13757611990047e-05,-0.0625,0.0,0.0,-0.01,0.03,-0.03,0,0.0
274,850000000,604,0.9857341647148132,0.16788429021835327,0.011962981894612312,6.103562918724492e-05,1.0000000475246438,1.0000001032396213,0.0,0.0,0.33743936352528686,0.023566327369179976,0.004138284156624973,0.2371062166004663,1.1083494052752108e-07,6.3503743148104394e-06,0.0625,0.1875,0.0,0.01,0.04,-0.02,0,0.0
275,206000000,605,0.9857335090637207,0.1678881198167801,0.011962990276515484,6.103567284299061e-05,1.0000000442641988,1.0000000917812966,0.0,0.0,0.337447133671612,0.023566327724697585,0.00413837863101603,0.23711162958434592,9.447439105678135e-08,5.41298387962206e-06,-0.375,0.0625,-0.0625,-0.01,0.03,-0.03,0,0.0
275,661000000,606,0.9857329726219177,0.16789136826992035,0.01196299772709608,6.103570922277868e-05,1.0000000609467805,1.0000001052055618,0.0,0.0,0.33745373095178616,0.023566329170009934,0.0041384588845290605,0.23711622777193367,8.025351303040523e-08,4.598187587740377e-06,0.125,0.3125,0.0625,0.0,0.05,-0.06,0,0.0
276,74000000,607,0.9857324957847595,0.1678941249847412,0.011963003315031528,6.103573832660913e-05,1.0000000538120584,1.0000001147549287,0.0,0.0,0.33745932270932344,0.023566328431131385,0.004138526736573821,0.2371201154077298,6.78520447605635e-08,3.887635796113039e-06,0.1875,0.125,-0.125,0.0,0.01,-0.03,0,0.0
276,435000000,608,0.9857305884361267,0.16790537536144257,0.011962990276515484,6.103567284299061e-05,1.0000000624578025,1.0000001162047598,0.0,0.0,0.3374821548561791,0.02356625571941715,0.004138791241354909,0.23713527041534718,2.6450478108827613e-07,1.5155007617389976e-05,-0.0625,-0.25,0.0,-0.01,0.02,-0.02,0,0.0
276,786000000,609,0.9857288599014282,0.16791491210460663,0.01196297723799944,6.103560735937208e-05,0.999999959749704,1.0000000221605405,0.0,0.0,0.3375014738859168,0.02356618749653125,0.004139014756028178,0.23714807686278472,2.2351467326899715e-07,1.2806447437559096e-05,-0.25,-0.0625,0.0625,0.01,0.03,-0.05,0,0.0
277,141000000,610,0.9857275485992432,0.16792304813861847,0.011962968856096268,6.10355637036264e-05,1.0000000332564145,0.9999999929721625,0.00023711326478925943,0.013585589338992515,0.3375180073044133,0.023566138605739723,0.004139206407154646,0.23715905766347026,1.9165112646792742e-07,1.0980800685540226e-05,0.0625,0.0,-0.0625,-0.01,0.02,-0.04,0,0.0
277,504000000,611,0.9857263565063477,0.16792994737625122,0.011962960474193096,6.103552004788071e-05,1.0000000166428555,1.0000000498747605,0.0,0.0,0.33753200201718425,0.02356609271899683,0.004139368473106267,0.2371683433585009,1.6206595162063242e-07,9.285695030633622e-06,0.25,-0.25,0.0,0.0,0.03,-0.06,0,0.0
277,898000000,612,0.9857253432273865,0.1679358184337616,0.0119629530236125,6.103548366809264e-05,1.0000000036820709,1.0000000203071786,0.0,0.0,0.3375439115122806,0.023566053071436294,0.004139506281321066,0.2371762391875911,1.3780821479878608e-07,7.895829090202735e-06,-0.125,-0.0625,-0.0625,0.0,0.01,-0.02,0,0.0
278,251000000,613,0.9857245087623596,0.16794081032276154,0.011962947435677052,6.103545456426218e-05,1.000000019391668,1.0000000230609314,0.0,0.0,0.3375540462205995,0.023566021481413853,0.004139623711156295,0.23718296742153863,1.1742983522904094e-07,6.728233947540717e-06,0.125,0.125,0.125,0.0,0.02,-0.05,0,0.0
278,627000000,614,0.9857237935066223,0.16794505715370178,0.011962942779064178,6.103542546043172e-05,1.0000000275163519,1.0000000468987469,0.0,0.0,0.33756266660873735,0.023565994671929172,0.0041397236375557474,0.23718869278248922,9.99263994527419e-08,5.72536095058049e-06,0.25,-0.125,-0.0625,-0.02,0.06,-0.06,0,0.0
278,977000000,615,0.9857231974601746,0.1679486632347107,0.011962938122451305,6.103540363255888e-05,1.0000000455536382,1.000000073063312,0.0,0.0,0.3375699899558557,0.023565970791231124,0.004139808258149874,0.23719354118539257,8.46205941264569e-08,4.848402903335503e-06,-0.0625,0.0,0.0,0.0,0.04,-0.03,0,0.0
279,335000000,616,0.9857226610183716,0.16795173287391663,0.011962934397161007,6.103538180468604e-05,1.0000000322725993,1.0000000778213838,0.0,0.0,0.33757621467625754,0.023565950239096932,0.004139880360768003,0.23719767236110317,7.210261812867075e-08,4.1311757106162916e-06,0.125,-0.0625,0.0,0.0,0.03,-0.02,0,0.0
279,690000000,617,0.9857222437858582,0.16795434057712555,0.011962931603193283,6.103536725277081e-05,1.0000000589353897,1.000000091204504,0.0,0.0,0.3375815148782665,0.0235659344304686,0.004139941750160818,0.23720118971421839,6.138939281571942e-08,3.51735311521146e-06,-0.3125,-0.125,0.1875,0.0,0.03,-0.03,0,0.0
280,43000000,618,0.9857218861579895,0.16795654594898224,0.01196292880922556,6.103535270085558e-05,1.00000007678449,1.0000001357173884,0.0,0.0,0.3375859958199175,0.023565920097459923,0.004139993518088703,0.2372041557980003,5.176792788452039e-08,2.9660837819206268e-06,0.1875,-0.25,-0.0625,-0.02,0.04,-0.03,0,0.0
280,490000000,619,0.9857200384140015,0.1679673194885254,0.011962908320128918,6.103524356149137e-05,1.0000000647239167,1.0000001414486699,0.0,0.0,0.33760785384224457,0.023565834193251842,0.004140244023897901,0.2372185087236109,2.505058091985951e-07,1.4352925610588975e-05,0.0625,0.0,0.0,-0.03,0.01,-0.04,0,0.0
280,842000000,620,0.9857169389724731,0.16798537969589233,0.011962871998548508,6.1035061662551016e-05,1.000000042800283,1.0000001073563134,0.0,0.0,0.3376444950237517,0.02356568624640357,0.004140663294792033,0.2372425311763173,4.1927089413154595e-07,2.402245270641394e-05,0.0,0.0625,0.0,0.0,0.04,-0.03,0,0.0
281,304000000,621,0.985714316368103,0.168000727891922,0.011962841264903545,6.103490522946231e-05,1.00000003568082,1.0000000783598815,0.0,0.0,0.33767563777548487,0.023565561053700137,0.004141019646512452,0.23726294862591957,3.5635172041924984e-07,2.0417449602248895e-05,0.0,-0.0625,0.0625,0.0,0.03,-0.05,0,0.0
281,670000000,622,0.9857120513916016,0.1680137664079666,0.011962815187871456,6.1034774262225255e-05,0.9999999933168464,1.0000000289101003,0.0,0.0,0.33770208237756416,0.02356545387634306,0.004141322380922615,0.23728029402993525,3.0273441016265973e-07,1.734540401570278e-05,0.0625,0.125,0.0625,0.0,0.04,-0.06,0,0.0
282,24000000,623,0.9857102036476135,0.16802486777305603,0.01196279376745224,6.103466512286104e-05,1.0000000369625621,1.0000000302160819,0.0,0.0,0.33772462377100776,0.02356536609641721,0.004141580414227325,0.23729507824926896,2.5803330471006053e-07,1.4784219333699614e-05,-0.3125,-0.0625,0.0625,0.0,0.05,-0.05,0,0.0
282,416000000,624,0.985710084438324,0.16802538931369781,0.01196279376745224,6.1034661484882236e-05,1.0000000070886899,1.0000000440511096,0.0,0.0,0.33772567250422053,0.02356536318101388,0.004141592874022453,0.23729579214294338,1.2459795127942042e-08,7.138936744287446e-07,0.0,-0.1875,-0.0625,0.0,0.05,-0.02,0,0.0
282,933000000,625,0.9857100248336792,0.16802583634853363,0.01196279376745224,6.103465784690343e-05,1.000000023449094,1.0000000305376826,0.0,0.0,0.33772658492134594,0.023565361701180166,0.004141603558020471,0.23729640429093815,1.0683998017887997e-08,6.121479947511192e-07,0.3125,-0.0625,0.25,0.0,0.03,-0.05,0,0.0
283,303000000,626,0.9857099652290344,0.16802622377872467,0.01196279376745224,6.103465784690343e-05,1.0000000297945568,1.0000000532435747,0.0,0.0,0.33772737316251905,0.023565360227401487,0.004141612822732435,0.23729693511983213,9.264711964621086e-09,5.308288939771455e-07,0.125,-0.0625,0.0625,-0.02,0.01,-0.04,0,0.0
283,666000000,627,0.9857099056243896,0.16802655160427094,0.01196279376745224,6.103465784690343e-05,1.0000000261250086,1.0000000559195106,0.0,0.0,0.33772803722758893,0.023565358760900726,0.0041416206609844256,0.23729738421858992,7.83825199017485e-09,4.490987577970369e-07,-0.4375,-0.0625,0.0,0.0,0.0,-0.03,0,0.0
284,18000000,628,0.9857098460197449,0.16802681982517242,0.01196279376745224,6.103465784690343e-05,1.000000012440391,1.0000000385653622,0.0,0.0,0.3377285771165002,0.023565357301677886,0.004141627072776444,0.2372977515872117,6.4117920183306976e-09,3.6736862176601675e-07,-0.5625,-0.0625,-0.0625,-0.01,0.01,-0.03,0,0.0
284,370000000,629,0.9857082962989807,0.16803595423698425,0.011962775141000748,6.1034563259454444e-05,1.0000000195116323,1.0000000319091038,0.0,0.0,0.3377471153457018,0.02356528239916271,0.004141839036816623,0.2373098962321225,2.1196404017924386e-07,1.214464491081208e-05,0.0625,-0.0625,-0.0625,0.0,0.0,-0.01,0,0.0
284,722000000,630,0.9857147932052612,0.16799771785736084,0.011962742544710636,6.1034399550408125e-05,0.9999999988416807,1.0000000176011974,0.0,0.0,0.33766951657883715,0.02356537832905171,0.0041409134730123354,0.23725686533246673,-9.255638042876893e-07,-5.3030899655757124e-05,-0.625,0.125,0.0,0.0,0.03,-0.06,0,0.0
285,88000000,631,0.9857125282287598,0.16801123321056366,0.011962732300162315,6.103434498072602e-05,1.0000000367406716,1.0000000354884555,0.0,0.0,0.3376969548106133,0.023565302289452274,0.00414123309190477,0.23727517814605587,3.1961889243418973e-07,1.831281358912491e-05,-0.5625,0.0,0.0,0.01,0.02,-0.01,0,0.0
285,437000000,632,0.9857026934623718,0.16806870698928833,0.011962738819420338,5.1879193051718175e-05,0.9999999999897691,1.000000034988554,0.0,0.0,0.33781336646218846,0.023568151004580908,0.0041245561580235636,0.23631966021944403,-1.6676933881206064e-05,-0.0009555179266118349,0.25,0.0625,0.0,0.0,0.02,-0.02,0,0.0
285,902000000,633,0.9856928586959839,0.1681264489889145,0.011962725780904293,4.4097312638768926e-05,1.0000000116432826,1.000000009887342,0.0,0.0,0.337930369890067,0.02357050134056822,0.004110587400295145,0.2355193093565649,-1.3968757728418692e-05,-0.0008003508628791421,0.4375,0.125,-0.1875,0.02,0.03,-0.04,0,0.0
286,254000000,634,0.9856860041618347,0.1681666374206543,0.01196273323148489,3.7482714105863124e-05,1.0000000125666078,1.0000000233569666,0.0,0.0,0.33801177580762437,0.023572573771504818,0.004098507736703869,0.23482719561484694,-1.2079663591275588e-05,-0.0006921137417179343,-0.4375,0.0625,0.125,0.0,0.01,-0.02,0,0.0
286,728000000,635,0.9856768846511841,0.16822010278701782,0.011962810531258583,3.186030517099425e-05,1.0000000168841119,1.000000027964056,0.0,0.0,0.33812014994597656,0.023574396070833403,0.004088725862666904,0.23426673551680022,-9.781874036965572e-06,-0.0005604600980467239,0.5,0.1875,-0.0625,0.02,0.02,-0.05,0,0.0
287,113000000,636,0.9856709241867065,0.16825513541698456,0.011962786316871643,2.7081259759142995e-05,1.0000000351855602,1.000000051426847,0.0,0.0,0.33819114089457386,0.023575812087232445,0.004080132056270653,0.23377434668034255,-8.593806396250438e-06,-0.0004923888364576816,-0.25,0.0,-0.125,0.0,0.02,-0.04,0,0.0
287,504000000,637,0.98566734790802,0.16827601194381714,0.011962784454226494,2.3019070795271546e-05,1.0000000228347603,1.0000000577877612,0.0,0.0,0.33823341104076393,0.023577089212939974,0.00407262075739732,0.23334398095623918,-7.511298873333176e-06,-0.00043036572410336135,1.125,-0.0625,0.1875,0.0,0.02,-0.08,0,0.0
287,886000000,638,0.9856643080711365,0.168293759226799,0.011962782591581345,1.9566210539778695e-05,1.000000013075105,1.0000000357418013,0.0,0.0,0.33826934555326876,0.023578174485480594,0.004066236158877999,0.23297817040719662,-6.384598519320814e-06,-0.00036581054904255724,-0.4375,0.125,0.0,0.0,0.02,-0.04,0,0.0
288,240000000,639,0.9856584072113037,0.1683281660079956,0.01196285244077444,1.663127841311507e-05,0.9999999886465293,1.0000000011080017,0.0,0.0,0.338339096309168,0.02357915798940524,0.0040612956439898314,0.23269509975548305,-4.940514888167845e-06,-0.0002830706517135654,-0.1875,0.1875,0.0625,0.0,0.0,-0.05,0,0.0
288,692000000,640,0.9856534600257874,0.16835741698741913,0.01196291297674179,1.413658719684463e-05,1.0000000373011064,1.0000000255044756,0.0,0.0,0.33839841775053714,0.023579998219623977,0.00405709678953345,0.23245452311634274,-4.198854456381046e-06,-0.00024057663914033156,-0.3125,0.0,-0.0625,0.0,0.02,-0.04,0,0.0
289,45000000,641,0.9856492280960083,0.16838227212429047,0.01196296326816082,1.2016099390166346e-05,1.0000000515232674,1.000000088504283,0.0,0.0,0.3384488158224608,0.023580709706777548,0.004053527217888756,0.23225000172643218,-3.5695716446943956e-06,-0.00020452138991056072,-0.1875,0.0,0.0625,0.0,0.02,-0.02,0,0.0
289,401000000,642,0.985645592212677,0.16840340197086334,0.011963006108999252,1.02136846180656e-05,1.0000000264315607,1.0000000777233595,0.0,0.0,0.3384916484171028,0.023581313892404487,0.004050493215774153,0.23207616621023167,-3.034002114602613e-06,-0.00017383551620049685,0.375,0.0,-0.125,0.0,0.02,-0.03,0,0.0
289,793000000,643,0.9856410026550293,0.16843025386333466,0.01196302380412817,8.681631697982084e-06,1.0000000252725936,1.0000000513319371,0.0,0.0,0.3385461070565236,0.023581754626830403,0.004048120796198343,0.23194023658130353,-2.3724195758103445e-06,-0.00013592962892814979,-0.1875,0.25,0.0625,0.0,0.02,-0.01,0,0.0
290,147000000,644,0.9856370687484741,0.16845308244228363,0.011963038705289364,7.379386715911096e-06,0.9999999933124554,1.0000000183158912,0.0,0.0,0.3385923961808571,0.02358212832015468,0.004046104322562424,0.23182470115246595,-2.016473635919197e-06,-0.00011553542883756975,-0.1875,-0.0625,0.0,0.01,0.0,-0.01,0,0.0
290,611000000,645,0.9856337904930115,0.1684724986553192,0.011963052675127983,6.2724789131607395e-06,1.0000000332167196,1.0000000263346944,0.0,0.0,0.3386317879196524,0.02358245019263424,0.004044391063821719,0.2317265386574097,-1.713258740704618e-06,-9.816249505627287e-05,-0.0625,0.0,0.0,-0.01,0.03,-0.05,0,0.0
291,46000000,646,0.985630989074707,0.1684889793395996,0.011963063850998878,5.331607098923996e-06,1.000000048854206,1.0000000819307542,0.0,0.0,0.33866521822566564,0.023582722118098566,0.004042934017297126,0.2316430560409963,-1.457046524593053e-06,-8.348261641338645e-05,0.0625,0.0,0.125,0.01,0.01,-0.03,0,0.0
291,438000000,647,0.9856270551681519,0.16851188242435455,0.011963054537773132,4.531866125034867e-06,1.0000000305460266,1.0000000791299009,0.0,0.0,0.3387116744798135,0.02358287896732056,0.004041902045632041,0.2315839284200098,-1.0319716650854932e-06,-5.9127620986486853e-05,0.1875,0.0,-0.0625,0.0,0.02,-0.02,0,0.0
291,868000000,648,0.9856237173080444,0.1685313582420349,0.01196304615586996,3.852086138067534e-06,1.0000000226595993,1.0000000530101711,0.0,0.0,0.33875118154347533,0.023583011571348355,0.004041024917730143,0.23153367269313788,-8.771279018980963e-07,-5.025572687192583e-05,-0.1875,-0.0625,0.0625,-0.01,0.01,-0.04,0,0.0
292,237000000,649,0.9856208562850952,0.16854791343212128,0.011963039636611938,3.2742732400947716e-06,0.999999992897277,1.0000000154155797,0.0,0.0,0.33878475673144137,0.0235831249495152,0.004040279587730179,0.23149096842979547,-7.453299999638993e-07,-4.270426334241723e-05,0.3125,-0.0625,0.0,0.0,0.0,-0.06,0,0.0
292,588000000,650,0.9856184720993042,0.16856198012828827,0.01196303404867649,2.7831322313431883e-06,1.000000013939766,1.0000000067351442,0.0,0.0,0.33881330008434385,0.023583222400535883,0.004039645921738458,0.2314546620428489,-6.336659917208567e-07,-3.630638694657686e-05,-0.125,0.0,0.0625,0.01,0.03,-0.03,0,0.0
292,967000000,651,0.9856164455413818,0.16857394576072693,0.011963029392063618,2.3656623397982912e-06,1.0000000334943993,1.0000000473604371,0.0,0.0,0.33883758067435077,0.023583305439285183,0.004039107554414674,0.23142381586736832,-5.383673237838171e-07,-3.084617548056579e-05,-0.125,0.0625,-0.125,0.0,0.03,-0.04,0,0.0
293,322000000,652,0.9856162071228027,0.1685752123594284,0.011963043361902237,2.0108129774598638e-06,1.000000012187844,1.0000000456813505,0.0,0.0,0.338840136470427,0.0235834469436363,0.004038442900656582,0.23138573401219215,-6.646537580919792e-07,-3.8081855176179596e-05,-0.25,0.0625,-0.125,0.01,0.01,-0.03,0,0.0
293,685000000,653,0.9856160283088684,0.16857628524303436,0.011963055469095707,1.7091909967348329e-06,1.0000000169523833,1.0000000291395905,0.0,0.0,0.3388423087219837,0.023583568253451457,0.004037877934728678,0.23135336384895452,-5.649659279042749e-07,-3.237016323760729e-05,-0.25,0.0625,-0.0625,0.0,0.01,-0.04,0,0.0
294,119000000,654,0.9856158494949341,0.16857720911502838,0.011963065713644028,1.4528122846968472e-06,0.999999996576006,1.000000013527914,0.0,0.0,0.33884417144593737,0.02358367063403523,0.004037397983350624,0.23132586466062055,-4.799513780538722e-07,-2.7499188333974683e-05,-0.125,0.125,0.0,0.0,0.0,-0.05,0,0.0
294,503000000,655,0.9856172800064087,0.16856910288333893,0.011963093653321266,1.2348905329417903e-06,1.0000000403527032,1.0000000368948074,0.0,0.0,0.3388277297122612,0.023583833474883603,0.004036783720967282,0.23129067001854142,-6.142623833419597e-07,-3.5194642079141377e-05,0.0625,0.125,-0.0625,0.01,0.02,-0.01,0,0.0
294,852000000,656,0.9856184720993042,0.16856220364570618,0.011963116936385632,1.0496569302631542e-06,1.000000052604598,1.000000092932776,0.0,0.0,0.33881372805163523,0.02358397039544215,0.0040362612248778535,0.23126073319780507,-5.224960894284134e-07,-2.9936820736338114e-05,0.625,0.0,0.0,0.0,0.02,-0.07,0,0.0
295,200000000,657,0.9856179356575012,0.16856522858142853,0.011963117867708206,8.922083907236811e-07,1.0000000337831876,1.000000086383056,0.0,0.0,0.3388198574137068,0.023584012482318322,0.004036023480838677,0.23124711146775587,-2.3774403917677794e-07,-1.3621730049222275e-05,0.0625,-0.0625,0.0,0.0,0.0,-0.03,0,0.0
295,644000000,658,0.985617458820343,0.16856780648231506,0.01196311879903078,7.583771548524965e-07,0.9999999983628522,1.000000032142595,0.0,0.0,0.3388250747166366,0.023584048033817865,0.004035821606311316,0.23123554490934686,-2.018745273611386e-07,-1.15665584089915e-05,0.4375,0.0625,0.0625,0.0,0.04,-0.04,0,0.0
296,44000000,659,0.9856171011924744,0.16856999695301056,0.011963119730353355,6.446205702559382e-07,1.0000000151349462,1.000000013495329,0.0,0.0,0.3388295230433846,0.023584079670353093,0.00403565004247193,0.231225715025433,-1.7156383938597003e-07,-9.829883913876407e-06,0.0625,-0.0625,0.125,0.0,0.02,-0.02,0,0.0
296,400000000,660,0.9856168031692505,0.1685718595981598,0.01196312066167593,5.479274705066928e-07,1.0000000353971097,1.0000000505302729,0.0,0.0,0.33883330757442803,0.023584106980296973,0.0040355042783131335,0.23121736335432969,-1.4576415879614252e-07,-8.3516711032937e-06,0.375,-0.125,0.0,0.0,0.02,-0.07,0,0.0
296,862000000,661,0.9856182932853699,0.16856302320957184,0.011963032186031342,4.657383385620051e-07,1.0000000134958085,1.0000000488527605,0.0,0.0,0.3388153644998691,0.023583995913641104,0.00403510089073188,0.23119425094841592,-4.033875812530646e-07,-2.311240591379117e-05,-0.3125,-0.0625,0.0,0.0,0.0,-0.04,0,0.0
297,215000000,662,0.9856196045875549,0.16855551302433014,0.011962956748902798,3.95877577830106e-07,1.0000000391262773,1.0000000525930202,0.0,0.0,0.33880012869530335,0.023583902115059972,0.004034757952677098,0.23117460204524243,-3.429380547826863e-07,-1.9648903173474142e-05,-0.3125,0.125,-0.0625,0.0,0.02,-0.01,0,0.0
297,779000000,663,0.985622227191925,0.16854023933410645,0.011962911114096642,3.3649592978690634e-07,1.0000000491260017,1.0000000881321962,0.0,0.0,0.338769132812795,0.02358389493239667,0.004034259936165244,0.2311460678009854,-4.980165118533345e-07,-2.8534244257023e-05,-0.125,-0.0625,0.0,-0.02,0.01,-0.02,0,0.0
298,129000000,664,0.9856244325637817,0.1685272455215454,0.011962871998548508,2.8602153179235756e-07,1.0000000324281453,1.0000000814672951,0.0,0.0,0.33874275556267996,0.02358388761058295,0.0040338362464020176,0.23112179216572962,-4.2368976322683383e-07,-2.4275635255794725e-05,-0.25,-0.25,0.1875,0.0,0.02,-0.02,0,0.0
298,484000000,665,0.9856278300285339,0.16850730776786804,0.011962857097387314,2.431183077078458e-07,1.0000000210239615,1.000000053247578,0.0,0.0,0.3387022882399325,0.023583954012340844,0.004033269471742677,0.23108931836981444,-5.66774659340602e-07,-3.247379591518148e-05,-0.0625,-0.125,0.125,0.0,0.02,-0.04,0,0.0
298,842000000,666,0.9856292009353638,0.16849926114082336,0.011962826363742352,2.0665055444624159e-07,1.0000000159780693,1.000000036968716,0.0,0.0,0.3386859553033628,0.02358393851749258,0.004032994626424378,0.231073570893057,-2.748453182986263e-07,-1.574747675744102e-05,-0.0625,0.3125,0.1875,0.0,0.0,-0.02,0,0.0
299,232000000,667,0.9856303930282593,0.1684924215078354,0.011962800286710262,1.7565297127930535e-07,1.000000038178672,1.0000000541326406,0.0,0.0,0.33867208087054723,0.02358392607954612,0.004032761024253454,0.2310601864745779,-2.3360217092475988e-07,-1.3384418479082412e-05,-0.1875,0.0625,0.0,0.0,0.04,-0.01,0,0.0
299,602000000,668,0.9856314063072205,0.1684866100549698,0.011962777934968472,1.4930502345578134e-07,1.0000000574614525,1.0000000956227264,0.0,0.0,0.3386602922820618,0.023583915139248485,0.004032562453522109,0.23104880920973703,-1.9857073134486175e-07,-1.1377264840886704e-05,0.0,0.0,-0.0625,0.01,0.04,-0.02,0,0.0
299,984000000,669,0.9856337308883667,0.1684727668762207,0.011962777003645897,1.2690927064795687e-07,1.0000000163387528,1.000000073701688,0.0,0.0,0.3386321847690928,0.023583976487601545,0.004032186685023487,0.23102727926069203,-3.757684986218854e-07,-2.1529949045001525e-05,0.25,0.0,-0.0625,0.0,0.01,-0.03,0,0.0
300,439000000,670,0.9856357574462891,0.16846100986003876,0.011962776072323322,1.0787287862967787e-07,1.0000000331055756,1.0000000493731616,0.0,0.0,0.33860832977308886,0.0235840295697583,0.0040318674663747875,0.2310089893793797,-3.192186486993334e-07,-1.828988131234109e-05,-0.0625,-0.0625,0.0625,-0.01,0.02,0.0,0,0.0
300,833000000,671,0.9856374859809875,0.16845101118087769,0.011962776072323322,9.169194470359798e-08,1.0000000524750718,1.0000000855291686,0.0,0.0,0.3385880441398896,0.02358407639247287,0.004031596272544952,0.2309934511175001,-2.7119382983546714e-07,-1.5538261879561293e-05,-0.3125,-0.125,-0.125,0.02,0.01,-0.02,0,0.0
301,279000000,672,0.9856389164924622,0.1684425175189972,0.011962776072323322,7.793815370860102e-08,1.000000031711967,1.0000000841499463,0.0,0.0,0.33857079995799405,0.023584115264063583,0.004031365882515881,0.23098025074119244,-2.3039002907104117e-07,-1.3200376307667e-05,-0.125,0.125,-0.0625,0.02,0.01,-0.03,0,0.0
301,645000000,673,0.9856401681900024,0.16843529045581818,0.011962776072323322,6.624743065231087e-08,1.0000000481159554,1.0000000798010253,0.0,0.0,0.33855613828436537,0.023584149160431882,0.0040311698726248875,0.2309690202016957,-1.9600989099345656e-07,-1.1230539496744388e-05,0.0,-0.0625,0.0625,0.0,0.02,-0.04,0,0.0
302,93000000,674,0.9856396913528442,0.16843804717063904,0.01196275744587183,5.6310316409735606e-08,1.0000000422352493,1.0000000903472932,0.0,0.0,0.33856173045157373,0.02358410436865451,0.004031209972083866,0.2309713177314559,4.009945897814199e-08,2.2975297602055126e-06,0.0,0.125,-0.0625,0.02,0.0,-0.03,0,0.0
302,475000000,675,0.9856392741203308,0.16844038665294647,0.011962741613388062,4.7863768060096845e-08,1.0000000248655785,1.0000000670980054,0.0,0.0,0.3385664722462234,0.023584066010465355,0.004031243967320278,0.2309732655150259,3.399523641235691e-08,1.9477835699775093e-06,0.125,0.0625,-0.125,0.01,0.01,-0.03,0,0.0
302,839000000,676,0.9856389164924622,0.16844238340854645,0.011962727643549442,4.0684202673446634e-08,1.000000008542731,1.0000000334062522,0.0,0.0,0.33857051889663137,0.02358403232473996,0.004031272886597205,0.2309749224675404,2.8919276927157067e-08,1.6569525144961602e-06,0.0625,0.0,0.0,-0.02,0.0,-0.05,0,0.0
303,213000000,677,0.9856386184692383,0.16844408214092255,0.011962716467678547,3.458157138425122e-08,1.0000000008057668,1.0000000093470105,0.0,0.0,0.33857396356218533,0.023584005211884952,0.004031297739075182,0.23097634640963888,2.48524779766085e-08,1.423942098501495e-06,0.0,0.4375,-0.0625,0.01,0.04,-0.04,0,0.0
303,566000000,678,0.9856383800506592,0.16844551265239716,0.011962706223130226,2.939433585424922e-08,1.0000000066508992,1.0000000074556143,0.0,0.0,0.3385768683088737,0.02358398105349317,0.004031318291464047,0.2309775239747798,2.055238886543298e-08,1.1775651409009762e-06,0.25,0.0625,-0.0625,0.0,0.01,-0.03,0,0.0
303,920000000,679,0.9856382012367249,0.16844673454761505,0.011962697841227055,2.4985185476111837e-08,1.0000000361282806,1.0000000427784177,0.0,0.0,0.33857935734817585,0.02358396173221721,0.004031336013505495,0.23097853937295912,1.7722041448058057e-08,1.0153981793296406e-06,0.1875,-0.1875,0.0625,0.01,0.0,-0.01,0,0.0
304,332000000,680,0.9856380224227905,0.16844777762889862,0.011962690390646458,2.1237408276419956e-08,1.000000035497503,1.0000000716252246,0.0,0.0,0.3385814738167404,0.02358394402450507,0.0040313510742867285,0.23097940229215996,1.5060781233255938e-08,8.629192008354002e-07,0.0625,0.0625,0.0625,-0.01,0.02,-0.04,0,0.0
304,685000000,681,0.9856378436088562,0.16844865679740906,0.01196268480271101,1.805179650204991e-08,1.0000000072792283,1.0000000427763294,0.0,0.0,0.3385832487767386,0.023583929800183406,0.0040313639488387685,0.23098013994965497,1.2874552039916776e-08,7.376574950087758e-07,0.0625,0.125,0.0,0.0,0.03,-0.05,0,0.0
305,32000000,682,0.985639214515686,0.16844050586223602,0.011962697841227055,1.5344026493835372e-08,0.9999999856729326,0.9999999929180023,0.00023802516948150904,0.013637837629176593,0.33856670027143815,0.023583989231199098,0.004031167939010759,0.23096890941376697,-1.960098280091166e-07,-1.1230535888007532e-05,0.125,0.125,-0.125,0.0,0.03,-0.05,0,0.0
305,480000000,683,0.9856404066085815,0.16843357682228088,0.01196270901709795,1.304242225330654e-08,0.9999999936738525,0.9999999793220687,0.0004067228179231163,0.0233035008986624,0.3385526410520425,0.023584040573098358,0.0040310013438807375,0.23095936421592927,-1.665951300218807e-07,-9.545197837686958e-06,0.375,0.1875,-0.0625,0.0,0.01,-0.04,0,0.0
305,866000000,684,0.9856414198875427,0.16842769086360931,0.011962718330323696,1.1086059181764085e-08,1.0000000011387147,0.9999999947947317,0.00020406407487836317,0.011692010240771818,0.33854069850070284,0.023584083846422077,0.004030859764124897,0.23095125229345514,-1.4157975584006693e-07,-8.111922474128504e-06,-0.125,0.0,-0.125,-0.01,0.0,-0.05,0,0.0
306,218000000,685,0.9856407642364502,0.1684315800666809,0.011962708085775375,9.423150260090551e-09,1.000000009836559,1.0000000109674958,0.0,0.0,0.338548593932808,0.0235840485150557,0.004030946107253542,0.23095619939031642,8.634312864425758e-08,4.947096861271085e-06,0.0625,-0.125,0.125,0.01,0.03,-0.03,0,0.0
306,569000000,686,0.9856386780738831,0.16844378411769867,0.011962681077420712,8.009677365805601e-09,1.0000000089308407,1.000000018690754,0.0,0.0,0.3385733603436002,0.023583945809180114,0.004031226279515331,0.23097225207845357,2.801722617891064e-07,1.605268813715022e-05,0.375,0.25,0.0,0.01,0.0,-0.06,0,0.0
306,934000000,687,0.9856399297714233,0.16843636333942413,0.01196269504725933,6.808225538890156e-09,0.9999999928638102,1.0000000017663337,0.0,0.0,0.33855829547333,0.023584003715917044,0.004031051027770182,0.23096221089310423,-1.7525174514886055e-07,-1.0041185349332009e-05,-0.0625,-0.125,0.0,0.01,0.02,-0.05,0,0.0
307,285000000,688,0.9856425523757935,0.1684211641550064,0.011962725780904293,5.786991774670014e-09,1.0000000181986526,1.0000000109435159,0.0,0.0,0.33852745861476563,0.023584127426130627,0.004030695630620796,0.23094184813639343,-3.5539714938592065e-07,-2.0362756710793692e-05,-0.4375,-0.125,0.0,0.0,0.03,-0.02,0,0.0
307,645000000,689,0.9856447577476501,0.16840824484825134,0.011962751857936382,4.918943030673972e-09,1.0000000164201535,1.0000000345329199,0.0,0.0,0.33850123983057173,0.02358423191760921,0.004030393525866492,0.230924538809001,-3.0210475430395706e-07,-1.7309327392453432e-05,0.3125,-0.125,0.125,0.0,0.02,-0.05,0,0.0
307,994000000,690,0.985646665096283,0.16839726269245148,0.011962773278355598,4.181101687095179e-09,1.0000000472211208,1.0000000635791524,0.0,0.0,0.33847896280682976,0.02358432005093405,0.0040301364667850725,0.23090981040855013,-2.5705908141947925e-07,-1.472840045084596e-05,0.75,0.0625,0.0,-0.03,0.02,-0.04,0,0.0
308,351000000,691,0.9856467247009277,0.16839683055877686,0.011962773278355598,3.553936478439823e-09,1.0000000332002081,1.0000000804212354,0.0,0.0,0.33847808130076756,0.02358432168869209,0.00403012488829861,0.2309091470101427,-1.1578486462139603e-08,-6.633984074299593e-07,0.0,-0.125,-0.0625,0.0,0.03,-0.04,0,0.0
308,708000000,692,0.9856467843055725,0.168396458029747,0.011962773278355598,3.02084601777608e-09,1.0000000292166944,1.0000000624168321,0.0,0.0,0.33847732399454766,0.023584323294756175,0.004030114921769843,0.23090857597010794,-9.966528767210714e-09,-5.710400347568973e-07,-0.375,-0.0625,0.125,0.0,0.03,-0.03,0,0.0
309,152000000,693,0.9856468439102173,0.16839614510536194,0.011962773278355598,2.5677191484163586e-09,1.0000000352705132,1.0000000644871578,0.0,0.0,0.3384766908877858,0.023584324873880555,0.004030106539374054,0.23090809569420703,-8.382395788771035e-09,-4.80275900904815e-07,-0.875,-0.125,0.0,0.0,0.0,-0.01,0,0.0
309,532000000,694,0.9856499433517456,0.168378084897995,0.011962810531258583,2.182561242847214e-09,1.00000004956951,1.0000000846721355,0.0,0.0,0.3384400446373393,0.023584472637246473,0.004029686118618993,0.23088400735932235,-4.204207550611086e-07,-2.4088334884704867e-05,0.375,0.0,0.0625,0.0,0.02,-0.01,0,0.0
309,984000000,695,0.9856510162353516,0.16837163269519806,0.011962823569774628,1.855177012011211e-09,1.0000000208249946,1.000000070373115,0.0,0.0,0.3384269414785898,0.0235845241341002,0.004029535452760459,0.23087537484151163,-1.5066585853408532e-07,-8.632517810718204e-06,0.125,-0.125,0.0625,0.0,0.0,-0.05,0,0.0
310,339000000,696,0.9856550097465515,0.16834835708141327,0.011962871067225933,9.15704367798753e-06,1.0000000389692534,1.0000000594734877,0.0,0.0,0.33837991936733114,0.023581629987072902,0.004047047012219918,0.23187871329123097,1.7511559459458363e-05,0.0010033384497193573,-0.4375,0.125,0.0625,0.0,0.03,-0.03,0,0.0
310,890000000,697,0.9856601357460022,0.16831815242767334,0.011962821707129478,1.6938496628426947e-05,1.000000006512801,1.00000004498248,0.0,0.0,0.33831878734594945,0.023579035638221026,0.004061651489044953,0.23271548817530213,1.4604476825035712e-05,0.0008367748840711667,0.0,0.0625,0.0,0.0,0.03,-0.06,0,0.0
311,337000000,698,0.9856645464897156,0.16829247772693634,0.01196277979761362,2.355273136345204e-05,1.000000032460732,1.0000000386123364,0.0,0.0,0.33826684111098654,0.023576832556193254,0.004074065423731852,0.23342675424001247,1.2413934686898373e-05,0.0007112660647103338,0.25,0.3125,0.0,-0.01,0.01,-0.02,0,0.0
311,698000000,699,0.9856682419776917,0.16827066242694855,0.011962744407355785,2.917483107012231e-05,1.000000003590962,1.000000035791108,0.0,0.0,0.3382226872115159,0.02357495964496132,0.004084617634712061,0.2340313513937101,1.0552210980209475e-05,0.0006045971536976084,-1.8125,-0.125,-0.0625,0.0,0.01,0.01,0,0.0
312,145000000,700,0.9856681227684021,0.16827142238616943,0.011962785385549068,2.4798606318654492e-05,1.000000014341401,1.0000000179224906,0.0,0.0,0.3382241346353687,0.0235765107484459,0.004076020279061145,0.23353875919993966,-8.59735565091578e-06,-0.0004925921937704229,0.1875,0.0,0.0625,-0.01,0.04,-0.04,0,0.0
312,519000000,701,0.9856743216514587,0.1682349592447281,0.011962786316871643,3.023401222890243e-05,0.9999999895228486,1.0000000031654843,0.0,0.0,0.3381502529233912,0.02357483338798206,0.004085866235249273,0.2341028909347901,9.845956188127454e-06,0.0005641317348504191,-0.375,-0.0625,0.0625,0.0,0.03,-0.08,0,0.0
313,135000000,702,0.9856811761856079,0.16819509863853455,0.011962806805968285,3.485420529614203e-05,1.0000000411270804,1.0000000298213303,0.0,0.0,0.3380694835610302,0.023573485626219342,0.004094030135514087,0.2345706479643297,8.163900264814353e-06,0.00046775702953959756,0.125,0.1875,0.0,0.01,0.04,-0.05,0,0.0
313,496000000,703,0.985685408115387,0.16817009449005127,0.01196280401200056,3.8781272451160476e-05,1.0000000073181032,1.000000048115915,0.0,0.0,0.3380188197687587,0.023572261942307205,0.004101174883642047,0.23498001187774575,7.144748127959483e-06,0.0004093639134160742,0.0625,0.0625,0.0,0.0,0.02,-0.03,0,0.0
313,859000000,704,0.9856890439987183,0.16814883053302765,0.011962802149355412,4.2119278077734634e-05,1.000000015539015,1.0000000226188595,0.0,0.0,0.3379757464570626,0.023571224058525745,0.004107247895099017,0.23532796980316475,6.073011456970458e-06,0.0003479579254190022,-0.375,0.1875,0.0625,0.01,0.03,-0.01,0,0.0
314,264000000,705,0.9856921434402466,0.1681307703256607,0.011962800286710262,4.4956585043109953e-05,1.0000000340909603,1.000000049458062,0.0,0.0,0.3379391667120417,0.02357034174161397,0.004112410242914395,0.23562375054536447,5.1623478153775895e-06,0.00029578074219971655,-0.125,0.0,-0.0625,-0.02,0.03,-0.01,0,0.0
314,657000000,706,0.9856947660446167,0.16811540722846985,0.011962798424065113,4.7368295781780034e-05,1.0000000363726174,1.0000000703392196,0.0,0.0,0.33790804548083514,0.023569591098380555,0.004116797885460626,0.23587514394527556,4.3876425462312935e-06,0.0002513933999110873,0.0,-0.125,0.0625,0.0,0.05,-0.02,0,0.0
315,20000000,707,0.9856969714164734,0.16810235381126404,0.011962797492742538,4.941824954585172e-05,1.0000000158912554,1.0000000521741448,0.0,0.0,0.33788159587331357,0.023568953882763356,0.004120527742674511,0.2360888490218176,3.729857213885003e-06,0.00021370507654203466,-0.125,-0.125,0.0625,-0.01,0.01,-0.01,0,0.0
315,391000000,708,0.9856988787651062,0.16809125244617462,0.011962796561419964,5.11607104272116e-05,1.0000000299333491,1.000000045759648,0.0,0.0,0.33785911178022837,0.02356841284330118,0.004123697949596618,0.2362704884986375,3.170206922107309e-06,0.0001816394768199077,0.0625,-0.125,0.0625,0.0,0.03,-0.04,0,0.0
315,828000000,709,0.9857004880905151,0.16808182001113892,0.01196279563009739,5.264180072117597e-05,1.0000000308452912,1.000000060731764,0.0,0.0,0.33784000434431594,0.023567952459935444,0.004126392673970926,0.2364248848322364,2.6947243743080662e-06,0.00015439633359888368,0.375,0.125,0.0,0.01,0.03,-0.04,0,0.0
316,207000000,710,0.985701858997345,0.16807380318641663,0.011962794698774815,5.390072692534886e-05,1.0000000347553302,1.0000000655667556,0.0,0.0,0.3378237655672621,0.023567560973970884,0.004128683167274021,0.2365561204315067,2.2904933030948316e-06,0.00013123559927031311,-0.0625,0.0625,-0.0625,0.0,0.02,-0.03,0,0.0
316,612000000,711,0.9857029914855957,0.16806699335575104,0.01196279376745224,5.497081656358205e-05,1.0000000065679038,1.000000041298834,0.0,0.0,0.3378099615531782,0.02356722718132467,0.0041306301530665505,0.23666767450019055,1.9469857925292697e-06,0.00011155406868386088,0.5,0.0,-0.0625,0.0,0.0,-0.06,0,0.0
317,16000000,712,0.9857040047645569,0.16806119680404663,0.01196279376745224,5.588039130088873e-05,1.000000031218717,1.0000000377688942,0.0,0.0,0.3377982271762381,0.02356694625545308,0.004132285167780127,0.23676249985831055,1.6550147135764234e-06,9.482535811998184e-05,0.125,0.0,0.0625,0.0,0.03,-0.03,0,0.0
317,467000000,713,0.9857048392295837,0.16805627942085266,0.01196279376745224,5.6653530918993056e-05,1.0000000273888718,1.0000000585948523,0.0,0.0,0.33778826464439626,0.023566706841672766,0.0041336921640915065,0.23684311480874307,1.4069963113795547e-06,8.061495043252309e-05,0.1875,-0.1875,0.125,0.0,0.03,-0.05,0,0.0
317,832000000,714,0.985705554485321,0.1680520921945572,0.01196279376745224,5.731069904868491e-05,1.0000000287767101,1.0000000561563445,0.0,0.0,0.33777978287387866,0.02356650349560554,0.004134887934280831,0.23691162739385893,1.1957701893244854e-06,6.851258511585243e-05,0.0625,0.1875,-0.125,-0.01,0.02,-0.03,0,0.0
318,195000000,715,0.985707700252533,0.16803963482379913,0.011962811462581158,5.786938709206879e-05,1.000000050707903,1.0000000794045631,0.0,0.0,0.3377545233252395,0.0235664033554016,0.004135697705461755,0.23695802386489717,8.0977118092386e-07,4.6396471038261775e-05,0.1875,0.0625,-0.0625,0.0,0.03,-0.04,0,0.0
318,584000000,716,0.9857094883918762,0.1680290549993515,0.011962827295064926,5.834427065565251e-05,1.000000035735347,1.0000000863855738,0.0,0.0,0.33773306008803555,0.02356631896279766,0.004136386487588979,0.23699748817379118,6.887821272245215e-07,3.9464308894008e-05,0.125,-0.3125,-0.0625,0.01,0.02,-0.04,0,0.0
318,959000000,717,0.9857110381126404,0.16802005469799042,0.01196284033358097,5.874792259419337e-05,1.0000000512189888,1.0000000869125525,0.0,0.0,0.3377148103200254,0.023566247132344894,0.004136971640576477,0.2370310149703443,5.851529874976655e-07,3.352679655308766e-05,-0.25,-0.125,-0.125,-0.01,0.02,-0.01,0,0.0
319,404000000,718,0.9857123494148254,0.16801241040229797,0.011962851509451866,5.90910276514478e-05,1.0000000595730343,1.0000001107618897,0.0,0.0,0.3376993085891486,0.02356618612794863,0.0041374691972723,0.23705952286908338,4.975566958225972e-07,2.8507898739109294e-05,-0.0625,0.0625,-0.0625,0.0,0.03,-0.02,0,0.0
319,775000000,719,0.9857134819030762,0.16800591349601746,0.011962860822677612,5.938266622251831e-05,1.000000084470237,1.0000001440214878,0.0,0.0,0.3376861393689276,0.023566134343300196,0.004137892077490265,0.23708375212081237,4.2288021796527825e-07,2.4229251728982776e-05,-0.3125,-0.0625,0.0,0.01,0.03,-0.02,0,0.0
320,220000000,720,0.9857144355773926,0.16800038516521454,0.011962869204580784,5.963055809843354e-05,1.000000095858359,1.0000001803128375,0.0,0.0,0.3376749303087098,0.02356609103766053,0.004138251537614435,0.23710434766883054,3.5946012416979145e-07,2.0595548018177565e-05,0.625,0.0,-0.0625,0.0,0.04,-0.04,0,0.0
320,590000000,721,0.9857137203216553,0.1680045872926712,0.011962857097387314,5.98411716055125e-05,1.000000096656314,1.0000001925055755,0.0,0.0,0.3376834623770066,0.023565978755787472,0.004138763267953379,0.23713366765750088,5.117303389446173e-07,2.931998867032568e-05,0.4375,0.0,0.0625,0.0,0.02,-0.05,0,0.0
320,955000000,722,0.9857130646705627,0.16800816357135773,0.011962846852838993,6.0020192904630676e-05,1.0000000510980493,1.0000001477477434,0.0,0.0,0.33769070883658314,0.023565882263607382,0.004139198354667167,0.23715859628992314,4.3508671378807845e-07,2.4928632422273298e-05,0.125,0.125,-0.125,0.0,0.03,-0.05,0,0.0
321,309000000,723,0.9857125282287598,0.16801120340824127,0.011962838470935822,6.017236228217371e-05,1.0000000329514065,1.0000000840446817,0.0,0.0,0.3376968749547451,0.023565801384890585,0.004139568292535314,0.23717979216845003,3.6993786814692314e-07,2.1195878526885828e-05,0.25,0.0,0.0625,0.0,0.03,-0.05,0,0.0
321,773000000,724,0.9857120513916016,0.1680137813091278,0.011962831020355225,6.030170334270224e-05,0.9999999959653738,1.000000028913336,0.0,0.0,0.3377020971211735,0.02356573149618124,0.004139882478856641,0.2371977937186428,3.141863213268134e-07,1.8001550192767535e-05,-0.1875,-0.0625,0.0,0.0,0.02,-0.02,0,0.0
322,125000000,725,0.9857116937637329,0.1680159717798233,0.011962825432419777,6.041164670023136e-05,1.0000000114187895,1.0000000073816944,0.0,0.0,0.3377065495481271,0.023565674699082564,0.0041401497823003765,0.23721310907781815,2.6730344373539217e-07,1.5315359175350637e-05,-0.1875,-0.0625,0.0625,0.01,0.02,-0.02,0,0.0
322,478000000,726,0.985711395740509,0.16801783442497253,0.01196281984448433,6.050509546184912e-05,1.0000000305485286,1.000000041965535,0.0,0.0,0.3377103375427478,0.023565624911507755,0.004140376720615602,0.2372261116854904,2.2693831522573732e-07,1.3002607672244218e-05,0.125,0.0625,-0.0625,0.01,0.0,-0.03,0,0.0
322,822000000,727,0.9857110977172852,0.16801941394805908,0.011962815187871456,6.0584527091123164e-05,1.0000000021220843,1.0000000326693184,0.0,0.0,0.33771353540311205,0.02356558170571517,0.004140569555172469,0.23723716029174313,1.9283455686674306e-07,1.1048606252739845e-05,0.0,-0.0625,-0.0625,0.0,0.02,-0.04,0,0.0
323,174000000,728,0.985710859298706,0.16802075505256653,0.011962811462581158,6.065204433980398e-05,0.9999999924022939,0.9999999945234482,0.0002093141518891565,0.011992817495608933,0.3377162552108369,0.023565545796213144,0.00414073350961984,0.23724655418960988,1.6395444737103693e-07,9.393897866760192e-06,-0.5625,-0.125,0.0625,-0.01,0.04,-0.02,0,0.0
323,580000000,729,0.9857106804847717,0.16802190244197845,0.011962808668613434,6.070943345548585e-05,1.0000000088994252,1.0000000013010433,0.0,0.0,0.33771859013769967,0.02356551657733816,0.00414087317625445,0.23725455649831184,1.3966663461005557e-07,8.002308701951977e-06,-0.0625,-0.0625,0.0625,0.0,0.01,-0.03,0,0.0
323,979000000,730,0.9857105016708374,0.16802287101745605,0.01196280587464571,6.075821511331014e-05,0.9999999953525389,1.000000004251478,0.0,0.0,0.33772055234314946,0.023565490273242576,0.004140991589951638,0.23726134110339725,1.1841369718795791e-07,6.7846050854101324e-06,0.1875,-0.0625,0.125,0.0,0.04,-0.04,0,0.0
324,333000000,731,0.9857103824615479,0.1680237054824829,0.01196280401200056,6.0799680795753375e-05,1.0000000180364927,1.0000000133886757,0.0,0.0,0.33772225390654514,0.023565469707483484,0.0041410926877985125,0.23726713358334103,1.0109784687444695e-07,5.792479943765671e-06,0.0625,-0.0625,-0.0625,0.0,0.04,-0.05,0,0.0
324,708000000,732,0.9857102632522583,0.16802440583705902,0.011962802149355412,6.083492553443648e-05,1.0000000181869428,1.000000036223183,0.0,0.0,0.33772367593379826,0.02356545124903161,0.004141178308678715,0.23727203929841484,8.562088020264841e-08,4.905715073806979e-06,-0.0625,0.0,-0.125,0.0,0.03,-0.05,0,0.0
325,58000000,733,0.9857101440429688,0.16802500188350677,0.011962800286710262,6.086488428991288e-05,1.0000000008111982,1.000000018997956,0.0,0.0,0.3377248805338086,0.023565434580031925,0.004141251009525844,0.23727620475012234,7.270084712886205e-08,4.165451707509584e-06,-0.125,0.0,0.0,0.01,0.03,-0.01,0,0.0
325,432000000,734,0.985710084438324,0.16802552342414856,0.011962799355387688,6.089035377954133e-05,1.0000000296807092,1.0000000304917698,0.0,0.0,0.337725948731304,0.023565422692090512,0.004141313395164679,0.23727977918392984,6.238563883542714e-08,3.574433807497419e-06,0.0625,-0.0625,-0.0625,0.0,0.04,-0.03,0,0.0
325,837000000,735,0.9857100248336792,0.16802595555782318,0.011962798424065113,6.091199611546472e-05,1.0000000435275682,1.0000000732081833,0.0,0.0,0.3377268305783428,0.023565412101471308,0.00414136609414254,0.23728279861294588,5.269897786035205e-08,3.0194290160515378e-06,-0.125,0.0,0.0,0.0,0.02,-0.02,0,0.0
326,248000000,736,0.9857099652290344,0.16802631318569183,0.011962797492742538,6.093039337429218e-05,1.0000000448554818,1.000000088382986,0.0,0.0,0.33772755713200053,0.0235654026107168,0.004141410610903284,0.2372853492354541,4.451676074383043e-08,2.550622508215147e-06,0.0625,0.125,0.0,0.0,0.03,-0.02,0,0.0
326,601000000,737,0.9857099056243896,0.1680266261100769,0.011962796561419964,6.094603304518387e-05,1.0000000386719832,1.0000000835274157,0.0,0.0,0.3377281904913153,0.023565394052340715,0.004141448619983591,0.2372875269953389,3.800908030763411e-08,2.1777598848012435e-06,-0.1875,0.0,0.125,0.01,0.01,-0.03,0,0.0
327,51000000,738,0.9857098460197449,0.1680268943309784,0.01196279563009739,6.095932621974498e-05,1.0000000249770546,1.000000063649001,0.0,0.0,0.33772873066553083,0.023565386288165166,0.004141480932037335,0.2372893783396458,3.231205374359253e-08,1.8513443069077438e-06,0.0625,-0.0625,0.125,0.0,0.01,-0.05,0,0.0
327,410000000,739,0.9857097864151001,0.1680271178483963,0.011962794698774815,6.097062578191981e-05,1.0000000037706815,1.0000000287477098,0.0,0.0,0.3377291776625836,0.02356537919957642,0.00414150824293552,0.23729094313884655,2.7310898185334276e-08,1.5647992007311528e-06,0.0625,-0.125,0.0625,0.01,0.04,-0.03,0,0.0
327,843000000,740,0.9857097864151001,0.16802732646465302,0.011962794698774815,6.0980233683949336e-05,1.000000038824477,1.0000000425951374,0.0,0.0,0.33772961249640704,0.023565375944453522,0.004141532181859651,0.23729231473816534,2.3938924131189365e-08,1.3715993188010316e-06,-0.0625,0.0625,-0.0625,0.0,0.02,-0.06,0,0.0
328,233000000,741,0.9857082366943359,0.16803638637065887,0.011962776072323322,6.0988302720943466e-05,1.0000000333812473,1.0000000721634836,0.0,0.0,0.3377479956925458,0.023565298307687697,0.004141758461238223,0.23730527959154832,2.262793785713646e-07,1.2964853382982191e-05,-0.0625,0.125,0.0,0.0,0.03,-0.05,0,0.0
328,605000000,742,0.9857069253921509,0.1680440753698349,0.011962760239839554,6.0995160310994834e-05,1.0000000326929572,1.0000000660437856,0.0,0.0,0.33776359850822985,0.02356523246076605,0.004141950511423104,0.2373162832565967,1.9205018488097775e-07,1.1003665048387198e-05,-0.0625,-0.1875,0.125,0.0,0.03,-0.06,0,0.0
328,958000000,743,0.9857073426246643,0.16804172098636627,0.011962764896452427,6.100108294049278e-05,1.0000000483806673,1.0000000810707677,0.0,0.0,0.33775882605854995,0.02356524992494927,0.004141907462786517,0.2373138167514065,-4.3048636586863476e-08,-2.4665051902197386e-06,-0.125,0.0625,-0.125,0.0,0.03,-0.05,0,0.0
329,423000000,744,0.985707700252533,0.1680397242307663,0.011962768621742725,6.1006117903161794e-05,1.0000000654057644,1.0000001137843777,0.0,0.0,0.3377547797340332,0.02356526438095487,0.00414187090188464,0.23731172196603373,-3.656090187716121e-08,-2.0947853727532665e-06,-0.1875,0.0625,0.0625,0.0,0.03,-0.02,0,0.0
329,777000000,745,0.9857079982757568,0.1680380254983902,0.011962772347033024,6.1010396166238934e-05,1.0000000737613435,1.0000001391656255,0.0,0.0,0.33775133537419366,0.023565277628540042,0.00414183997380025,0.2373099499173298,-3.0928084389543475e-08,-1.7720487039452863e-06,0.125,-0.1875,0.0,0.0,0.04,-0.05,0,0.0
330,139000000,746,0.9857082366943359,0.1680365800857544,0.011962775141000748,6.1014034145046026e-05,1.0000000659228776,1.000000139683153,0.0,0.0,0.33774839983323757,0.02356528779747516,0.0041418135249973185,0.23730843451254863,-2.6448802931643145e-08,-1.515404781156391e-06,0.125,0.0,-0.0625,0.0,0.02,-0.04,0,0.0
330,583000000,747,0.9857084155082703,0.1680353432893753,0.011962777934968472,6.1017126427032053e-05,1.0000000343886064,1.000000100310706,0.0,0.0,0.33774587999499894,0.023565296697941676,0.004141790985423145,0.2373071430900765,-2.253957417323177e-08,-1.2914224721482522e-06,0.5,0.0625,-0.125,0.0,0.02,-0.03,0,0.0
330,935000000,748,0.9857085943222046,0.16803430020809174,0.01196277979761362,6.1019753047730774e-05,1.0000000353954874,1.000000069783535,0.0,0.0,0.33774376370665726,0.023565303894780214,0.004141771850309837,0.23730604672884342,-1.913511330810247e-08,-1.0963612330588864e-06,0.0625,-0.1875,0.0625,0.0,0.02,-0.04,0,0.0
331,287000000,749,0.9857087135314941,0.1680334061384201,0.01196278166025877,6.102198676671833e-05,1.000000002689563,1.0000000380846443,0.0,0.0,0.3377419389469534,0.023565309779047045,0.0041417554992783994,0.23730510988375136,-1.6351031437676633e-08,-9.368450920645979e-07,0.0625,-0.1875,0.0,0.0,0.03,-0.04,0,0.0
331,673000000,750,0.9857088327407837,0.16803264617919922,0.01196278352290392,6.102388579165563e-05,0.9999999925193563,0.9999999952086236,0.00019578307200714392,0.011217543726115237,0.33774039357758157,0.023565315759460533,0.004141741697773853,0.2373043191157899,-1.3801504546856469e-08,-7.907679614654915e-07,0.0625,-0.0625,0.125,0.01,0.03,-0.05,0,0.0
332,33000000,751,0.9857089519500732,0.16803200542926788,0.011962784454226494,6.102550105424598e-05,1.0000000023695517,0.9999999948886956,0.00020221383501827875,0.011585999305702104,0.337739096540381,0.023565319984179846,0.004141729876364598,0.23730364179893174,-1.1821409254264559e-08,-6.773168581662531e-07,-0.1875,-0.125,0.0,0.0,0.01,-0.03,0,0.0
332,391000000,752,0.9857090711593628,0.1680314689874649,0.011962785385549068,6.102687257225625e-05,1.0000000297471991,1.0000000321166003,0.0,0.0,0.33773801680679433,0.023565324278105232,0.0041417200706048585,0.23730307997028371,-9.805759739779651e-09,-5.618286480086744e-07,-0.3125,-0.125,-0.0625,0.0,0.02,-0.02,0,0.0
332,800000000,753,0.9857091307640076,0.1680310070514679,0.011962786316871643,6.102804036345333e-05,1.0000000108915752,1.0000000406386664,0.0,0.0,0.3377370733848404,0.0235653272049501,0.004141711638901469,0.23730259686926541,-8.43170338930832e-09,-4.831010183135184e-07,0.0,0.0625,0.0,-0.01,0.02,-0.05,0,0.0
333,153000000,754,0.9857091903686523,0.16803061962127686,0.011962787248194218,6.102902989368886e-05,1.0000000045554112,1.0000000154469098,0.0,0.0,0.33773628517958687,0.023565330182624005,0.004141704638748926,0.23730219579006873,-7.000152543561178e-09,-4.010791966938236e-07,-0.125,0.1875,-0.125,0.0,0.03,-0.02,0,0.0
333,507000000,755,0.9857092499732971,0.1680302768945694,0.011962788179516792,6.10298739047721e-05,1.0000000057309295,1.0000000102862803,0.0,0.0,0.3377355901034747,0.023565333203758466,0.004141698421483144,0.23730183956697928,-6.217265782065828e-09,-3.5622308942347505e-07,-0.125,-0.0625,0.0,0.0,0.01,-0.03,0,0.0
333,929000000,756,0.9857093095779419,0.1680299937725067,0.011962788179516792,6.10305905865971e-05,1.000000016910786,1.0000000226416739,0.0,0.0,0.33773501918609466,0.023565334423882436,0.004141693066339624,0.23730153273985694,-5.355143519597538e-09,-3.068271223597722e-07,0.0,0.25,0.0625,0.0,0.02,-0.03,0,0.0
334,284000000,757,0.9857093691825867,0.1680297553539276,0.011962788179516792,6.1031198129057884e-05,1.0000000356022338,1.0000000525129904,0.0,0.0,0.3377345413985906,0.023565335675236585,0.004141688565823347,0.2373012748792686,-4.5005162773587015e-09,-2.578605883225822e-07,0.1875,0.125,0.125,0.0,0.02,-0.03,0,0.0
334,680000000,758,0.9857093691825867,0.1680295467376709,0.011962788179516792,6.103171472204849e-05,1.000000000548549,1.0000000361507617,0.0,0.0,0.33773410679289356,0.023565335527053873,0.00414168459191151,0.2373010471908922,-3.973911836749333e-09,-2.2768837640281778e-07,-0.0625,0.0625,-0.125,0.01,0.02,-0.04,0,0.0
335,68000000,759,0.9857094287872314,0.16802938282489777,0.011962789110839367,6.1032158555462956e-05,1.0000000317703999,1.0000000323189344,0.0,0.0,0.3377337842371013,0.02356533866087999,0.004141681864891415,0.23730089094415013,-2.727020094982213e-09,-1.562467420898457e-07,0.125,0.0625,0.0,0.01,0.04,-0.04,0,0.0
335,462000000,760,0.9857094287872314,0.16802923381328583,0.011962789110839367,6.103253326728009e-05,1.000000006732105,1.0000000385024945,0.0,0.0,0.3377334738046387,0.02356533855311399,0.00414167903765602,0.2373007289554943,-2.8272353945826834e-09,-1.6198865579959172e-07,-0.0625,0.1875,0.1875,0.0,0.02,-0.06,0,0.0
335,827000000,761,0.9857094883918762,0.16802911460399628,0.011962790042161942,6.103285340941511e-05,1.0000000454654887,1.000000052197586,0.0,0.0,0.3377332443783397,0.023565341723061604,0.00414167713656674,0.2373006200311021,-1.90108927992233e-09,-1.0892439221711426e-07,0.125,0.0,0.125,0.0,0.04,-0.01,0,0.0
336,300000000,762,0.9857094883918762,0.16802901029586792,0.011962790042161942,6.1033122619846836e-05,1.0000000279387087,1.0000000734041934,0.0,0.0,0.3377330270757936,0.023565341645302135,0.004141675171132237,0.23730050742000014,-1.965434503516106e-09,-1.1261110196086323e-07,-0.0625,-0.1875,0.0,-0.01,0.03,-0.05,0,0.0
336,692000000,763,0.9857094883918762,0.16802892088890076,0.011962790042161942,6.103335181251168e-05,1.000000012915763,1.000000040854468,0.0,0.0,0.337732840816444,0.023565341579175354,0.004141673483399558,0.23730041072004068,-1.6877326793063308e-09,-9.66999594705592e-08,0.1875,0.25,0.0,-0.01,0.04,-0.04,0,0.0
337,126000000,764,0.9857094883918762,0.1680288463830948,0.011962790042161942,6.103354462538846e-05,1.0000000003966472,1.0000000133124074,0.0,0.0,0.337732685600368,0.023565341523458315,0.004141672080542615,0.23730033034225861,-1.4028569425908466e-09,-8.037778207108193e-08,-0.0625,-0.25,-0.0625,0.01,0.02,-0.02,0,0.0
337,510000000,765,0.9857094883918762,0.16802877187728882,0.011962790042161942,6.103370833443478e-05,0.9999999878775353,0.9999999882741798,0.0003062785689742791,0.01754846935753267,0.3377325303836417,0.023565341477524607,0.004141670620294358,0.23730024667619642,-1.4602482573816689e-09,-8.366606218930279e-08,0.25,0.1875,0.0,0.0,0.02,-0.03,0,0.0
337,944000000,766,0.985709547996521,0.16802872717380524,0.011962790973484516,6.103385385358706e-05,1.00000003913008,1.0000000270076133,0.0,0.0,0.3377324561738301,0.023565344697075368,0.004141670157930806,0.23730022018471628,-4.623635519590552e-10,-2.649148012793161e-08,0.0625,0.0625,-0.125,0.02,0.02,0.0,0,0.0
338,314000000,767,0.985709547996521,0.16802868247032166,0.011962790973484516,6.1033973906887695e-05,1.000000031618619,1.0000000707486993,0.0,0.0,0.3377323630442886,0.02356534466217773,0.004141669324825269,0.23730017245128512,-8.331055368140938e-10,-4.7733431148428405e-08,0.1875,0.0625,-0.1875,0.0,0.03,-0.05,0,0.0
338,765000000,768,0.985709547996521,0.16802863776683807,0.011962790973484516,6.1034075770294294e-05,1.0000000241071592,1.000000055725778,0.0,0.0,0.3377322699143389,0.023565344633394665,0.0041416684558501565,0.2373001226626787,-8.689751123530653e-10,-4.978860643973717e-08,0.0,-0.125,0.0,0.01,0.03,-0.01,0,0.0
339,115000000,769,0.985709547996521,0.1680285930633545,0.011962790973484516,6.1034163081785664e-05,1.0000000165957001,1.0000000407028586,0.0,0.0,0.33773217678406314,0.023565344609503252,0.0041416675581793854,0.23730007122993213,-8.976707710495191e-10,-5.1432746573391846e-08,0.375,0.4375,0.0,-0.01,0.04,-0.04,0,0.0
339,563000000,770,0.985709547996521,0.1680285632610321,0.011962790973484516,6.1034235841361806e-05,1.0000000115880627,1.0000000281837627,0.0,0.0,0.3377321146975425,0.023565344588684017,0.004141666988427864,0.23730003858557458,-5.697515211358639e-10,-3.264435753224372e-08,0.625,0.0,0.0625,-0.01,0.03,-0.04,0,0.0
340,18000000,771,0.985709547996521,0.16802853345870972,0.011962790973484516,6.1034297687001526e-05,1.0000000065804255,1.000000018168488,0.0,0.0,0.33773205261077666,0.02356534457153351,0.004141666397154598,0.23730000470811188,-5.912732664592468e-10,-3.387746270702898e-08,0.5,-0.1875,0.125,0.0,0.05,-0.01,0,0.0
340,369000000,772,0.985709547996521,0.16802850365638733,0.011962790973484516,6.1034348618704826e-05,1.0000000015727886,1.0000000081532139,0.0,0.0,0.3377319905237654,0.02356534455805174,0.004141665784359588,0.2372999695975441,-6.127950100479063e-10,-3.51105677824219e-08,-0.125,0.0,0.0625,0.0,0.01,-0.04,0,0.0
340,814000000,773,0.985709547996521,0.16802848875522614,0.011962790973484516,6.103439227445051e-05,0.9999999990689715,1.0000000006417602,0.0,0.0,0.337731959480671,0.02356534454519632,0.004141665513831657,0.23729995409743543,-2.705279307860242e-10,-1.550010867444644e-08,0.125,-0.1875,0.0625,0.0,0.03,-0.06,0,0.0
341,196000000,774,0.985709547996521,0.16802847385406494,0.011962790973484516,6.103443229221739e-05,0.9999999965651545,0.999999995634126,0.00018688764536665565,0.010707873322647023,0.3377319284374946,0.02356534453356381,0.004141665236129811,0.2372999381862917,-2.777018458938185e-10,-1.591114373270819e-08,0.125,-0.3125,0.0,0.01,0.02,-0.04,0,0.0
341,631000000,775,0.985709547996521,0.16802845895290375,0.011962790973484516,6.103446503402665e-05,0.9999999940613372,0.9999999906264917,0.0002738394904687452,0.015689847067872034,0.3377318973941542,0.023565344524377113,0.004141664944080136,0.2372999214530779,-2.920496752420454e-10,-1.673321379953553e-08,0.125,-0.0625,0.0625,0.0,0.05,-0.05,0,0.0
342,50000000,776,0.985709547996521,0.16802844405174255,0.011962790973484516,6.103449413785711e-05,0.99999999155752,0.9999999856188572,0.00033918894871870226,0.019434095219060952,0.337731866350732,0.023565344516413327,0.004141664644856545,0.237299904308829,-2.9922359121720143e-10,-1.714424890749345e-08,-0.4375,0.125,0.0,0.0,0.04,-0.02,0,0.0
342,408000000,777,0.985709547996521,0.16802842915058136,0.011962790973484516,6.103451596572995e-05,0.9999999890537025,0.9999999806112224,0.00039384034984856755,0.02256538984827873,0.3377318353071458,0.023565344510895363,0.004141664331285125,0.23729988634251006,-3.1357141969806657e-10,-1.7966318924624622e-08,0.0,0.125,0.0625,0.01,0.02,-0.03,0,0.0
342,862000000,778,0.985709547996521,0.16802842915058136,0.011962790973484516,6.103453415562399e-05,0.9999999890537036,0.9999999781074062,0.0004184982095900842,0.02397818114329318,0.3377318353075565,0.023565344504780823,0.0041416643671547,0.23729988839768532,3.586957467160978e-11,2.0551752416125963e-09,0.25,-0.0625,-0.0625,-0.01,0.03,-0.06,0,0.0
343,212000000,779,0.985709547996521,0.16802842915058136,0.011962790973484516,6.103455234551802e-05,0.9999999890537047,0.9999999781074084,0.0004184981883670914,0.023978179927305263,0.33773183530796724,0.023565344498666287,0.0041416644030242734,0.23729989045286048,3.5869573804248045e-11,2.0551751919164296e-09,0.0625,-0.1875,-0.1875,0.0,0.02,-0.08,0,0.0
343,657000000,780,0.985709547996521,0.16802842915058136,0.011962790973484516,6.103456689743325e-05,0.9999999890537056,0.9999999781074104,0.000418498169266397,0.02397817883291609,0.33773183530829587,0.023565344493774655,0.004141664431719933,0.23729989209700067,2.869565956381548e-11,1.6441401833508438e-09,-0.25,-0.125,0.1875,0.0,0.03,-0.04,0,0.0
344,200000000,781,0.985709547996521,0.16802842915058136,0.011962790973484516,6.103457781136967e-05,0.9999999890537062,0.9999999781074119,0.00041849815441030074,0.023978177981724472,0.3377318353085423,0.023565344490105937,0.004141664453241678,0.23729989333010584,2.1521745323382913e-11,1.233105174785258e-09,-0.125,-0.0625,0.0,-0.01,0.05,-0.03,0,0.0
344,548000000,782,0.985709547996521,0.16802842915058136,0.011962790973484516,6.1034588725306094e-05,0.9999999890537069,0.9999999781074133,0.0004184981416765035,0.02397817725213163,0.33773183530878875,0.023565344486437212,0.004141664474763423,0.237299894563211,2.1521744456021175e-11,1.233105125089091e-09,-0.0625,0.0,-0.0625,0.0,0.05,-0.03,0,0.0
344,997000000,783,0.985709547996521,0.16802842915058136,0.011962790973484516,6.103459600126371e-05,0.9999999890537073,0.9999999781074144,0.00041849813106500553,0.023978176644137584,0.337731835308953,0.0235653444839914,0.004141664489111252,0.23729989538528104,1.434782934822687e-11,8.220700668273385e-10,-0.125,0.125,0.0,0.0,0.03,0.0,0,0.0
345,350000000,784,0.985709547996521,0.16802842915058136,0.011962790973484516,6.103460327722132e-05,0.9999999890537078,0.9999999781074153,0.00041849812257580693,0.023978176157742333,0.3377318353091173,0.023565344481545587,0.004141664503459082,0.23729989620735117,1.4347830215588608e-11,8.220701165235053e-10,0.375,0.0625,0.0625,-0.01,0.02,-0.03,0,0.0
345,805000000,785,0.985709547996521,0.16802842915058136,0.011962790973484516,6.1034610553178936e-05,0.9999999890537082,0.9999999781074161,0.00041849811408660817,0.023978175671347073,0.33773183530928164,0.02356534447909977,0.004141664517806912,0.23729989702942123,1.434782934822687e-11,8.220700668273385e-10,0.0,0.0,0.0,0.0,0.01,-0.03,0,0.0
346,250000000,786,0.985709547996521,0.16802842915058136,0.011962790973484516,6.103461782913655e-05,0.9999999890537087,0.999999978107417,0.00041849810559740924,0.0239781751849518,0.3377318353094459,0.023565344476653954,0.004141664532154742,0.23729989785149133,1.4347830215588608e-11,8.220701165235053e-10,0.375,-0.0625,0.0625,0.0,0.04,-0.05,0,0.0
346,739000000,787,0.985709547996521,0.16802842915058136,0.011962790973484516,6.103462146711536e-05,0.9999999890537089,0.9999999781074177,0.00041849809923050993,0.023978174820155344,0.33773183530952805,0.023565344475431047,0.004141664539328657,0.2372998982625264,7.173915107794304e-12,4.1103505826175266e-10,-0.1875,0.125,-0.0625,0.0,0.03,-0.04,0,0.0
347,135000000,788,0.985709547996521,0.16802842915058136,0.011962790973484516,6.1034625105094165e-05,0.9999999890537091,0.9999999781074181,0.00041849809498591036,0.023978174576957702,0.3377318353096102,0.023565344474208143,0.004141664546502571,0.2372998986735614,7.173914240432566e-12,4.1103500856558575e-10,-0.0625,-0.0625,-0.1875,0.0,0.02,-0.01,0,0.0
347,528000000,789,0.985709547996521,0.16802842915058136,0.011962790973484516,6.103462874307297e-05,0.9999999890537093,0.9999999781074186,0.00041849809074131074,0.02397817433376006,0.33773183530969236,0.023565344472985236,0.004141664553676486,0.23729989908459648,7.173915107794304e-12,4.1103505826175266e-10,0.0,0.125,0.1875,0.01,0.01,-0.02,0,0.0
347,900000000,790,0.985709547996521,0.16802842915058136,0.011962790973484516,6.103463238105178e-05,0.9999999890537096,0.999999978107419,0.00041849808649671106,0.02397817409056241,0.3377318353097745,0.023565344471762326,0.0041416645608504015,0.23729989949563152,7.173915107794304e-12,4.1103505826175266e-10,0.0,0.25,0.0625,0.0,0.02,-0.03,0,0.0
348,262000000,791,0.985709547996521,0.16802842915058136,0.011962790973484516,6.1034636019030586e-05,0.9999999890537098,0.9999999781074195,0.0004184980822521113,0.02397817384736476,0.3377318353098566,0.02356534447053942,0.004141664568024317,0.23729989990666658,7.173915107794304e-12,4.1103505826175266e-10,0.25,0.1875,0.0625,-0.01,0.0,-0.05,0,0.0
348,643000000,792,0.985709547996521,0.16802842915058136,0.011962790973484516,6.1034636019030586e-05,0.9999999890537098,0.9999999781074197,0.0004184980801298114,0.023978173725765935,0.3377318353098566,0.02356534447053942,0.004141664568024317,0.23729989990666658,0.0,0.0,-0.125,0.0625,0.0,-0.01,0.03,-0.04,0,0.0
348,998000000,793,0.985709547996521,0.16802842915058136,0.011962790973484516,6.1034636019030586e-05,0.9999999890537098,0.9999999781074197,0.0004184980801298114,0.023978173725765935,0.3377318353098566,0.02356534447053942,0.004141664568024317,0.23729989990666658,0.0,0.0,0.375,0.0,0.0,0.0,0.06,-0.03,0,0.0
349,391000000,794,0.985709547996521,0.16802842915058136,0.011962790973484516,6.1034636019030586e-05,0.9999999890537098,0.9999999781074197,0.0004184980801298114,0.023978173725765935,0.3377318353098566,0.02356534447053942,0.004141664568024317,0.23729989990666658,0.0,0.0,0.125,0.125,0.0625,-0.01,0.05,-0.03,0,0.0
349,829000000,795,0.985709547996521,0.16802842915058136,0.011962790973484516,6.1034636019030586e-05,0.9999999890537098,0.9999999781074197,0.0004184980801298114,0.023978173725765935,0.3377318353098566,0.02356534447053942,0.004141664568024317,0.23729989990666658,0.0,0.0,0.5,0.1875,0.0,0.0,0.01,-0.06,0,0.0
350,179000000,796,0.985709547996521,0.16802842915058136,0.011962790973484516,6.1034636019030586e-05,0.9999999890537098,0.9999999781074197,0.0004184980801298114,0.023978173725765935,0.3377318353098566,0.02356534447053942,0.004141664568024317,0.23729989990666658,0.0,0.0,-0.0625,0.0625,-0.0625,0.0,0.05,-0.02,0,0.0
350,645000000,797,0.985709547996521,0.16802842915058136,0.011962790973484516,6.1034636019030586e-05,0.9999999890537098,0.9999999781074197,0.0004184980801298114,0.023978173725765935,0.3377318353098566,0.02356534447053942,0.004141664568024317,0.23729989990666658,0.0,0.0,0.1875,-0.125,-0.125,0.0,0.05,-0.05,0,0.0
350,997000000,798,0.985709547996521,0.16802842915058136,0.011962790973484516,6.1034636019030586e-05,0.9999999890537098,0.9999999781074197,0.0004184980801298114,0.023978173725765935,0.3377318353098566,0.02356534447053942,0.004141664568024317,0.23729989990666658,0.0,0.0,0.25,0.0,0.125,0.0,0.01,-0.04,0,0.0
351,446000000,799,0.985709547996521,0.16802842915058136,0.011962790973484516,6.1034636019030586e-05,0.9999999890537098,0.9999999781074197,0.0004184980801298114,0.023978173725765935,0.3377318353098566,0.02356534447053942,0.004141664568024317,0.23729989990666658,0.0,0.0,0.0625,0.25,0.0,0.0,0.03,-0.06,0,0.0
351,801000000,800,0.985709547996521,0.16802842915058136,0.011962790973484516,6.1034636019030586e-05,0.9999999890537098,0.9999999781074197,0.0004184980801298114,0.023978173725765935,0.3377318353098566,0.02356534447053942,0.004141664568024317,0.23729989990666658,0.0,0.0,-0.25,0.1875,0.1875,0.01,0.05,-0.02,0,0.0
352,214000000,801,0.985709547996521,0.16802842915058136,0.011962790973484516,6.1034636019030586e-05,0.9999999890537098,0.9999999781074197,0.0004184980801298114,0.023978173725765935,0.3377318353098566,0.02356534447053942,0.004141664568024317,0.23729989990666658,0.0,0.0,0.375,0.0625,-0.0625,-0.01,0.04,-0.04,0,0.0
352,666000000,802,0.985709547996521,0.16802842915058136,0.011962790973484516,6.1034636019030586e-05,0.9999999890537098,0.9999999781074197,0.0004184980801298114,0.023978173725765935,0.3377318353098566,0.02356534447053942,0.004141664568024317,0.23729989990666658,0.0,0.0,-0.0625,-0.0625,0.0625,0.0,0.02,-0.05,0,0.0
353,13000000,803,0.985709547996521,0.16802842915058136,0.011962790973484516,6.1034636019030586e-05,0.9999999890537098,0.9999999781074197,0.0004184980801298114,0.023978173725765935,0.3377318353098566,0.02356534447053942,0.004141664568024317,0.23729989990666658,0.0,0.0,-0.25,-0.1875,0.0,0.0,0.04,-0.03,0,0.0
353,385000000,804,0.985709547996521,0.16802842915058136,0.011962790973484516,6.1034636019030586e-05,0.9999999890537098,0.9999999781074197,0.0004184980801298114,0.023978173725765935,0.3377318353098566,0.02356534447053942,0.004141664568024317,0.23729989990666658,0.0,0.0,-0.125,0.0,0.0,0.0,0.01,-0.01,0,0.0
353,737000000,805,0.985709547996521,0.16802842915058136,0.011962790973484516,6.1034636019030586e-05,0.9999999890537098,0.9999999781074197,0.0004184980801298114,0.023978173725765935,0.3377318353098566,0.02356534447053942,0.004141664568024317,0.23729989990666658,0.0,0.0,0.125,-0.125,0.0,0.02,0.03,-0.04,0,0.0
354,100000000,806,0.985709547996521,0.16802842915058136,0.011962790973484516,6.1034636019030586e-05,0.9999999890537098,0.9999999781074197,0.0004184980801298114,0.023978173725765935,0.3377318353098566,0.02356534447053942,0.004141664568024317,0.23729989990666658,0.0,0.0,-0.0625,-0.0625,0.0625,0.0,0.03,-0.05,0,0.0
354,450000000,807,0.985709547996521,0.16802842915058136,0.011962790973484516,6.1034636019030586e-05,0.9999999890537098,0.9999999781074197,0.0004184980801298114,0.023978173725765935,0.3377318353098566,0.02356534447053942,0.004141664568024317,0.23729989990666658,0.0,0.0,-0.25,0.0,0.0,0.0,0.02,-0.03,0,0.0
354,802000000,808,0.985709547996521,0.16802842915058136,0.011962790973484516,6.1034636019030586e-05,0.9999999890537098,0.9999999781074197,0.0004184980801298114,0.023978173725765935,0.3377318353098566,0.02356534447053942,0.004141664568024317,0.23729989990666658,0.0,0.0,-0.125,0.125,0.0625,0.0,0.03,-0.03,0,0.0
355,250000000,809,0.985709547996521,0.16802842915058136,0.011962790973484516,6.1034636019030586e-05,0.9999999890537098,0.9999999781074197,0.0004184980801298114,0.023978173725765935,0.3377318353098566,0.02356534447053942,0.004141664568024317,0.23729989990666658,0.0,0.0,0.25,0.0,0.1875,0.0,0.01,-0.04,0,0.0
355,634000000,810,0.985709547996521,0.16802842915058136,0.011962790973484516,6.1034636019030586e-05,0.9999999890537098,0.9999999781074197,0.0004184980801298114,0.023978173725765935,0.3377318353098566,0.02356534447053942,0.004141664568024317,0.23729989990666658,0.0,0.0,-0.0625,-0.125,0.1875,0.0,0.01,-0.04,0,0.0
355,986000000,811,0.985709547996521,0.16802842915058136,0.011962790973484516,6.1034636019030586e-05,0.9999999890537098,0.9999999781074197,0.0004184980801298114,0.023978173725765935,0.3377318353098566,0.02356534447053942,0.004141664568024317,0.23729989990666658,0.0,0.0,-0.1875,0.125,0.125,0.0,0.04,-0.04,0,0.0
356,459000000,812,0.985709547996521,0.16802842915058136,0.011962790973484516,6.1034636019030586e-05,0.9999999890537098,0.9999999781074197,0.0004184980801298114,0.023978173725765935,0.3377318353098566,0.02356534447053942,0.004141664568024317,0.23729989990666658,0.0,0.0,0.375,0.0,-0.125,0.0,0.04,-0.02,0,0.0
356,822000000,813,0.985709547996521,0.16802842915058136,0.011962790973484516,6.1034636019030586e-05,0.9999999890537098,0.9999999781074197,0.0004184980801298114,0.023978173725765935,0.3377318353098566,0.02356534447053942,0.004141664568024317,0.23729989990666658,0.0,0.0,0.1875,0.0,0.125,0.01,0.04,-0.04,0,0.0
357,277000000,814,0.985709547996521,0.16802842915058136,0.011962790973484516,6.1034636019030586e-05,0.9999999890537098,0.9999999781074197,0.0004184980801298114,0.023978173725765935,0.3377318353098566,0.02356534447053942,0.004141664568024317,0.23729989990666658,0.0,0.0,-0.375,0.125,0.0,0.0,0.03,-0.04,0,0.0
357,683000000,815,0.985709547996521,0.16802842915058136,0.011962790973484516,6.1034636019030586e-05,0.9999999890537098,0.9999999781074197,0.0004184980801298114,0.023978173725765935,0.3377318353098566,0.02356534447053942,0.004141664568024317,0.23729989990666658,0.0,0.0,-0.125,-0.0625,-0.0625,0.0,0.02,-0.05,0,0.0
358,32000000,816,0.985709547996521,0.16802842915058136,0.011962790973484516,6.1034636019030586e-05,0.9999999890537098,0.9999999781074197,0.0004184980801298114,0.023978173725765935,0.3377318353098566,0.02356534447053942,0.004141664568024317,0.23729989990666658,0.0,0.0,-0.1875,-0.125,0.0,0.02,0.02,-0.05,0,0.0
358,408000000,817,0.985709547996521,0.16802842915058136,0.011962790973484516,6.1034636019030586e-05,0.9999999890537098,0.9999999781074197,0.0004184980801298114,0.023978173725765935,0.3377318353098566,0.02356534447053942,0.004141664568024317,0.23729989990666658,0.0,0.0,-0.0625,0.0625,0.0,-0.01,0.01,-0.02,0,0.0
358,785000000,818,0.985709547996521,0.16802842915058136,0.011962790973484516,6.1034636019030586e-05,0.9999999890537098,0.9999999781074197,0.0004184980801298114,0.023978173725765935,0.3377318353098566,0.02356534447053942,0.004141664568024317,0.23729989990666658,0.0,0.0,-0.125,0.25,-0.1875,-0.01,0.03,-0.05,0,0.0
359,162000000,819,0.985709547996521,0.16802842915058136,0.011962790973484516,6.1034636019030586e-05,0.9999999890537098,0.9999999781074197,0.0004184980801298114,0.023978173725765935,0.3377318353098566,0.02356534447053942,0.004141664568024317,0.23729989990666658,0.0,0.0,-0.125,0.0625,0.0,0.02,0.05,-0.04,0,0.0
359,528000000,820,0.985709547996521,0.16802842915058136,0.011962790973484516,6.1034636019030586e-05,0.9999999890537098,0.9999999781074197,0.0004184980801298114,0.023978173725765935,0.3377318353098566,0.02356534447053942,0.004141664568024317,0.23729989990666658,0.0,0.0,0.375,-0.0625,0.0625,0.01,0.02,-0.04,0,0.0
359,877000000,821,0.985709547996521,0.16802842915058136,0.011962790973484516,6.1034636019030586e-05,0.9999999890537098,0.9999999781074197,0.0004184980801298114,0.023978173725765935,0.3377318353098566,0.02356534447053942,0.004141664568024317,0.23729989990666658,0.0,0.0,0.3125,0.0,0.0,0.0,0.05,-0.03,0,0.0
360,230000000,822,0.985709547996521,0.16802842915058136,0.011962790973484516,6.1034636019030586e-05,0.9999999890537098,0.9999999781074197,0.0004184980801298114,0.023978173725765935,0.3377318353098566,0.02356534447053942,0.004141664568024317,0.23729989990666658,0.0,0.0,0.0625,-0.3125,0.0,-0.02,0.02,-0.05,0,0.0
360,584000000,823,0.985709547996521,0.16802842915058136,0.011962790973484516,6.1034636019030586e-05,0.9999999890537098,0.9999999781074197,0.0004184980801298114,0.023978173725765935,0.3377318353098566,0.02356534447053942,0.004141664568024317,0.23729989990666658,0.0,0.0,-0.1875,0.125,-0.125,0.0,0.02,-0.02,0,0.0
360,966000000,824,0.985709547996521,0.16802842915058136,0.011962790973484516,6.1034636019030586e-05,0.9999999890537098,0.9999999781074197,0.0004184980801298114,0.023978173725765935,0.3377318353098566,0.02356534447053942,0.004141664568024317,0.23729989990666658,0.0,0.0,-0.125,0.0,0.0625,0.0,0.04,-0.05,0,0.0
361,329000000,825,0.985709547996521,0.16802842915058136,0.011962790973484516,6.1034636019030586e-05,0.9999999890537098,0.9999999781074197,0.0004184980801298114,0.023978173725765935,0.3377318353098566,0.02356534447053942,0.004141664568024317,0.23729989990666658,0.0,0.0,-0.125,0.0,-0.0625,0.03,0.04,-0.06,0,0.0
361,782000000,826,0.985709547996521,0.16802842915058136,0.011962790973484516,6.1034636019030586e-05,0.9999999890537098,0.9999999781074197,0.0004184980801298114,0.023978173725765935,0.3377318353098566,0.02356534447053942,0.004141664568024317,0.23729989990666658,0.0,0.0,0.1875,-0.0625,-0.125,-0.01,0.01,-0.02,0,0.0
362,265000000,827,0.985709547996521,0.16802842915058136,0.011962790973484516,6.1034636019030586e-05,0.9999999890537098,0.9999999781074197,0.0004184980801298114,0.023978173725765935,0.3377318353098566,0.02356534447053942,0.004141664568024317,0.23729989990666658,0.0,0.0,0.125,-0.1875,0.0,0.01,0.03,-0.03,0,0.0
362,619000000,828,0.985709547996521,0.16802842915058136,0.011962790973484516,6.1034636019030586e-05,0.9999999890537098,0.9999999781074197,0.0004184980801298114,0.023978173725765935,0.3377318353098566,0.02356534447053942,0.004141664568024317,0.23729989990666658,0.0,0.0,0.1875,-0.0625,0.0625,0.0,0.03,-0.04,0,0.0
362,969000000,829,0.985709547996521,0.16802842915058136,0.011962790973484516,6.1034636019030586e-05,0.9999999890537098,0.9999999781074197,0.0004184980801298114,0.023978173725765935,0.3377318353098566,0.02356534447053942,0.004141664568024317,0.23729989990666658,0.0,0.0,-0.25,0.0625,0.0625,0.0,0.04,-0.02,0,0.0
363,323000000,830,0.985709547996521,0.16802842915058136,0.011962790973484516,6.1034636019030586e-05,0.9999999890537098,0.9999999781074197,0.0004184980801298114,0.023978173725765935,0.3377318353098566,0.02356534447053942,0.004141664568024317,0.23729989990666658,0.0,0.0,0.0625,0.0,0.0,0.0,0.04,-0.02,0,0.0
363,681000000,831,0.985709547996521,0.16802842915058136,0.011962790973484516,6.1034636019030586e-05,0.9999999890537098,0.9999999781074197,0.0004184980801298114,0.023978173725765935,0.3377318353098566,0.02356534447053942,0.004141664568024317,0.23729989990666658,0.0,0.0,0.0,-0.125,0.0,0.0,0.04,-0.05,0,0.0
364,140000000,832,0.985709547996521,0.16802842915058136,0.011962790973484516,6.1034636019030586e-05,0.9999999890537098,0.9999999781074197,0.0004184980801298114,0.023978173725765935,0.3377318353098566,0.02356534447053942,0.004141664568024317,0.23729989990666658,0.0,0.0,-0.0625,0.0,0.0,0.0,0.02,-0.02,0,0.0
364,507000000,833,0.985709547996521,0.16802842915058136,0.011962790973484516,6.1034636019030586e-05,0.9999999890537098,0.9999999781074197,0.0004184980801298114,0.023978173725765935,0.3377318353098566,0.02356534447053942,0.004141664568024317,0.23729989990666658,0.0,0.0,-0.0625,-0.125,-0.0625,0.0,0.04,-0.03,0,0.0
364,957000000,834,0.985709547996521,0.16802842915058136,0.011962790973484516,6.1034636019030586e-05,0.9999999890537098,0.9999999781074197,0.0004184980801298114,0.023978173725765935,0.3377318353098566,0.02356534447053942,0.004141664568024317,0.23729989990666658,0.0,0.0,0.1875,0.0,0.0625,0.0,0.03,-0.06,0,0.0
365,392000000,835,0.985709547996521,0.16802842915058136,0.011962790973484516,6.1034636019030586e-05,0.9999999890537098,0.9999999781074197,0.0004184980801298114,0.023978173725765935,0.3377318353098566,0.02356534447053942,0.004141664568024317,0.23729989990666658,0.0,0.0,0.0625,0.125,0.0,0.0,0.03,-0.05,0,0.0
365,741000000,836,0.985709547996521,0.16802842915058136,0.011962790973484516,6.1034636019030586e-05,0.9999999890537098,0.9999999781074197,0.0004184980801298114,0.023978173725765935,0.3377318353098566,0.02356534447053942,0.004141664568024317,0.23729989990666658,0.0,0.0,0.125,0.0625,0.0625,-0.01,0.02,-0.03,0,0.0
366,106000000,837,0.985709547996521,0.16802842915058136,0.011962790973484516,6.1034636019030586e-05,0.9999999890537098,0.9999999781074197,0.0004184980801298114,0.023978173725765935,0.3377318353098566,0.02356534447053942,0.004141664568024317,0.23729989990666658,0.0,0.0,-0.1875,0.1875,0.0,-0.01,0.03,-0.03,0,0.0
366,494000000,838,0.985709547996521,0.16802842915058136,0.011962790973484516,6.1034636019030586e-05,0.9999999890537098,0.9999999781074197,0.0004184980801298114,0.023978173725765935,0.3377318353098566,0.02356534447053942,0.004141664568024317,0.23729989990666658,0.0,0.0,0.125,-0.0625,-0.0625,0.0,0.02,-0.02,0,0.0
366,852000000,839,0.985709547996521,0.16802842915058136,0.011962790973484516,6.1034636019030586e-05,0.9999999890537098,0.9999999781074197,0.0004184980801298114,0.023978173725765935,0.3377318353098566,0.02356534447053942,0.004141664568024317,0.23729989990666658,0.0,0.0,0.0625,-0.1875,-0.0625,0.01,0.03,-0.03,0,0.0
367,206000000,840,0.985709547996521,0.16802842915058136,0.011962790973484516,6.1034636019030586e-05,0.9999999890537098,0.9999999781074197,0.0004184980801298114,0.023978173725765935,0.3377318353098566,0.02356534447053942,0.004141664568024317,0.23729989990666658,0.0,0.0,0.125,0.1875,0.125,0.0,0.05,-0.04,0,0.0
367,641000000,841,0.9857080578804016,0.16803734004497528,0.011962773278355598,6.1034548707539216e-05,1.0000000173447345,1.0000000063576322,0.0,0.0,0.3377499268057817,0.02356527285589483,0.004141871517626627,0.23731175724545092,2.0694960231083803e-07,1.1857338784321848e-05,0.0,0.125,-0.0625,0.0,0.01,-0.04,0,0.0
368,32000000,842,0.9857067465782166,0.16804489493370056,0.01196275744587183,6.103446867200546e-05,0.999999994127003,1.0000000114423395,0.0,0.0,0.337765250070742,0.023565209356951576,0.004142046677472339,0.23732179316535032,1.7515984571114807e-07,1.0035919899411457e-05,-0.0625,0.0,0.0625,0.0,0.03,-0.02,0,0.0
368,385000000,843,0.9857056736946106,0.1680513173341751,0.011962744407355785,6.103440318838693e-05,1.0000000156952258,1.0000000098010298,0.0,0.0,0.33777828966961443,0.023565157206934768,0.004142195731891698,0.23733033335449738,1.490544193592791e-07,8.540189147059765e-06,-0.25,0.1875,0.125,0.01,0.02,-0.03,0,0.0
368,846000000,844,0.9857047200202942,0.16805677115917206,0.01196273323148489,6.103434498072602e-05,0.9999999920571458,1.000000007737045,0.0,0.0,0.33778934924907716,0.02356511169878056,0.004142322261623948,0.2373375829741382,1.2652973224985126e-07,7.2496196408368195e-06,-0.0625,-0.125,-0.25,0.0,0.03,-0.02,0,0.0
369,201000000,845,0.9857039451599121,0.16806140542030334,0.01196272298693657,6.1034297687001526e-05,1.000000006981055,0.9999999990271626,8.821960627332803e-05,0.005054611109767537,0.33779875813541693,0.023565072402989162,0.004142429534068171,0.23734372923245028,1.0727244422348986e-07,6.146258312058496e-06,-0.1875,-0.125,0.0625,0.0,0.02,-0.03,0,0.0
369,563000000,846,0.9857032895088196,0.16806535422801971,0.011962714605033398,6.103425766923465e-05,1.0000000242530995,1.0000000312261434,0.0,0.0,0.3378067768301042,0.02356503971445536,0.004142521057677414,0.23734897314898568,9.152360924257613e-08,5.243916535404145e-06,-0.0625,0.0,0.0,-0.01,0.03,-0.03,0,0.0
369,909000000,847,0.9857026934623718,0.16806870698928833,0.0119627071544528,6.103422128944658e-05,1.0000000001278326,1.0000000243751341,0.0,0.0,0.33781357267234796,0.023565010360485656,0.004142598644431981,0.2373534185425685,7.758675456704528e-08,4.445393582809059e-06,0.0625,0.125,-0.125,0.0,0.0,-0.03,0,0.0
370,280000000,848,0.9857022166252136,0.16807155311107635,0.011962701566517353,6.103419218561612e-05,1.0000000083894856,1.0000000085131542,0.0,0.0,0.3378193508490954,0.023564987591918263,0.004142664761828811,0.23735720679035924,6.611739683005935e-08,3.7882477907540486e-06,-0.0625,0.0,-0.0625,-0.01,0.03,-0.04,0,0.0
370,642000000,849,0.9856985211372375,0.16809327900409698,0.01196276769042015,6.103453051764518e-05,1.0000000182772575,1.0000000264239055,0.0,0.0,0.3378634429187626,0.023565026777437267,0.004143207167479502,0.2373882843449279,5.424056506910663e-07,3.107755456864528e-05,0.0,0.0,0.0625,0.0,0.03,-0.03,0,0.0
371,99000000,850,0.9856953620910645,0.16811175644397736,0.011962823569774628,6.103481791797094e-05,1.000000011187762,1.0000000292893205,0.0,0.0,0.3379009374846038,0.02356505901240269,0.00414366835419735,0.23741470839742806,4.611867178479917e-07,2.642405250018064e-05,0.3125,-0.0625,0.125,0.02,0.02,-0.03,0,0.0
371,470000000,851,0.9856926798820496,0.16812746226787567,0.011962871067225933,6.1035061662551016e-05,1.0000000083755711,1.0000000194363987,0.0,0.0,0.3379328089941631,0.023565086483058908,0.004144060365441195,0.23743716898722209,3.920112438453652e-07,2.2460589794013194e-05,0.0,-0.0625,0.0625,0.02,0.03,-0.05,0,0.0
371,923000000,852,0.9856904149055481,0.16814081370830536,0.011962912045419216,6.103527266532183e-05,1.0000000211305364,1.0000000294144116,0.0,0.0,0.33795990775275864,0.023565111381584465,0.004144393826103601,0.23745627487581156,3.3346066240572125e-07,1.9105888589484584e-05,-0.25,0.0625,0.0625,-0.01,0.03,0.0,0,0.0
372,286000000,853,0.9856884479522705,0.16815215349197388,0.011962946504354477,6.103544728830457e-05,0.999999989482468,1.0000000105467743,0.0,0.0,0.33798290991858704,0.023565130814570606,0.0041446769156036935,0.23747249470939133,2.8308950009246076e-07,1.6219833579766328e-05,0.0,0.375,-0.1875,0.0,0.04,-0.03,0,0.0
372,681000000,854,0.9856868386268616,0.1681618094444275,0.01196297723799944,6.103560735937208e-05,1.000000027273791,1.0000000167083454,0.0,0.0,0.3380025174171894,0.02356515167076593,0.004144918469535534,0.23748633473021058,2.41553931840284e-07,1.3840020819239027e-05,0.0625,0.0,0.0625,0.0,0.03,-0.02,0,0.0
373,52000000,855,0.985685408115387,0.1681700050830841,0.011963002383708954,6.103573105065152e-05,0.9999999957663173,1.000000023005501,0.0,0.0,0.3380191391250436,0.023565165977849804,0.004145123144795329,0.2374980617587676,2.046752597953047e-07,1.1727028557014622e-05,0.0,0.0,-0.125,0.0,0.04,-0.03,0,0.0
373,408000000,856,0.9856842160224915,0.16817696392536163,0.01196302380412817,6.103584019001573e-05,0.999999991287469,0.9999999870288627,0.00032213211331287973,0.018456810538458008,0.338033259657408,0.023565178800742465,0.004145296967581569,0.23750802107080235,1.7382278624019504e-07,9.959312034767854e-06,0.1875,-0.0625,-0.0625,0.0,0.03,-0.05,0,0.0
373,778000000,857,0.985683262348175,0.16818289458751678,0.011963042430579662,6.103593477746472e-05,1.000000048907378,1.0000000401768068,0.0,0.0,0.3380453136607355,0.023565191950517417,0.004145445243827224,0.23751651667388043,1.482762456549852e-07,8.495603078075664e-06,0.0,0.0625,0.0625,-0.03,0.02,-0.05,0,0.0
374,172000000,858,0.9856823682785034,0.1681879311800003,0.011963057331740856,6.103601481299847e-05,1.0000000148979227,1.0000000637922184,0.0,0.0,0.3380555237664894,0.023565199294845136,0.004145570847546323,0.23752371323687596,1.2560371909914325e-07,7.196562995527638e-06,-0.125,0.0,0.0625,0.0,0.03,-0.03,0,0.0
374,605000000,859,0.9856834411621094,0.16818179190158844,0.011962980031967163,6.103562191128731e-05,1.0000000389624988,1.0000000538409983,0.0,0.0,0.3380430719885902,0.023565073425212378,0.004145397252012693,0.23751376694545662,-1.7359553363023583e-07,-9.94629141933386e-06,-0.0625,-0.125,0.0,-0.01,0.02,-0.01,0,0.0
374,960000000,860,0.985684335231781,0.1681765764951706,0.01196291483938694,6.103528721723706e-05,1.0000000423298565,1.000000081278355,0.0,0.0,0.33803248853901013,0.02356496701776078,0.004145249937444476,0.23750532644243702,-1.4731456821678174e-07,-8.44050301961365e-06,0.0,0.0,-0.1875,0.0,0.02,-0.04,0,0.0
375,315000000,861,0.9856851100921631,0.16817213594913483,0.011962858960032463,6.10350034548901e-05,1.00000005864343,1.000000100963128,0.0,0.0,0.33802348182057435,0.023564876010277503,0.004145124389319498,0.23749813306474996,-1.2554812497869022e-07,-7.193377687059938e-06,0.0,0.125,0.0625,0.0,0.03,-0.04,0,0.0
375,705000000,862,0.9856857657432556,0.16816836595535278,0.011962811462581158,6.1034763348288834e-05,1.0000000703401442,1.0000001289762557,0.0,0.0,0.3380158344882711,0.02356479858153996,0.004145017782966517,0.23749202497065489,-1.0660635298056359e-07,-6.108094095068198e-06,-0.0625,-0.25,0.0625,0.0,0.04,-0.01,0,0.0
376,148000000,863,0.9856863021850586,0.1681651622056961,0.01196277141571045,6.103455962147564e-05,1.0000000598600405,1.0000001301949122,0.0,0.0,0.33800932919964255,0.02356473291030745,0.004144927293855861,0.2374868403265224,-9.048911065595577e-08,-5.18464413247855e-06,-0.25,-0.1875,0.125,0.0,0.04,-0.03,0,0.0
376,634000000,864,0.9856867790222168,0.16816243529319763,0.011962737888097763,6.1034384998492897e-05,1.0000000709029508,1.0000001307591635,0.0,0.0,0.33800379857770435,0.023564678599969604,0.004144850461462529,0.23748243815465458,-7.683239333210884e-08,-4.402171867818925e-06,0.25,0.25,0.0,0.01,0.04,-0.05,0,0.0
377,6000000,865,0.985685408115387,0.16817054152488708,0.011962798424065113,6.10346942266915e-05,1.0000000835398661,1.000000154409026,0.0,0.0,0.3380202535010556,0.02356476406941627,0.00414506527970717,0.2374947463334349,2.1481824464056332e-07,1.2308178780313094e-05,-0.0625,0.0625,-0.0625,0.0,0.02,-0.03,0,0.0
377,457000000,866,0.9856842160224915,0.16817742586135864,0.011962849646806717,6.103495616116561e-05,1.00000006689108,1.000000150406543,0.0,0.0,0.3380342192857107,0.023564835618172957,0.004145247650662097,0.23750519541945797,1.823709549269789e-07,1.0449086023086459e-05,0.25,0.0625,0.0625,0.01,0.02,-0.04,0,0.0
377,861000000,867,0.9856832027435303,0.16818328201770782,0.011962893418967724,6.103517807787284e-05,1.0000000535326175,1.0000001204060394,0.0,0.0,0.33804609954543646,0.02356489689323941,0.004145402851017016,0.23751408774477378,1.5520035491923406e-07,8.892325315804557e-06,0.25,0.0,-0.0625,0.0,0.02,-0.01,0,0.0
378,245000000,868,0.9856823682785034,0.16818825900554657,0.011962930671870708,6.103536725277081e-05,1.0000000685190036,1.000000122038891,0.0,0.0,0.33805620474689935,0.023564949710553857,0.004145534774322149,0.23752164639337733,1.3192330513330658e-07,7.558648603555015e-06,0.0,0.125,0.0,0.0,0.0,-0.05,0,0.0
378,706000000,869,0.9856816530227661,0.16819249093532562,0.011962962336838245,6.103552732383832e-05,1.0000000756529623,1.0000001441627604,0.0,0.0,0.33806479539423395,0.023564994462584074,0.004145646943214016,0.23752807319747396,1.1216889186666662e-07,6.4268040966193035e-06,-0.125,0.1875,-0.125,0.01,0.03,-0.05,0,0.0
379,60000000,870,0.9856809973716736,0.16819608211517334,0.01196298934519291,6.103566556703299e-05,1.0000000337289678,1.0000001093752702,0.0,0.0,0.33807206990044036,0.023565031544181717,0.004145742174382889,0.2375335295415285,9.523116887340949e-08,5.456344054543979e-06,0.25,-0.25,0.0625,0.0,0.01,-0.05,0,0.0
379,505000000,871,0.9856804609298706,0.16819913685321808,0.011963012628257275,6.103578198235482e-05,1.0000000190468,1.0000000527709587,0.0,0.0,0.33807826452181916,0.023565064205620167,0.004145823284817374,0.237538176827099,8.111043448520705e-08,4.647285570474732e-06,0.25,-0.0625,0.0,0.0,0.01,-0.06,0,0.0
379,908000000,872,0.985678493976593,0.16821062564849854,0.01196301355957985,5.188041541259736e-05,1.000000012227014,1.0000000311639732,0.0,0.0,0.33810137035542165,0.023568098480192316,0.004128044950416742,0.2365195532991705,-1.7778334400632596e-05,-0.001018623527928492,0.0625,0.1875,0.0,0.0,0.03,-0.04,0,0.0
380,343000000,873,0.9856768250465393,0.1682204008102417,0.011963014490902424,4.4098353100707754e-05,1.0000000111714793,1.0000000233190436,0.0,0.0,0.3381210315160761,0.023570678290826277,0.004112933699622437,0.23565374240549314,-1.5111250794304538e-05,-0.000865810893677363,-0.25,0.0,-0.125,0.01,0.02,-0.03,0,0.0
380,694000000,874,0.9856753945350647,0.16822870075702667,0.011963015422224998,3.748359813471325e-05,0.9999999971466326,1.0000000082607667,0.0,0.0,0.33813772114497825,0.02357287136080827,0.004100089004901892,0.23491779560887188,-1.284469472054555e-05,-0.0007359467966212305,0.1875,0.0625,0.0,0.0,0.01,-0.04,0,0.0
381,138000000,875,0.9856742024421692,0.16823576390743256,0.011963016353547573,3.186105823260732e-05,1.000000010196463,1.0000000073016346,0.0,0.0,0.33815193201564947,0.023574736488028828,0.004089171291994159,0.2342922567373233,-1.0917712907732892e-05,-0.0006255388715485967,0.0625,0.0,0.1875,0.01,0.01,-0.03,0,0.0
381,490000000,876,0.985673189163208,0.16824175417423248,0.011963017284870148,2.7081900043413043e-05,1.0000000190993896,1.0000000292659776,0.0,0.0,0.3381639833435299,0.023576322247111085,0.004079890984301653,0.23376053427395993,-9.280307692505554e-06,-0.00053172246336336,-0.25,0.1875,-0.0625,0.0,0.03,-0.03,0,0.0
381,841000000,877,0.9856722950935364,0.16824685037136078,0.011963017284870148,2.3019614673103206e-05,0.9999999951436516,1.000000014221405,0.0,0.0,0.3381742258846496,0.02357766788696379,0.004072002574843044,0.23330856170491054,-7.888409458609545e-06,-0.0004519725690494056,0.25,0.0625,0.0,-0.02,0.02,-0.05,0,0.0
382,297000000,878,0.9856715798377991,0.1682511866092682,0.011963017284870148,2.8722044589812867e-05,1.0000000198514416,1.0000000149691772,0.0,0.0,0.338183162269567,0.023575731154641337,0.004083350799057165,0.23395876705734786,1.1348224214121662e-05,0.0006502053524373366,-0.125,-0.0625,0.0625,0.0,0.0,-0.03,0,0.0
382,659000000,879,0.9856709241867065,0.16825486719608307,0.011963017284870148,3.356911111040972e-05,0.9999999930158455,1.000000012848552,0.0,0.0,0.3381907321986019,0.02357408371323204,0.004092996650542834,0.23451143363728666,9.645851485668398e-06,0.0005526665799387941,-0.375,0.0,0.125,-0.02,0.02,-0.03,0,0.0
383,107000000,880,0.9856703877449036,0.16825799643993378,0.011963017284870148,3.768911847146228e-05,0.9999999909230985,0.9999999839254169,0.00035860377189431185,0.02054648264701616,0.33819717482166445,0.02357268383090488,0.004101195635039791,0.2349812008452555,8.198984496957107e-06,0.0004697672079688346,0.0,-0.125,0.0625,-0.01,0.03,-0.04,0,0.0
383,456000000,881,0.9856699705123901,0.16826067864894867,0.011963018216192722,4.119112782063894e-05,1.000000031125425,1.0000000220387077,0.0,0.0,0.33820270994495605,0.023571496651210055,0.0041081656226032125,0.23538055171589822,6.969987563421563e-06,0.00039935087064272776,-0.125,0.1875,0.1875,0.01,0.01,-0.03,0,0.0
383,809000000,882,0.9856695532798767,0.16826294362545013,0.011963018216192722,4.416783121996559e-05,1.0000000011080457,1.0000000322263887,0.0,0.0,0.3382073638696253,0.023570484462974706,0.0041140894695464066,0.23571996314422472,5.923846943194089e-06,0.0003394114283264952,0.125,0.1875,0.0,-0.01,0.02,-0.03,0,0.0
384,174000000,883,0.9856692552566528,0.16826488077640533,0.011963019147515297,4.669803456636146e-05,1.0000000334343657,1.0000000345372904,0.0,0.0,0.33821136254225564,0.023569627270469327,0.004119125350467154,0.236008497867114,5.0358809207473945e-06,0.00028853472288928073,0.0,-0.125,0.0625,0.0,0.02,-0.03,0,0.0
384,726000000,884,0.985668957233429,0.16826650500297546,0.011963019147515297,4.884870213572867e-05,1.0000000130864355,1.0000000465171257,0.0,0.0,0.3382147006361575,0.023568896014526615,0.004123405030467407,0.23625370546879507,4.279680000253416e-06,0.0002452076016810678,0.4375,0.125,0.0,0.0,0.03,-0.03,0,0.0
385,129000000,885,0.9856687188148499,0.1682678908109665,0.011963019147515297,5.067676829639822e-05,1.0000000113616687,1.0000000244454448,0.0,0.0,0.33821755361580796,0.02356827479252082,0.004127042880212901,0.23646213890571458,3.637849745493499e-06,0.00020843343691951814,-0.1875,0.25,0.125,0.01,0.01,-0.04,0,0.0
385,482000000,886,0.9856685400009155,0.1682690680027008,0.011963019147515297,5.223062544246204e-05,1.0000000332745975,1.0000000446343507,0.0,0.0,0.3382199846683424,0.023567747316224803,0.004130135037538627,0.23663930647006914,3.0921573257259097e-06,0.000177167564354554,-0.1875,0.0,-0.0625,0.02,0.03,-0.03,0,0.0
385,846000000,887,0.9856683611869812,0.1682700663805008,0.011963019147515297,5.355140456231311e-05,1.0000000250898018,1.0000000583630135,0.0,0.0,0.3382220378889629,0.023567298313755095,0.004132763315071553,0.2367898956800949,2.6282775329265068e-06,0.0001505892100257451,-0.25,-0.25,-0.125,0.0,0.03,-0.05,0,0.0
386,216000000,888,0.9856681823730469,0.16827091574668884,0.011963019147515297,5.467406663228758e-05,0.9999999918225962,1.0000000169113914,0.0,0.0,0.3382237761616298,0.02356691601556645,0.0041349973647492,0.23691789729784662,2.2340496776468086e-06,0.0001280016177517242,0.1875,-0.125,-0.0625,0.0,0.02,-0.03,0,0.0
386,662000000,889,0.9856680631637573,0.16827164590358734,0.011963019147515297,5.5628330301260576e-05,0.9999999972388649,0.9999999890607323,0.0002958278923136058,0.01694968969182022,0.3382252811804538,0.02356659184246533,0.004136896507912098,0.2370267101857718,1.899143162897854e-06,0.00010881288792517322,-0.5,-0.25,-0.125,0.0,0.03,-0.05,0,0.0
387,19000000,890,0.9856664538383484,0.16828115284442902,0.011963000521063805,4.728408021037467e-05,1.000000010121083,1.0000000072786488,0.0,0.0,0.3382443898206796,0.023569324680026874,0.004120663848092163,0.2360966472878179,-1.6232659819935373e-05,-0.0009300628979538877,0.25,0.0625,-0.1875,-0.01,0.02,-0.03,0,0.0
387,377000000,891,0.9856650829315186,0.16828924417495728,0.011962984688580036,4.019146945211105e-05,1.0000000200166943,1.0000000300789504,0.0,0.0,0.3382606530031946,0.023571647768967866,0.004106866381172651,0.23530611066535853,-1.3797466919511156e-05,-0.0007905366224593584,0.3125,-0.0625,0.0,0.0,0.03,-0.04,0,0.0
387,821000000,892,0.985663890838623,0.16829611361026764,0.011962971650063992,3.416274921619333e-05,1.0000000007086234,1.00000002068284,0.0,0.0,0.3382744511569196,0.0235736227606825,0.004095138504995835,0.23463415285777495,-1.1727876176816435e-05,-0.0006719578075836053,0.4375,-0.0625,0.1875,0.01,0.01,-0.02,0,0.0
388,174000000,893,0.9856629371643066,0.16830196976661682,0.01196296140551567,2.9038337743259035e-05,1.000000046007752,1.0000000466856445,0.0,0.0,0.3382862342637804,0.023575304712101577,0.004085170529570192,0.2340630299355955,-9.96797542564265e-06,-0.0005711229221794442,-0.0625,-0.0625,0.0625,0.0,0.02,-0.04,0,0.0
388,557000000,894,0.9856621026992798,0.16830693185329437,0.011962952092289925,2.468258753651753e-05,1.0000000584197122,1.0000001044053213,0.0,0.0,0.3382962097417481,0.0235767327019338,0.00407669718488931,0.23357754304702133,-8.473344680882088e-06,-0.000485486888574169,0.25,0.0625,0.0,0.01,0.01,-0.07,0,0.0
389,23000000,895,0.9856613874435425,0.16831114888191223,0.011962943710386753,2.0980200133635662e-05,1.0000000629987307,1.000000121402445,0.0,0.0,0.33830468545902403,0.023577945500413575,0.0040694946785661155,0.23316486983278598,-7.202506323194732e-06,-0.00041267321423534665,-0.125,0.0625,0.0625,0.0,0.01,-0.04,0,0.0
389,413000000,896,0.9856606721878052,0.16831472516059875,0.011962934397161007,1.783316838555038e-05,0.9999999597605075,1.0000000227476382,0.0,0.0,0.33831183863869446,0.0235789695460727,0.004063371614077649,0.23281404407991038,-6.1230644884668894e-06,-0.0003508257528755831,-0.25,0.125,-0.0625,0.01,0.03,-0.02,0,0.0
389,878000000,897,0.985660195350647,0.1683177947998047,0.011962929740548134,1.5158193491515703e-05,1.0000000063313463,0.9999999660834519,0.0005208957540029652,0.02984512827065466,0.33831802264849054,0.023579849584555668,0.004058168835708303,0.23251594683760493,-5.202778369345698e-06,-0.0002980972423054651,0.1875,0.0,0.0625,0.0,0.01,-0.03,0,0.0
390,232000000,898,0.9856612682342529,0.1683114916086197,0.011962943710386753,1.2884464013040997e-05,1.0000000030464509,1.0000000093547716,0.0,0.0,0.3383051789328172,0.023580668601653743,0.004053539260607084,0.2322506917233662,-4.629575101219169e-06,-0.00026525511423870925,-0.0625,0.0,-0.0625,0.0,0.01,-0.04,0,0.0
390,675000000,899,0.9856591820716858,0.16832393407821655,0.011962919495999813,1.0951795047731139e-05,1.0000000407743002,1.0000000437393004,0.0,0.0,0.33833039755797945,0.02358122141604742,0.004050017891257266,0.23204893212151495,-3.521369349817477e-06,-0.0002017596018512682,0.4375,-0.25,0.0,0.0,0.01,-0.03,0,0.0
391,117000000,900,0.9856416583061218,0.1684264987707138,0.011962929740548134,9.3090266091167e-06,1.0000000379256184,1.0000000732852716,0.0,0.0,0.33853850354241466,0.02358137350738436,0.0040492363334627265,0.23200415215844228,-7.815577945397695e-07,-4.4779963072681526e-05,-0.25,-0.25,-0.125,0.0,0.01,-0.01,0,0.0
391,476000000,901,0.9856252074241638,0.16852256655693054,0.011962918564677238,7.912672117527109e-06,1.0000000082160283,1.000000041390847,0.0,0.0,0.3387334247598164,0.023581426736143593,0.0040487780743756335,0.23197789584682832,-4.582590870929812e-07,-2.625631161394584e-05,-0.5,-0.0625,-0.125,0.0,0.01,-0.02,0,0.0
392,126000000,902,0.985603392124176,0.16865022480487823,0.011962926015257835,6.725771527271718e-06,1.00000002826875,1.0000000280978065,0.0,0.0,0.33899248251199915,0.023581317765034207,0.004049495140968585,0.23201898073623428,7.170665929515443e-07,4.1084889405948834e-05,0.375,-0.125,0.0,0.02,0.0,-0.04,0,0.0
392,489000000,903,0.9855833053588867,0.16876763105392456,0.011962913908064365,5.716906343877781e-06,1.0000000382177778,1.0000000593921672,0.0,0.0,0.33923073978480606,0.023581152209014883,0.004050311405144917,0.23206574922850579,8.162641763316894e-07,4.6768492271528225e-05,-0.25,0.0625,0.0625,0.0,0.0,-0.01,0,0.0
392,913000000,904,0.985564649105072,0.1688763052225113,0.011962884105741978,4.8593701649224386e-06,0.9999999973254757,1.0000000294638207,0.0,0.0,0.33945126633014056,0.023580935430721824,0.004051211167701384,0.23211730182555526,8.997625564671416e-07,5.1552597049468625e-05,-0.5,0.0,0.0,0.0,0.02,-0.03,0,0.0
393,265000000,905,0.9855473041534424,0.16897757351398468,0.01196284033358097,4.130465185880894e-06,1.0000000093203496,1.0000000013675017,0.0,0.0,0.339656785864712,0.02358067944217958,0.004052182640669952,0.23217296312656524,9.71472968567741e-07,5.566130100997684e-05,-0.5,0.0,0.0,0.02,0.0,-0.04,0,0.0
393,619000000,906,0.9855356216430664,0.16904588043689728,0.01196284033358097,3.5108955671603326e-06,1.0000000403906213,1.0000000473096216,0.0,0.0,0.3397954187068654,0.023580608817637214,0.004052595729341528,0.23219663136401125,4.130886715764809e-07,2.3668237445998127e-05,0.125,0.0625,0.0,0.0,0.0,-0.05,0,0.0
393,993000000,907,0.985519289970398,0.16914102435112,0.011962872929871082,2.9842613002983853e-06,1.0000000336799721,1.0000000694109117,0.0,0.0,0.33998851333352803,0.023580459761196708,0.004053845351292563,0.23226822942779246,1.2496219510349862e-06,7.159806378120833e-05,0.0625,0.0625,0.0,0.0,0.01,-0.04,0,0.0
394,446000000,908,0.9855054020881653,0.169221892952919,0.01196290086954832,2.5366221052536275e-06,1.000000028801587,1.0000000591151574,0.0,0.0,0.34015263898921616,0.02358033353560809,0.00405490755630801,0.23232908929215518,1.0622050154469181e-06,6.085986436273682e-05,-0.125,0.0,0.0,0.0,-0.01,-0.04,0,0.0
394,801000000,909,0.9854950904846191,0.1692817360162735,0.011962943710386753,2.156128857677686e-06,0.9999999957724188,1.0000000227301722,0.0,0.0,0.34027408369481693,0.023580299769227292,0.004055604049352584,0.23236899540406947,6.964930445736012e-07,3.9906111914284474e-05,0.625,0.0625,-0.125,0.0,0.0,0.0,0,0.0
395,151000000,910,0.9854881763458252,0.1693221926689148,0.011962891556322575,1.832709585869452e-06,1.0000000307126877,1.0000000256427803,0.0,0.0,0.3403562026747374,0.023580140853376008,0.004055916941715011,0.23238692281587844,3.128923624275831e-07,1.7927411808978244e-05,0.1875,-0.25,0.0,0.0,0.01,-0.04,0,0.0
395,606000000,911,0.9854822754859924,0.169356569647789,0.011962845921516418,1.557803102514299e-06,1.0000000363324417,1.0000000664367934,0.0,0.0,0.34042597376351585,0.023580002676117335,0.004056182190876925,0.23240212047337547,2.6524916191348474e-07,1.5197657497024896e-05,0.125,0.0,0.0,-0.01,0.0,-0.02,0,0.0
395,959000000,912,0.9854772686958313,0.16938579082489014,0.011962806805968285,1.3241326541901799e-06,1.0000000509989984,1.0000000868919414,0.0,0.0,0.34048528423208696,0.02357988482733617,0.004056407560289849,0.23241503318956738,2.2536941292426033e-07,1.2912716191901224e-05,-0.3125,0.0,-0.125,0.01,0.01,0.0,0,0.0
396,405000000,913,0.9854729771614075,0.16941063106060028,0.011962774209678173,1.1255127674303367e-06,1.0000000292998883,1.0000000799811408,0.0,0.0,0.3405356918386582,0.0235797851073515,0.004056599398848274,0.232426024729313,1.918385584250351e-07,1.0991539745628373e-05,-0.0625,-0.0625,0.125,0.01,0.0,-0.04,0,0.0
396,763000000,914,0.9854693412780762,0.16943174600601196,0.011962746270000935,9.566858807374956e-07,1.0000000232264632,1.000000052296807,0.0,0.0,0.3405785439945819,0.023579700187589474,0.004056762400679847,0.23243536404631504,1.6300183157316045e-07,9.339317002044382e-06,0.125,0.125,0.0625,0.0,0.0,-0.04,0,0.0
397,146000000,915,0.9854662418365479,0.16944968700408936,0.011962722055613995,8.1318296452082e-07,1.0000000084724372,1.000000031533147,0.0,0.0,0.3406149517246596,0.02357962688534609,0.00405690063375266,0.23244328421797636,1.3823307281300712e-07,7.92017166130991e-06,-0.125,0.0625,0.125,-0.01,0.0,-0.04,0,0.0
397,519000000,916,0.9854651689529419,0.16945604979991913,0.011962720192968845,6.912055141583551e-07,1.0000000293540676,1.0000000378056797,0.0,0.0,0.34062787074094797,0.023579638877604767,0.0040568118000665005,0.23243819442268082,-8.883368615968806e-08,-5.08979529553984e-06,-0.1875,0.0625,0.125,0.0,0.0,-0.04,0,0.0
398,64000000,917,0.9854642152786255,0.1694614589214325,0.01196271926164627,5.875247097719694e-07,1.0000000061534877,1.0000000354924663,0.0,0.0,0.3406388401585705,0.02357964936019376,0.004056736530784267,0.23243388181048188,-7.526928223321877e-08,-4.312612198942468e-06,-0.0625,0.125,-0.125,-0.01,0.0,-0.03,0,0.0
398,417000000,918,0.9854649305343628,0.16945716738700867,0.011962736956775188,4.993959805688064e-07,0.9999999839838356,0.9999999901278551,0.0002810287514913138,0.01610176138228312,0.34063012035396156,0.023579731244754237,0.004056466086849058,0.2324183865143995,-2.7044393520903737e-07,-1.5495296082387327e-05,0.0625,-0.125,0.0,0.01,0.01,-0.06,0,0.0
398,863000000,919,0.9854655861854553,0.16945351660251617,0.011962751857936382,4.244865863256564e-07,1.0000000116384984,0.9999999956154523,0.00018728689709840207,0.010730748761839383,0.34062271755118484,0.02357980171123635,0.004056236090449677,0.23240520869141174,-2.2999639938143385e-07,-1.3177822987761457e-05,0.0,0.1875,-0.0625,0.0,0.01,-0.05,0,0.0
399,258000000,920,0.9854661226272583,0.16945041716098785,0.011962764896452427,3.608136012189789e-07,1.0000000152330664,1.0000000268666158,0.0,0.0,0.34061642628216726,0.023579861842083376,0.004056040808679361,0.2323940198701568,-1.952817703159901e-07,-1.1188821254949353e-05,0.5625,-0.125,0.0,-0.01,0.0,-0.04,0,0.0
399,605000000,921,0.9854665994644165,0.16944777965545654,0.011962776072323322,3.0669156103613204e-07,1.000000038350787,1.000000053580261,0.0,0.0,0.3406110791628319,0.023579913635580575,0.004055874779212589,0.23238450708243594,-1.6602946677213293e-07,-9.512787720850757e-06,0.1875,0.0625,0.0625,0.0,0.0,-0.02,0,0.0
399,979000000,922,0.9854700565338135,0.169427752494812,0.011962822638452053,2.606878126698575e-07,1.0000000523828725,1.0000000905271402,0.0,0.0,0.34057043279045296,0.023580103780692918,0.00405532058854343,0.23235275429604763,-5.541906691582457e-07,-3.1752786388298396e-05,0.375,0.125,-0.0625,0.0,0.01,-0.04,0,0.0
400,384000000,923,0.9854729771614075,0.16941073536872864,0.011962861754000187,2.2158464219046436e-07,1.0000000480174667,1.000000100251284,0.0,0.0,0.340535890295812,0.023580264055646494,0.004054849507797523,0.23232576335749724,-4.710807459075081e-07,-2.699093855037494e-05,0.1875,-0.1875,-0.0625,0.0,0.0,-0.04,0,0.0
400,733000000,924,0.985475480556488,0.1693962663412094,0.011962895281612873,1.8834694515135197e-07,1.0000000643459666,1.0000001122556255,0.0,0.0,0.34050652668116277,0.023580401337726112,0.004054449074462962,0.23230282021745055,-4.004333345611691e-07,-2.294314004670507e-05,0.375,-0.0625,0.0,-0.01,0.0,-0.06,0,0.0
401,209000000,925,0.9854775667190552,0.1693839728832245,0.011962923221290112,1.6009489911539276e-07,1.0000000381541188,1.0000001024223466,0.0,0.0,0.3404815652577397,0.02358051592603978,0.004054108639674202,0.2322833147408552,-3.4043478875939864e-07,-1.950547659534126e-05,-0.3125,0.0,0.1875,0.01,0.0,0.0,0,0.0
401,584000000,926,0.9854793548583984,0.1693735122680664,0.011962947435677052,1.3608065785319923e-07,1.0000000288107562,1.0000000669085645,0.0,0.0,0.34046032959944755,0.0235806145998783,0.00405381915924568,0.23226672873404924,-2.8948042852215694e-07,-1.658600680595809e-05,0.3125,0.0625,0.0,0.0,0.0,-0.05,0,0.0
402,35000000,927,0.9854809045791626,0.16936463117599487,0.011962967924773693,1.1566855562250566e-07,1.0000000520925625,1.0000000808626825,0.0,0.0,0.34044231061033203,0.023580699001619385,0.004053573318022077,0.23225264306950646,-2.45841223603209e-07,-1.408566454279583e-05,-0.0625,-0.0625,0.0625,0.0,0.01,-0.03,0,0.0
402,434000000,928,0.9854822158813477,0.1693570762872696,0.01196298561990261,9.831827441075802e-08,1.0000000650659653,1.000000117129133,0.0,0.0,0.3404269801872348,0.02358077115081297,0.004053364304386348,0.2322406674703185,-2.0901363572897735e-07,-1.1975599187955191e-05,0.3125,-0.0625,-0.125,0.0,0.01,-0.05,0,0.0
402,795000000,929,0.9854832887649536,0.16935065388679504,0.011963000521063805,8.357053360441569e-08,1.0000000348941733,1.000000099938942,0.0,0.0,0.3404139344782828,0.023580831203323376,0.004053186577105857,0.23223048444724204,-1.7772728049068182e-07,-1.0183023076453843e-05,0.0625,0.0625,-0.0625,0.0,0.0,-0.02,0,0.0
403,148000000,930,0.98548424243927,0.1693452000617981,0.011963012628257275,7.10349539190247e-08,1.0000000512756093,1.0000000861544576,0.0,0.0,0.3404028698357385,0.023580882144587353,0.004053035443972276,0.23222182515654322,-1.511331335817337e-07,-8.659290698820231e-06,0.1875,-0.0625,0.0,0.01,0.02,-0.04,0,0.0
403,587000000,931,0.9854835271835327,0.16934944689273834,0.011963004246354103,6.03797118969851e-08,1.0000000654917853,1.0000001167581245,0.0,0.0,0.34041149403763177,0.023580852110871003,0.004053113232944805,0.2322262821363618,7.778897252903871e-08,4.45697981857302e-06,-0.125,-0.125,0.0,-0.01,0.0,-0.04,0,0.0
403,941000000,932,0.9854828715324402,0.16935306787490845,0.01196299772709608,5.132275404662323e-08,1.0000000324985439,1.000000097983561,0.0,0.0,0.34041883269804296,0.02358082663465032,0.004053179826152066,0.2322300976460821,6.659320726104534e-08,3.815509720297846e-06,0.0625,0.1875,-0.0625,0.0,0.0,-0.02,0,0.0
404,393000000,933,0.9854823350906372,0.16935613751411438,0.011962992139160633,4.362433969617996e-08,1.0000000236351587,1.000000056128848,0.0,0.0,0.34042506014306395,0.023580805387448157,0.004053236218396615,0.23223332868369204,5.639224454935532e-08,3.231037609947681e-06,0.25,-0.1875,0.0625,0.0,0.01,-0.02,0,0.0
404,751000000,934,0.985481858253479,0.1693587452173233,0.01196298748254776,3.7080688741752965e-08,0.9999999952989126,1.000000018930558,0.0,0.0,0.3404303437089821,0.023580787011747595,0.004053284147674379,0.232236074829023,4.7929277763661404e-08,2.7461453309680233e-06,0.0,-0.25,0.0625,-0.01,0.0,-0.02,0,0.0
405,201000000,935,0.9854815006256104,0.1693609654903412,0.011962982825934887,3.151858507521865e-08,1.00000001883261,1.0000000141289938,0.0,0.0,0.3404348577269711,0.023580771156574358,0.004053324739895693,0.2322384005919854,4.059222131428536e-08,2.3257629623695346e-06,0.125,0.125,-0.0625,0.01,0.0,-0.03,0,0.0
405,606000000,936,0.9854812026023865,0.1693628579378128,0.011962979100644588,2.679079713630017e-08,1.0000000456002354,1.0000000644310114,0.0,0.0,0.34043870742457877,0.023580758281398405,0.004053359447007641,0.23224038916301912,3.470711194830667e-08,1.9885710337260438e-06,-0.625,0.0625,-0.125,0.0,0.0,-0.01,0,0.0
405,967000000,937,0.9854824542999268,0.169355571269989,0.011962994933128357,2.2772177032948093e-08,1.00000004525048,1.0000000908233861,0.0,0.0,0.34042391738469074,0.023580820813658036,0.004053182503975707,0.23223025107407505,-1.7694303193396127e-07,-1.013808894406453e-05,0.0,0.25,-0.125,0.0,0.02,-0.03,0,0.0
406,431000000,938,0.9854835271835327,0.16934937238693237,0.011963007971644402,1.9356351188548615e-08,1.000000052918836,1.0000000981495296,0.0,0.0,0.3404113378559015,0.023580873353771084,0.004053031835138013,0.232221618385571,-1.5066883769440653e-07,-8.632688504031104e-06,0.3125,0.0625,0.0,0.03,0.0,-0.05,0,0.0
406,781000000,939,0.9854844212532043,0.16934411227703094,0.011963019147515297,1.6452897710905745e-08,1.0000000433613905,1.0000000962659945,0.0,0.0,0.3404006582060959,0.023580917768506793,0.004052904011898888,0.23221429465344545,-1.278232391252465e-07,-7.323732125568122e-06,0.0625,0.1875,0.125,0.0,0.0,-0.08,0,0.0
407,248000000,940,0.9854851961135864,0.1693396419286728,0.011963028460741043,1.3984962521362831e-08,1.0000000500687576,1.000000093419858,0.0,0.0,0.3403915868274913,0.023580955510416696,0.004052795316647285,0.2322080668742755,-1.08695251602349e-07,-6.227779169927196e-06,-0.1875,0.0625,-0.1875,-0.01,0.02,-0.03,0,0.0
407,640000000,941,0.985485851764679,0.16933584213256836,0.011963036842644215,1.188721832079409e-08,1.0000000528547983,1.0000001029161245,0.0,0.0,0.3403838752221572,0.023580988437763274,0.004052703083386801,0.23220278229771904,-9.223326048399261e-08,-5.284576556463529e-06,0.25,-0.1875,-0.0625,-0.01,0.0,-0.03,0,0.0
408,27000000,942,0.9854863882064819,0.1693326085805893,0.011963044293224812,1.0104135306221451e-08,1.0000000340488622,1.0000000868982908,0.0,0.0,0.3403773059432481,0.023581016569367095,0.004052624706339101,0.23219829162367514,-7.837704770006365e-08,-4.490674043909183e-06,-0.125,0.0625,0.0,0.0,-0.02,-0.01,0,0.0
408,442000000,943,0.9854868650436401,0.16932985186576843,0.01196304988116026,8.588514788243629e-09,1.0000000372344413,1.0000000712793915,0.0,0.0,0.3403717116270256,0.023581039511602852,0.004052557637093757,0.2321944488389818,-6.706924534412989e-08,-3.842784693346089e-06,0.125,0.0625,-0.0625,0.0,0.01,-0.05,0,0.0
408,891000000,944,0.9854872822761536,0.169327512383461,0.011963054537773132,7.300237303553558e-09,1.0000000523259407,1.0000000895575605,0.0,0.0,0.340366968033083,0.023581059114186863,0.004052500685773985,0.23219118576872116,-5.695131977210416e-08,-3.2630702606415257e-06,0.0625,0.1875,0.125,0.0,0.0,-0.03,0,0.0
409,244000000,945,0.9854876399040222,0.16932553052902222,0.011963059194386005,6.205201685816064e-09,1.000000069238909,1.0000001215628258,0.0,0.0,0.34036295092214847,0.023581077224798148,0.004052452674341474,0.2321884349162699,-4.8011432511076146e-08,-2.750852451261851e-06,0.125,0.125,-0.1875,0.0,0.01,-0.04,0,0.0
409,705000000,946,0.9854878187179565,0.16932383179664612,0.011963061057031155,5.274420900036603e-09,0.9999999578428137,1.0000000270802674,0.0,0.0,0.3403594668688204,0.02358108549187596,0.004052410815573133,0.23218603658550832,-4.1858768341264396e-08,-2.3983307615702756e-06,-1.25,0.0625,0.0625,0.01,0.01,0.01,0,0.0
410,149000000,947,0.9854929447174072,0.16929419338703156,0.0119630116969347,4.483257765031112e-09,0.9999999908256066,0.9999999482160644,0.0006436392531905179,0.036877812736768885,0.34029931925926077,0.023581111124428858,0.004051683205402416,0.23214434759359545,-7.276101707167498e-07,-4.168899191286308e-05,1.25,0.125,-0.0625,0.0,0.01,-0.03,0,0.0
410,514000000,948,0.9855128526687622,0.1691785454750061,0.01196304801851511,3.810769477752274e-09,1.000000038771126,1.0000000227113497,0.0,0.0,0.3400646052635798,0.02358165941432542,0.004048926438292499,0.23198639647309674,-2.7567671099168467e-06,-0.00015795112049871282,2.8125,0.0625,0.0625,0.02,0.12,-0.07,0,0.0
410,900000000,949,0.9855391383171082,0.16902534663677216,0.011963081546127796,9.158800821751356e-06,1.0000000381822352,1.0000000648310456,0.0,0.0,0.33975387245282207,0.023579258895895825,0.004063321415121938,0.2328111678916122,1.4394976829438556e-05,0.0008247714185154404,-1.0,0.0,-0.0625,0.0,0.0,0.01,0,0.0
411,348000000,950,0.9855710864067078,0.1688387095928192,0.011963004246354103,1.6940004570642486e-05,0.9999999949877143,1.0000000152126405,0.0,0.0,0.33937523699917377,0.023577246244772466,0.0040741711610093444,0.23343281253975,1.0849745887406802e-05,0.0006216446481378318,0.375,0.125,0.0625,-0.01,0.0,-0.04,0,0.0
411,713000000,951,0.9856058955192566,0.16863559186458588,0.011963031254708767,2.3554497602162883e-05,1.0000000293987248,1.0000000031303204,0.0,0.0,0.33896316656927006,0.023575907958888868,0.004082362435476092,0.23390213799552792,8.191274466747347e-06,0.000469325455777897,-1.5,0.0625,0.0625,-0.01,0.07,-0.03,0,0.0
412,64000000,952,0.9856417775154114,0.16842582821846008,0.011963020078837872,2.9176640964578837e-05,1.0000000439477474,1.000000050686517,0.0,0.0,0.338537594123065,0.023574860205254976,0.004088426016511653,0.23424955559760116,6.0635810355614064e-06,0.0003474176020732337,-0.375,-0.125,0.125,0.0,0.03,-0.06,0,0.0
412,469000000,953,0.9856691360473633,0.16826531291007996,0.011962971650063992,3.3955271646846086e-05,0.9999999875643716,1.0000000182438746,0.0,0.0,0.3382119366147846,0.02357382023914772,0.0040939926102015935,0.2345684979222989,5.566593689940343e-06,0.0003189423246977372,-0.1875,0.0625,0.125,0.0,0.03,-0.04,0,0.0
412,831000000,954,0.9856939911842346,0.16811998188495636,0.01196295116096735,3.801720595220104e-05,1.000000043105745,1.0000000197924253,0.0,0.0,0.33791712183672407,0.023573018391864143,0.0040985190935347,0.2348278463133222,4.526483333106533e-06,0.0002593483910233139,-0.0625,0.1875,0.1875,0.0,0.04,-0.03,0,0.0
413,184000000,955,0.9857150316238403,0.16799643635749817,0.011962931603193283,4.146984429098666e-05,1.0000000198251489,1.0000000550718355,0.0,0.0,0.3376664836628718,0.02357233238783337,0.004102365853655705,0.23504824943305502,3.846760121005259e-06,0.0002204031197328352,-0.6875,0.125,0.125,-0.01,0.04,-0.03,0,0.0
413,639000000,956,0.9857392311096191,0.16785433888435364,0.011962881311774254,4.440441625774838e-05,1.000000011665959,1.0000000210981477,0.0,0.0,0.33737819785063333,0.023571838720070497,0.004104737249238174,0.23518412039148648,2.3713955824688354e-06,0.00013587095843143183,0.1875,0.375,0.0625,0.0,0.04,-0.06,0,0.0
414,3000000,957,0.9857580065727234,0.16774395108222961,0.01196292694658041,4.689925481216051e-05,0.9999999972337881,1.0000000026276417,0.0,0.0,0.3371542524464043,0.023571550642326078,0.0041070323574766456,0.23531562040707657,2.2951082384713856e-06,0.00013150001559011527,0.5625,-0.125,-0.0625,-0.01,0.04,-0.03,0,0.0
414,446000000,958,0.9857739806175232,0.16765013337135315,0.011962966993451118,4.901986903860234e-05,1.0000000115320917,1.000000004235164,0.0,0.0,0.3369639349512517,0.023571309479766673,0.004108984042601284,0.23542744372765684,1.9516851246384817e-06,0.00011182332058024904,0.25,-0.1875,0.0,0.01,0.01,-0.03,0,0.0
414,798000000,959,0.9857739806175232,0.16765013337135315,0.011962966993451118,4.901986903860234e-05,1.0000000115320917,1.0000000230641835,0.0,0.0,0.3369639349512517,0.023571309479766673,0.004108984042601284,0.23542744372765684,0.0,0.0,-24.75,-0.1875,0.1875,-0.08,0.01,0.46,0,0.0
415,170000000,960,0.9857740998268127,0.1676495373249054,0.011962966993451118,4.902787986793555e-05,1.0000000291188182,1.0000000406507257,0.0,0.0,0.3369627313199006,0.023571309704435252,0.004108985587479287,0.2354275322426463,1.5448780033011644e-09,8.851498945175438e-08,-1.125,-0.0625,0.0625,0.02,0.05,-0.01,0,0.0
415,535000000,961,0.9857742786407471,0.1676483452320099,0.011962966993451118,4.904382149106823e-05,1.0000000055366496,1.0000000346547415,0.0,0.0,0.3369603051894189,0.023571308754179766,0.004108988513562179,0.23542769989484646,2.9260828916105597e-09,1.67652200194721e-07,1.25,-0.125,0.0,-0.02,0.04,-0.1,0,0.0
415,886000000,962,0.985774576663971,0.16764657199382782,0.011962967924773693,4.9067617510445416e-05,1.0000000020537565,1.0000000075887894,0.0,0.0,0.3369567064796866,0.02357130991642544,0.004108993345206532,0.235427976727676,4.8316443528387265e-09,2.76832829525877e-07,0.375,-0.25,0.125,0.0,0.05,-0.04,0,0.0
416,251000000,963,0.9857749938964844,0.1676442176103592,0.011962968856096268,4.909918425255455e-05,1.0000000186621925,1.00000002071309,0.0,0.0,0.3369519351759234,0.023571311382744542,0.004108999604890253,0.2354283353811343,6.259683721018816e-09,3.586534583011248e-07,-0.1875,-0.125,0.0625,-0.01,0.03,-0.03,0,0.0
416,652000000,964,0.9857754707336426,0.167641282081604,0.011962969787418842,4.913844895781949e-05,0.9999999966094102,1.0000000152671795,0.0,0.0,0.3369459724131003,0.023571311751266033,0.004109007143304886,0.235428767300477,7.538414632975166e-09,4.319193426891385e-07,-0.0625,-0.0625,-0.0625,0.0,0.03,-0.05,0,0.0
417,14000000,965,0.9857760667800903,0.16763778030872345,0.011962970718741417,4.918533159070648e-05,0.9999999971554376,0.9999999937585379,0.00022345401551826229,0.012802972004447232,0.33693886809754525,0.023571312474131488,0.004109016165131771,0.235429284213081,9.021826885384499e-09,5.169126040301884e-07,0.0625,0.0625,-0.0625,-0.03,0.03,-0.02,0,0.0
417,384000000,966,0.9857767820358276,0.16763371229171753,0.011962971650063992,4.9239755753660575e-05,1.0000000203064336,1.0000000174533399,0.0,0.0,0.33693062223117903,0.023571313577281743,0.004109026519766039,0.235429877489923,1.0354634268072704e-08,5.932768419621002e-07,-0.125,-0.0625,0.0,0.01,0.03,-0.03,0,0.0
417,821000000,967,0.9857775568962097,0.16762909293174744,0.011962972581386566,4.930164504912682e-05,1.0000000098105077,1.0000000301059704,0.0,0.0,0.3369212469901124,0.023571313658743112,0.004109038407354839,0.2354305585985898,1.1887588799615323e-08,6.811086668049465e-07,1.125,-0.125,-0.0625,0.01,0.04,-0.07,0,0.0
418,251000000,968,0.9857784509658813,0.16762392222881317,0.01196297351270914,4.937092671752907e-05,1.0000000244324088,1.0000000342291466,0.0,0.0,0.3369107612428879,0.0235713141698208,0.004109051690350681,0.23543131965819084,1.3282995842134326e-08,7.610596010441176e-07,0.0625,0.0,0.0625,0.0,0.05,-0.03,0,0.0
418,716000000,969,0.9857794046401978,0.16761820018291473,0.01196297537535429,4.9447527999291196e-05,1.000000005435116,1.0000000298506964,0.0,0.0,0.33689914614420385,0.023571315545546045,0.004109066531935569,0.23543217001836622,1.4841584888153347e-08,8.503601753763288e-07,-0.0625,0.0,0.0,0.0,0.03,-0.01,0,0.0
419,72000000,970,0.9857804775238037,0.16761194169521332,0.01196297723799944,4.9531376134837046e-05,1.000000014071826,1.0000000194867786,0.0,0.0,0.33688645158614205,0.023571317399175614,0.004109082838709965,0.23543310432771658,1.6306774396068757e-08,9.343093503667316e-07,0.25,-0.125,0.0625,-0.02,0.03,-0.06,0,0.0
419,535000000,971,0.9857816100120544,0.16760514676570892,0.011962979100644588,4.9622394726611674e-05,0.9999999915958288,1.000000005643924,0.0,0.0,0.33687265871062266,0.023571318330374843,0.0041091004541942465,0.23543411362061997,1.761548428132198e-08,1.0092929033987916e-06,0.6875,0.1875,0.0625,-0.01,0.05,-0.07,0,0.0
419,987000000,972,0.9857828617095947,0.16759781539440155,0.011962980963289738,4.9720514653017744e-05,0.9999999967754957,0.9999999883436618,0.00030536978567785285,0.01749639991015546,0.3368577863862381,0.023571319789400285,0.004109119248077952,0.23543519043083697,1.8793883705368886e-08,1.0768102169773263e-06,0.0,0.1875,0.0625,0.0,0.03,-0.05,0,0.0
420,352000000,973,0.9857842326164246,0.1675899773836136,0.011962983757257462,4.982567043043673e-05,1.000000034628783,1.0000000313726167,0.0,0.0,0.33684189670888776,0.023571323632542288,0.0041091401170077835,0.23543638613243925,2.0868929831614758e-08,1.1957016023061854e-06,-0.375,0.125,0.0,-0.01,0.04,0.0,0,0.0
420,765000000,974,0.9858055710792542,0.16746434569358826,0.011963017284870148,5.150733340997249e-05,1.0000000237425195,1.000000050250563,0.0,0.0,0.33658701319739276,0.02357134956871561,0.0041094632935481604,0.2354549027842405,3.2317654037692517e-07,1.851665180123705e-05,0.6875,0.125,0.0,0.0,0.05,-0.03,0,0.0
421,150000000,975,0.9858207702636719,0.1673753559589386,0.011953854002058506,5.293656431604177e-05,0.9999999991467116,1.000000018771133,0.0,0.0,0.3364063619584001,0.023553172201449514,0.0041070837634742206,0.2353185657537793,-2.379530073939873e-06,-0.00013633703046120744,-0.3125,-0.125,0.0625,0.0,0.05,-0.04,0,0.0
421,512000000,976,0.9858337044715881,0.16729971766471863,0.011946065351366997,5.415140913100913e-05,0.9999999999063116,0.9999999960777312,0.00017713878955468796,0.010149305029539691,0.33625282369877274,0.023537722039166094,0.004105063915954939,0.23520283701566447,-2.0198475192819906e-06,-0.00011572873811482723,-0.125,-0.0625,0.0625,0.0,0.04,-0.03,0,0.0
421,865000000,977,0.9858446717262268,0.16723543405532837,0.011939444579184055,5.518402758752927e-05,0.999999980278401,0.9999999780359308,0.0004191808135919864,0.024017291471680913,0.3361223294756118,0.023524587909477035,0.004103349021245248,0.23510458078648988,-1.714894709690766e-06,-9.825622917459345e-05,-0.0625,-0.1875,0.0,0.0,0.05,-0.04,0,0.0
422,237000000,978,0.9858540296554565,0.16718079149723053,0.011933817528188229,5.606175182037987e-05,1.000000001988629,0.9999999807141233,0.00039279385672820195,0.022505430209192306,0.33601141986666877,0.02351342593121552,0.0041018929048226025,0.23502115146099262,-1.4561164226453358e-06,-8.342932549726535e-05,0.0625,0.125,-0.125,-0.01,0.05,-0.03,0,0.0
422,591000000,979,0.9858620166778564,0.1671343594789505,0.011929035186767578,5.680782123818062e-05,1.0000000575770909,1.0000000584441455,0.0,0.0,0.3359171881806045,0.023503940302454073,0.004100656767185954,0.23495032599151536,-1.2361376366485516e-06,-7.082546947723808e-05,0.0625,0.0,-0.0625,0.0,0.04,-0.02,0,0.0
423,53000000,980,0.9858687520027161,0.1670948714017868,0.011924969032406807,5.7441975513938814e-05,1.0000000502050872,1.0000001069713766,0.0,0.0,0.33583703203687315,0.023495873936662127,0.004099605865668525,0.23489011376988278,-1.0509015174291203e-06,-6.021222163258252e-05,-0.125,0.1875,-0.0625,0.0,0.05,-0.03,0,0.0
423,407000000,981,0.9858744740486145,0.16706131398677826,0.011921512894332409,5.798100755782798e-05,1.000000043521553,1.000000093141104,0.0,0.0,0.3357689147508289,0.023489017631001655,0.004098713328741955,0.23483897517093075,-8.925369265697786e-07,-5.113859895202618e-05,-0.125,0.125,0.0625,0.02,0.03,-0.02,0,0.0
423,770000000,982,0.9858793616294861,0.16703279316425323,0.011918575502932072,5.843918552272953e-05,1.0000000627681844,1.0000001058666586,0.0,0.0,0.3357110294119813,0.023483190977534037,0.004097955231560224,0.2347955394019568,-7.580971817314208e-07,-4.3435768973972585e-05,0.0,-0.125,0.0,0.02,0.05,-0.04,0,0.0
424,143000000,983,0.9858834743499756,0.16700854897499084,0.011916078627109528,5.882863842998631e-05,1.0000000384088827,1.0000001008715294,0.0,0.0,0.3356618110540161,0.02347823713997156,0.004097311051488127,0.23475863060257923,-6.441800720962884e-07,-3.690879937755041e-05,-0.0625,0.125,0.125,0.0,0.03,-0.02,0,0.0
424,691000000,984,0.9858869910240173,0.16698794066905975,0.011913956142961979,5.9159672673558816e-05,1.0000000386250631,1.0000000768131054,0.0,0.0,0.33561998080170646,0.023474026597922658,0.004096763630678698,0.2347272657005813,-5.474208094290167e-07,-3.1364901997918e-05,-0.0625,0.125,0.0,0.0,0.04,-0.04,0,0.0
425,40000000,985,0.9858899712562561,0.1669704169034958,0.011912152171134949,5.9441052144393325e-05,1.0000000292235873,1.0000000676890028,0.0,0.0,0.335584408540438,0.02347044769863029,0.00409629835094702,0.23470060713566315,-4.6527973167863335e-07,-2.665856491816508e-05,0.0,-0.125,0.0,-0.01,0.04,-0.02,0,0.0
425,473000000,986,0.9858925342559814,0.16695553064346313,0.011910618282854557,5.9680223785107955e-05,1.000000052351864,1.0000000814601635,0.0,0.0,0.33555420029585015,0.02346740533214643,0.0040959030089806605,0.23467795570952638,-3.9534196635913205e-07,-2.2651426136781238e-05,0.125,0.0625,0.0625,0.0,0.04,-0.02,0,0.0
425,827000000,987,0.9858946800231934,0.16694286465644836,0.011909314431250095,5.988351767882705e-05,1.0000000377569964,1.000000090025476,0.0,0.0,0.3355284866959662,0.023464818448930138,0.004095566716943067,0.2346586875950884,-3.3629203759384663e-07,-1.926811443798223e-05,0.0625,-0.125,0.0,0.0,0.06,-0.03,0,0.0
426,192000000,988,0.9858965277671814,0.1669321060180664,0.011908206157386303,6.00563180341851e-05,1.0000000502318287,1.0000000879286166,0.0,0.0,0.33550665325723017,0.02346262016452519,0.004095281103524335,0.23464232315162276,-2.856134187316506e-07,-1.636444346562631e-05,0.125,-0.0625,0.0625,-0.01,0.02,-0.04,0,0.0
426,543000000,989,0.9858980774879456,0.16692295670509338,0.011907264590263367,6.020319779054262e-05,1.0000000396220217,1.0000000898103427,0.0,0.0,0.3354880790184571,0.02346075204449248,0.004095038416186676,0.23462841819143362,-2.4268733765913514e-07,-1.3904960189134767e-05,-0.3125,0.1875,-0.0625,0.0,0.06,-0.05,0,0.0
426,895000000,990,0.9858993887901306,0.1669151782989502,0.011906463652849197,6.032804594724439e-05,1.0000000245397562,1.000000064130339,0.0,0.0,0.33547228597009365,0.02345916280627348,0.004094831922039813,0.2346165869483242,-2.064941468631759e-07,-1.1831243109414567e-05,0.0625,-0.125,0.0625,0.0,0.03,-0.02,0,0.0
427,250000000,991,0.9859005212783813,0.16690857708454132,0.011905782856047153,6.043416942702606e-05,1.0000000311395367,1.0000000556566273,0.0,0.0,0.3354588892701745,0.02345781237737465,0.004094656677774024,0.23460654619151064,-1.7524426578884728e-07,-1.004075681356979e-05,-0.3125,-0.0625,0.0625,0.01,0.04,-0.02,0,0.0
427,600000000,992,0.9859014749526978,0.16690295934677124,0.011905204504728317,6.05243731115479e-05,1.0000000268550566,1.0000000579781887,0.0,0.0,0.33544748532279794,0.023456664943830977,0.00409450768028192,0.23459800926405505,-1.4899749210383478e-07,-8.536927455583542e-06,0.125,0.0,-0.125,-0.02,0.02,-0.02,0,0.0
427,952000000,993,0.985908567905426,0.16686107218265533,0.01190467830747366,6.060086889192462e-05,1.0000000233586712,1.000000049311165,0.0,0.0,0.3353624962714109,0.023455775562570787,0.004093486045393396,0.23453947389673932,-1.0216348885240534e-06,-5.85353673157466e-05,-0.125,0.0625,-0.125,0.0,0.05,-0.05,0,0.0
428,303000000,994,0.9859145879745483,0.16682547330856323,0.011904231272637844,6.066589048714377e-05,1.000000013864096,1.0000000365709052,0.0,0.0,0.3352902645599475,0.023455019832464976,0.004092617928047229,0.23448973443668186,-8.681173461668606e-07,-4.9739460057458606e-05,-0.125,-0.125,0.0,0.0,0.04,-0.04,0,0.0
428,655000000,995,0.985919713973999,0.16679520905017853,0.011903851293027401,6.072115866118111e-05,1.0000000147636652,1.000000028156587,0.0,0.0,0.33522886024045195,0.023454377674311445,0.004091879956151212,0.23444745176164078,-7.379718960174447e-07,-4.2282675041066826e-05,0.1875,0.0625,0.25,-0.01,0.03,-0.06,0,0.0
429,12000000,996,0.9859225749969482,0.16677838563919067,0.011903510428965092,6.0768044932046905e-05,1.0000000255291575,1.0000000401471574,0.0,0.0,0.33519472880344614,0.023453759891476404,0.004091458352995792,0.23442329568020587,-4.216031554192881e-07,-2.415608143492331e-05,-1.0,0.0625,-0.0625,0.0,0.03,0.0,0,0.0
429,373000000,997,0.9859265089035034,0.16675518453121185,0.011903238482773304,6.080798993934877e-05,1.0000000316553386,1.0000000569075753,0.0,0.0,0.33514765744955644,0.02345330668120811,0.004090894347325005,0.2343909805356483,-5.640056707873972e-07,-3.2315144557562804e-05,-0.3125,0.3125,0.0,0.0,0.05,-0.05,0,0.0
429,778000000,998,0.9859328269958496,0.16671766340732574,0.01190304383635521,6.084212873247452e-05,1.0000000023971805,1.0000000333286234,0.0,0.0,0.3350715231991751,0.02345306639014685,0.004090004009772881,0.23433996795156958,-8.903375521241916e-07,-5.101258407872512e-05,6.25,0.0,0.0,-0.04,0.08,-0.14,0,0.0
430,131000000,999,0.9859226942062378,0.1667778044939041,0.011902911588549614,5.1715811423491687e-05,1.000000038500751,1.000000038996467,0.0,0.0,0.335193343336723,0.02345560190931766,0.004073390236869677,0.2333880688824272,-1.6613772903203636e-05,-0.0009518990691423771,1.0625,0.25,0.0,0.0,0.04,-0.06,0,0.0
430,537000000,1000,0.9859125018119812,0.16683781147003174,0.011902780272066593,4.3958440073765814e-05,0.9999999973379096,1.0000000339562034,0.0,0.0,0.33531489871826486,0.023457683149493775,0.004059473957494788,0.2325907248077211,-1.3916279374888776e-05,-0.0007973440747060824,0.3125,0.0625,0.0,0.0,0.04,-0.04,0,0.0
430,925000000,1001,0.985896110534668,0.16693483293056488,0.011902686208486557,3.7364676245488226e-05,1.0000000272740188,1.0000000197492667,0.0,0.0,0.335511602466401,0.023459300845105113,0.004048746343536029,0.2319760778036386,-1.0727613958759138e-05,-0.0006146470040825278,0.3125,0.0625,-0.125,0.0,0.02,-0.06,0,0.0
431,318000000,1002,0.9858821034431458,0.16701729595661163,0.011902605183422565,3.175997335347347e-05,0.999999986028494,1.0000000097886292,0.0,0.0,0.3356787713082816,0.023460674018848878,0.0040396276887224355,0.231453617367983,-9.118654813593773e-06,-0.0005224604356555756,0.0,0.125,0.0625,-0.01,0.03,-0.03,0,0.0
431,723000000,1003,0.9858687520027161,0.1670963019132614,0.011902518570423126,2.699597825994715e-05,1.0000000204827912,1.0000000032898329,0.0,0.0,0.3358389713902112,0.023461772782754076,0.004032083267124087,0.23102135385153033,-7.5444215983482e-06,-0.0004322635164526946,0.3125,-0.25,0.0625,0.0,0.01,-0.05,0,0.0
432,97000000,1004,0.985857367515564,0.1671634465456009,0.011902444064617157,2.294658224855084e-05,1.0000000178234891,1.000000035979075,0.0,0.0,0.3359751117775897,0.0234627053237957,0.004025670140898111,0.23065390878529723,-6.413126225976104e-06,-0.0003674450662330926,-0.125,-0.125,0.125,-0.01,0.03,-0.04,0,0.0
432,550000000,1005,0.9858477115631104,0.16722051799297333,0.011902380734682083,1.9504594092722982e-05,1.0000000395398203,1.000000055682191,0.0,0.0,0.33609083700319453,0.023463499339029477,0.004020219075162901,0.23034158572482133,-5.451065735209877e-06,-0.00031232306047590313,-0.1875,-0.125,0.0625,0.01,0.02,-0.04,0,0.0
432,919000000,1006,0.9858394861221313,0.1672690212726593,0.01190232764929533,1.6578904251218773e-05,1.0000000417766954,1.0000000801021234,0.0,0.0,0.33618918403763254,0.023464175915743977,0.004015585834101976,0.2300761205665636,-4.6332410609251085e-06,-0.0002654651582577246,0.1875,-0.125,0.0625,0.02,0.04,-0.03,0,0.0
433,365000000,1007,0.9858325123786926,0.16731025278568268,0.011902282014489174,1.4092068340687547e-05,1.0000000638329145,1.0000001047321843,0.0,0.0,0.3362727936766852,0.023464750869049044,0.004011647565355728,0.22985047438881528,-3.938268746248551e-06,-0.00022564617774832013,-0.125,0.0,0.0,0.0,0.03,-0.03,0,0.0
433,760000000,1008,0.9858265519142151,0.1673453003168106,0.01190224289894104,1.197825804410968e-05,1.0000000517633476,1.0000001149621025,0.0,0.0,0.33634385396896305,0.02346523847938666,0.004008299993768926,0.22965867266527365,-3.3475715868012262e-06,-0.0001918017235416222,-0.0625,-0.0625,0.0,0.0,0.02,-0.02,0,0.0
434,153000000,1009,0.9858214855194092,0.1673750877380371,0.011902210302650928,1.0181519428442698e-05,1.0000000420103803,1.000000093315636,0.0,0.0,0.3364042496773627,0.023465654467703205,0.004005454740961299,0.22949565168774885,-2.845252807627714e-06,-0.00016302097752481594,-0.375,0.0625,-0.0625,-0.01,0.04,-0.03,0,0.0
434,606000000,1010,0.9858171939849854,0.16740040481090546,0.01190218236297369,8.654291377752088e-06,1.0000000487535905,1.0000000904331205,0.0,0.0,0.33645558655551455,0.023466008122404288,0.0040030361702251835,0.2293570777921156,-2.4185707361151776e-06,-0.00013857389563324844,0.0625,0.1875,0.125,0.0,0.03,-0.01,0,0.0
434,970000000,1011,0.985813558101654,0.16742192208766937,0.01190215814858675,7.356147762038745e-06,1.0000000663776376,1.0000001148922824,0.0,0.0,0.33649922235192703,0.02346630821635565,0.004000980194839008,0.22923927907970496,-2.0559753861754126e-06,-0.00011779871241063073,-0.125,0.1875,0.0,0.0,0.05,-0.04,0,0.0
435,320000000,1012,0.9858104586601257,0.16744022071361542,0.011902137659490108,6.252725597732933e-06,1.000000074418134,1.0000001406229446,0.0,0.0,0.3365363288238464,0.023466563355070174,0.003999232872774975,0.22913916489998576,-1.7473220640332882e-06,-0.00010011417971919518,-0.0625,0.1875,0.0625,0.0,0.02,-0.03,0,0.0
435,706000000,1013,0.9858078360557556,0.1674557775259018,0.011902120895683765,5.314816917234566e-06,1.000000093782895,1.0000001680761499,0.0,0.0,0.33656787949168554,0.023466781856159954,0.003997747948520492,0.22905408500730726,-1.4849242544832247e-06,-8.5079892678499e-05,-0.0625,0.0625,0.0625,0.0,0.01,-0.04,0,0.0
436,159000000,1014,0.9858055710792542,0.16746899485588074,0.011902105994522572,4.517594334174646e-06,1.0000000741782207,1.000000167870891,0.0,0.0,0.33659467395589854,0.02346696549101117,0.003996485408634836,0.2289817468003923,-1.262539885655417e-06,-7.233820691498494e-05,0.125,0.1875,0.0625,0.0,0.03,-0.06,0,0.0
436,612000000,1015,0.9858036637306213,0.1674802303314209,0.011902093887329102,3.839955297735287e-06,1.0000000754151122,1.0000001495281718,0.0,0.0,0.33661745655897846,0.023467123141625055,0.00399541246031389,0.2289202713899664,-1.072948320946475e-06,-6.147541042588111e-05,0.0625,0.125,0.0,0.0,0.06,-0.07,0,0.0
436,976000000,1016,0.9858020544052124,0.16748978197574615,0.01190208364278078,3.2639620712870965e-06,1.0000000885707527,1.0000001639387939,0.0,0.0,0.33663682871381145,0.02346725754435803,0.003994500508959015,0.22886802042621085,-9.119513548743602e-07,-5.225096375553803e-05,-0.375,0.0625,0.0625,0.0,0.01,-0.05,0,0.0
437,327000000,1017,0.985802173614502,0.16748899221420288,0.011902092956006527,2.774367658275878e-06,1.0000000739202155,1.0000001624905361,0.0,0.0,0.33663521063536617,0.023467442803547737,0.003993519282769038,0.22881180030677747,-9.812261899770636e-07,-5.622011943338766e-05,-0.0625,-0.0625,-0.125,0.0,0.01,-0.06,0,0.0
437,708000000,1018,0.9858022928237915,0.16748832166194916,0.011902101337909698,2.3582124413223937e-06,1.0000000792257968,1.0000001531456997,0.0,0.0,0.3366338424833762,0.023467601616754114,0.0039926854143048935,0.22876402316311292,-8.338684641447797e-07,-4.777714366455189e-05,0.0,0.125,0.0,0.0,0.03,-0.02,0,0.0
438,84000000,1019,0.9858023524284363,0.1674877554178238,0.01190210785716772,2.0044806205987697e-06,1.0000000432218996,1.000000122447476,0.0,0.0,0.33663267410849745,0.02346773441973065,0.0039919765117421655,0.22872340603818261,-7.089025627279866e-07,-4.061712493032173e-05,0.125,-0.0625,0.0625,0.0,0.02,-0.03,0,0.0
438,438000000,1020,0.985802412033081,0.1674872785806656,0.011902113445103168,1.703808493402903e-06,1.0000000221819803,1.0000000654037204,0.0,0.0,0.33663169312925967,0.02346784760636385,0.003991374066410651,0.22868888846329946,-6.02445331514441e-07,-3.4517574883137197e-05,-0.0625,-0.125,0.0625,0.0,0.02,-0.03,0,0.0
438,790000000,1021,0.9858024716377258,0.16748687624931335,0.011902118101716042,1.4482371852864162e-06,1.0000000136101033,1.0000000357919685,0.0,0.0,0.3366308683304141,0.02346794384375818,0.003990862027576837,0.22865955079917513,-5.120388338140242e-07,-2.933766412434413e-05,0.3125,0.1875,-0.125,0.0,0.03,-0.06,0,0.0
439,176000000,1022,0.9858025312423706,0.1674865335226059,0.011902122758328915,1.231001647283847e-06,1.0000000150214767,1.000000028631496,0.0,0.0,0.3366301685382399,0.0234680272356127,0.0039904270111120405,0.2286346261917236,-4.3501646479655875e-07,-2.4924607451544168e-05,-0.3125,-0.1875,0.0625,0.0,0.02,-0.03,0,0.0
439,559000000,1023,0.9858025908470154,0.16748623549938202,0.011902126483619213,1.0463513717695605e-06,1.0000000239091844,1.0000000389305983,0.0,0.0,0.3366295625725475,0.0234680978722014,0.003990057009235048,0.22861342664575995,-3.700018769928898e-07,-2.119954596361122e-05,-0.3125,0.125,0.0,0.01,0.03,0.0,0,0.0
440,13000000,1024,0.9858026504516602,0.16748598217964172,0.011902129277586937,8.893986773728102e-07,1.0000000402731635,1.0000000641823028,0.0,0.0,0.3366290503234553,0.02346815739131891,0.003989742382804394,0.22859539987916025,-3.1462643065340024e-07,-1.8026766599705305e-05,-0.0625,0.0,-0.0625,0.0,0.04,-0.02,0,0.0
440,364000000,1025,0.9858026504516602,0.167485773563385,0.01190213207155466,7.559888786090596e-07,1.0000000053660318,1.0000000456391656,0.0,0.0,0.3366286128617738,0.023468207602604704,0.0039894752503777135,0.22858009431854037,-2.671324266807079e-07,-1.530556061989247e-05,0.125,0.25,0.0,0.0,0.02,-0.02,0,0.0
440,716000000,1026,0.9858026504516602,0.16748559474945068,0.01190213393419981,6.425905212381622e-07,0.9999999754393476,0.9999999808053573,0.0003918636774645313,0.02245213486319339,0.3366282379077034,0.023468249271933098,0.003989247980551625,0.2285670727166948,-2.27269826088769e-07,-1.3021601845558673e-05,0.125,0.3125,0.0625,-0.02,0.01,-0.04,0,0.0
441,69000000,1027,0.9858027100563049,0.16748544573783875,0.011902136728167534,5.462019885271729e-07,1.000000009273676,0.9999999847130064,0.00034970837678103113,0.020036814049923878,0.33662794427347376,0.02346828849772567,0.00398905527825891,0.22855603168861977,-1.9270229271485528e-07,-1.1041028075055798e-05,0.25,-0.1875,0.0625,0.0,0.04,-0.03,0,0.0
441,419000000,1028,0.9858027100563049,0.167485311627388,0.011902138590812683,4.6427169309026795e-07,0.9999999868342644,0.9999999961079281,0.000176455589642865,0.010110160558028526,0.3366276631353675,0.023468319623086497,0.003988891132031963,0.22854662680259272,-1.641462269467639e-07,-9.404886027046157e-06,-0.125,-0.0625,-0.0625,-0.01,0.02,-0.04,0,0.0
441,766000000,1029,0.9858027696609497,0.16748520731925964,0.011902140453457832,3.9463097323277907e-07,1.0000000281447519,1.000000014979007,0.0,0.0,0.33662746319632053,0.023468348049838977,0.003988751932138731,0.22853865123620185,-1.3919989323186999e-07,-7.975566390857823e-06,-0.125,0.0625,0.0,0.01,0.01,-0.05,0,0.0
442,117000000,1030,0.9858027696609497,0.1674851030111313,0.011902141384780407,3.35436311615922e-07,1.0000000106857523,1.0000000388304973,0.0,0.0,0.336627244627012,0.023468369720537494,0.003988633020979009,0.22853183812861275,-1.1891115972266497e-07,-6.813107589114728e-06,-0.1875,-0.1875,0.125,0.0,0.02,-0.03,0,0.0
442,574000000,1031,0.9858027696609497,0.16748501360416412,0.011902142316102982,2.851208762422175e-07,0.9999999957224902,1.0000000064082373,0.0,0.0,0.33662705729349685,0.02346838841610917,0.00398853197563964,0.22852604865712747,-1.0104533936829141e-07,-5.789471485270202e-06,-0.0625,0.1875,-0.0625,0.01,0.03,-0.03,0,0.0
442,924000000,1032,0.9858027696609497,0.16748493909835815,0.011902143247425556,2.4235274054262845e-07,0.9999999832549604,0.9999999789774472,0.00041009806518272225,0.023496888321450915,0.33662690116583605,0.023468404582841447,0.00398844616938449,0.2285211323208515,-8.580625515067913e-08,-4.916336275956596e-06,0.1875,-0.1875,0.0625,0.0,0.01,0.0,0,0.0
443,292000000,1033,0.9858028292655945,0.16748489439487457,0.01190214417874813,2.0599983940883249e-07,1.000000034537303,1.0000000177922608,0.0,0.0,0.3366268261051578,0.02346842001928437,0.003988373724461762,0.22851698153253208,-7.244492272739933e-08,-4.150788319431358e-06,-0.0625,-0.125,0.0,0.0,0.03,-0.03,0,0.0
443,737000000,1034,0.9858028292655945,0.167484849691391,0.01190214417874813,1.7509985639208026e-07,1.0000000270501401,1.0000000615874427,0.0,0.0,0.33662673230202667,0.023468430372711842,0.003988311721164798,0.2285134290053001,-6.200329696458978e-08,-3.552527231967303e-06,0.0625,0.0625,0.125,0.0,0.03,-0.02,0,0.0
444,86000000,1035,0.9858028292655945,0.1674848049879074,0.01190214417874813,1.488348715383836e-07,1.0000000195629808,1.0000000466131203,0.0,0.0,0.336626638603067,0.02346843917312261,0.003988258858700878,0.22851040020922286,-5.286246391924404e-08,-3.0287960772352763e-06,-0.0625,-0.125,0.0625,0.01,0.01,-0.03,0,0.0
444,565000000,1036,0.9858028292655945,0.16748476028442383,0.01190214417874813,1.2650963299165596e-07,1.0000000120758246,1.0000000316388045,0.0,0.0,0.33662654499265343,0.023468446653470244,0.0039882137659408455,0.2285078165843864,-4.509276003289431e-08,-2.583624836481043e-06,0.0,-0.125,0.0625,0.0,0.01,-0.02,0,0.0
445,68000000,1037,0.9858028292655945,0.16748473048210144,0.01190214417874813,1.0753318946399304e-07,1.000000007084388,1.0000000191602123,0.0,0.0,0.33662648249372557,0.02346845301175773,0.003988175632256559,0.22850563168521948,-3.8133684286678626e-08,-2.1848991669110307e-06,0.25,0.0625,0.0625,0.0,0.03,-0.04,0,0.0
445,558000000,1038,0.9858028292655945,0.16748470067977905,0.01190214417874813,9.140320855749451e-08,1.000000002092953,1.0000000091773407,0.0,0.0,0.3366264200587715,0.02346845841630245,0.003988143112175278,0.2285037684218127,-3.252008128062922e-08,-1.8632634068024477e-06,-0.125,0.0,-0.125,0.01,0.02,-0.04,0,0.0
445,959000000,1039,0.9858028292655945,0.16748467087745667,0.01190214417874813,7.769272514224213e-08,0.9999999971015192,0.9999999991944718,8.027593411761505e-05,0.004599472221409594,0.3366263576781953,0.02346846301016452,0.00398811536366496,0.22850217854928365,-2.7748510318496844e-08,-1.5898725290250849e-06,0.1875,0.0625,-0.0625,0.01,0.03,-0.03,0,0.0
446,364000000,1040,0.9858028292655945,0.16748465597629547,0.01190214417874813,6.60388153050917e-08,0.9999999946058025,0.9999999917073216,0.00025756829687354285,0.014757576347226643,0.3366263263800603,0.02346846691494426,0.0039880920257977836,0.22850084138799162,-2.3337867176113913e-08,-1.337161292028224e-06,0.0625,0.0625,-0.1875,-0.02,0.03,-0.03,0,0.0
446,717000000,1041,0.9858028292655945,0.16748464107513428,0.01190214417874813,5.6132993364599315e-08,0.9999999921100861,0.9999999867158884,0.00032599523454099474,0.018678151080576393,0.33662629512121284,0.02346847023400627,0.0039880721353925215,0.2284997017517173,-1.989040526208241e-08,-1.1396362743221261e-06,-0.1875,0.0625,-0.0625,0.0,0.03,-0.04,0,0.0
447,182000000,1042,0.9858028292655945,0.16748462617397308,0.01190214417874813,4.7713044182273734e-08,0.9999999896143701,0.9999999817244561,0.0003823667758756634,0.021908002483700173,0.3366262638957598,0.023468473055208904,0.003988055175326033,0.22849873001148727,-1.6960066488366787e-08,-9.7174023004468e-07,0.0625,0.0625,-0.0625,0.0,0.01,-0.03,0,0.0
447,593000000,1043,0.9858028292655945,0.1674846112728119,0.01190214417874813,4.055608826547541e-08,0.9999999871186545,0.9999999767330245,0.0004314345887629193,0.024719381072077568,0.336626232698692,0.023468475453230636,0.003988040706050306,0.22849790098305547,-1.4469275727221897e-08,-8.290284317808997e-07,0.0,0.0,0.125,0.0,0.05,-0.05,0,0.0
447,944000000,1044,0.9858028292655945,0.1674845963716507,0.01190214417874813,3.4472673604568627e-08,0.9999999846229392,0.9999999717415936,0.0004754653007379998,0.027242155037205815,0.3366262015257519,0.023468477491549636,0.00398802835394077,0.228497193259311,-1.2352109535727906e-08,-7.077237444805078e-07,0.25,0.0625,0.0625,0.0,0.03,-0.05,0,0.0
448,298000000,1045,0.9858028292655945,0.1674845963716507,0.01190214417874813,2.9301771675704913e-08,0.9999999846229389,0.9999999692458783,0.000496017111409422,0.028419687050030232,0.3366262014095387,0.023468479224119584,0.0039880181562341735,0.22849660897376228,-1.0197706596694334e-08,-5.842855487033037e-07,0.125,0.0,0.0625,-0.02,0.02,-0.04,0,0.0
448,751000000,1046,0.9858028292655945,0.1674845963716507,0.01190214417874813,2.4906505302624282e-08,0.9999999846229388,0.999999969245878,0.0004960171140953528,0.028419687203922732,0.3366262013107575,0.023468480696803948,0.003988009488184091,0.22849611233107597,-8.668050082392964e-09,-4.966426863291424e-07,-0.25,0.0625,0.0,0.0,0.04,-0.03,0,0.0
449,104000000,1047,0.9858028292655945,0.1674845963716507,0.01190214417874813,2.1170530217773376e-08,0.9999999846229387,0.9999999692458779,0.0004960171149906631,0.028419687255220233,0.3366262012267935,0.023468481948585213,0.003988002120344148,0.2284956901849431,-7.367839943185628e-09,-4.2214613287244473e-07,-0.1875,-0.125,0.0625,-0.01,0.04,-0.03,0,0.0
449,556000000,1048,0.9858028292655945,0.1674845963716507,0.01190214417874813,1.7994951306832263e-08,0.9999999846229387,0.9999999692458776,0.0004960171167812836,0.02841968735781523,0.33662620115542413,0.023468483012599316,0.00398799585768002,0.22849533136072006,-6.262664127738848e-09,-3.5882422302741507e-07,0.25,0.0,0.0,-0.01,0.01,-0.02,0,0.0
449,944000000,1049,0.9858028292655945,0.1674845963716507,0.01190214417874813,1.5295707811446846e-08,0.9999999846229386,0.9999999692458775,0.0004960171176765939,0.028419687409112732,0.3366262010947601,0.02346848391701178,0.0039879905344127105,0.22849502635997002,-5.32326730959265e-09,-3.050007500596194e-07,-0.375,-0.1875,0.125,0.0,0.02,-0.04,0,0.0
450,324000000,1050,0.9858028292655945,0.1674845963716507,0.01190214417874813,1.3001351106822767e-08,0.9999999846229386,0.9999999692458775,0.0004960171176765939,0.028419687409112732,0.3366262010431958,0.023468484685762285,0.003987986009636022,0.2284947671093625,-4.5247766887468455e-09,-2.59250607504374e-07,-0.125,0.0,0.125,0.01,0.04,-0.04,0,0.0
450,774000000,1051,0.9858028292655945,0.1674845963716507,0.01190214417874813,1.1051148440799352e-08,0.9999999846229386,0.9999999692458774,0.0004960171185719041,0.02841968746041023,0.336626200999366,0.02346848533920004,0.0039879821635768874,0.22849454674640635,-3.8460591343658646e-09,-2.2036295615690285e-07,0.0625,-0.0625,-0.0625,0.0,0.02,-0.04,0,0.0
451,307000000,1052,0.9858046174049377,0.1674741804599762,0.011902055703103542,9.39347621908837e-09,1.000000001873798,0.9999999864408886,0.00032935222992861704,0.018870492748132035,0.3366050707998856,0.023468353984480227,0.003987701225270875,0.22847845016716825,-2.8093830601282066e-07,-1.6096579238089422e-05,-0.125,0.0,0.0,0.0,0.01,-0.01,0,0.0
451,688000000,1053,0.9858061075210571,0.16746532917022705,0.011901980265974998,7.984454875042957e-09,0.9999999876170811,0.9999999894505935,0.0002905086088645479,0.01664491720015541,0.33658710541544884,0.02346824116362974,0.003987462405774618,0.2284647668179673,-2.3881949625693955e-07,-1.3683349200962997e-05,-0.1875,0.125,0.0,0.0,0.04,-0.05,0,0.0
452,47000000,1054,0.9858074188232422,0.16745780408382416,0.01190191600471735,6.786786688195434e-09,1.0000000193800513,1.0000000069679573,0.0,0.0,0.33657184591091754,0.023468146054414277,0.003987259328992132,0.22845313137541376,-2.030767824855867e-07,-1.1635442553520353e-05,0.1875,-0.125,-0.125,-0.01,0.03,-0.05,0,0.0
452,401000000,1055,0.9858084917068481,0.167451411485672,0.011901861056685448,5.768768573943817e-09,1.0000000059132437,1.0000000252722856,0.0,0.0,0.3365588699226287,0.023468063574994598,0.003987086694685811,0.22844324015826242,-1.72634306320682e-07,-9.89121715134371e-06,-0.3125,0.0625,-0.0625,0.0,0.04,-0.04,0,0.0
452,838000000,1056,0.9858094453811646,0.16744597256183624,0.011901814490556717,4.903453199034402e-09,1.0000000347590325,1.00000004065703,0.0,0.0,0.33654784268694315,0.02346799473622829,0.003986939879272126,0.22843482825469077,-1.4681541368570528e-07,-8.411903571658138e-06,-0.1875,-0.0625,-0.0625,0.0,0.03,-0.02,0,0.0
453,201000000,1057,0.9858102202415466,0.16744135320186615,0.011901775375008583,4.167935330201544e-09,1.0000000246759178,1.0000000594239808,0.0,0.0,0.33653846601062903,0.023467936289966844,0.003986815331736024,0.2284276922065234,-1.245475361013118e-07,-7.136048167358422e-06,0.0,-0.1875,0.0625,0.01,0.0,-0.03,0,0.0
453,572000000,1058,0.9858108758926392,0.16743741929531097,0.011901741847395897,3.5427449862623916e-09,1.000000011933744,1.0000000366017088,0.0,0.0,0.33653047938285874,0.023467885988562816,0.003986709195858689,0.22842161106869718,-1.0613587733514229e-07,-6.081137826221864e-06,0.125,-0.1875,0.0,0.0,0.04,-0.03,0,0.0
453,943000000,1059,0.9858114719390869,0.16743408143520355,0.011901712976396084,3.0113331828118817e-09,1.000000040302265,1.0000000522302614,0.0,0.0,0.3365237154154627,0.023467843420074058,0.003986618997842233,0.2284164431030338,-9.019801645599596e-08,-5.167965663380115e-06,0.0,-0.125,0.0625,-0.01,0.05,-0.02,0,0.0
454,350000000,1060,0.9858119487762451,0.16743123531341553,0.011901688762009144,2.5596331720834087e-09,1.0000000335519905,1.000000073850093,0.0,0.0,0.33651793801022456,0.023467807170060924,0.003986542226198572,0.22841204441186574,-7.67716436611901e-08,-4.3986911680684725e-06,0.0625,-0.1875,0.0625,0.01,0.03,-0.02,0,0.0
454,751000000,1061,0.9858123660087585,0.16742882132530212,0.011901668272912502,2.1756880741463647e-09,1.0000000404469216,1.0000000739959127,0.0,0.0,0.33651304185297765,0.0234677768250179,0.00398647712590692,0.228408314439909,-6.510029165220088e-08,-3.7299719567418554e-06,0.0,-0.0625,-0.0625,0.01,0.04,-0.03,0,0.0
455,108000000,1062,0.9858127236366272,0.16742676496505737,0.011901650577783585,1.8493347964110285e-09,1.0000000484985014,1.0000000889432468,0.0,0.0,0.3365088717496112,0.02346775055164293,0.003986421590741733,0.22840513250932923,-5.553516518701229e-08,-3.1819305797776614e-06,0.0625,-0.0625,-0.0625,-0.01,0.02,-0.01,0,0.0
455,547000000,1063,0.9858130216598511,0.1674250215291977,0.01190163567662239,1.5719345825004893e-09,1.0000000502199775,1.000000098716917,0.0,0.0,0.33650533459233356,0.02346772835284337,0.003986374539220027,0.2284024366557158,-4.7051521705719634e-08,-2.6958536134059194e-06,0.0625,-0.25,0.125,0.0,0.03,-0.04,0,0.0
455,900000000,1064,0.9858132600784302,0.1674235463142395,0.011901622638106346,1.3361444173298764e-09,1.0000000381141587,1.0000000883330213,0.0,0.0,0.3365023372592469,0.023467708394364125,0.003986334580319629,0.22840014717936905,-3.9958900397742136e-08,-2.289476346774251e-06,-0.1875,-0.3125,-0.0625,0.0,0.03,-0.03,0,0.0
456,298000000,1065,0.9858134984970093,0.16742229461669922,0.011901612393558025,1.1357227380770496e-09,1.000000063465598,1.0000001015789477,0.0,0.0,0.3364998055022996,0.023467693934203795,0.003986300949430914,0.22839822027138437,-3.363088871537884e-08,-1.9269079846653544e-06,-0.125,0.0625,0.0625,0.0,0.04,-0.04,0,0.0
456,731000000,1066,0.9858136773109436,0.16742122173309326,0.01190160308033228,9.653643440188375e-10,1.0000000600079024,1.0000001234729128,0.0,0.0,0.3364976273413282,0.02346767988151763,0.003986271947472311,0.22839655858155883,-2.900195860289917e-08,-1.6616898255592518e-06,0.1875,-0.0625,-0.0625,0.0,0.03,-0.04,0,0.0
457,82000000,1067,0.9858138561248779,0.16742031276226044,0.011901595629751682,8.205596757626665e-10,1.000000084015871,1.0000001440233495,0.0,0.0,0.33649579059928575,0.023467669493719326,0.003986247522849254,0.22839515915374148,-2.4424623056712447e-08,-1.3994278173475432e-06,-0.3125,0.0625,0.0625,0.0,0.04,-0.04,0,0.0
457,533000000,1068,0.9858139753341675,0.16741953790187836,0.01190158911049366,6.974757438271695e-10,1.0000000717293915,1.0000001557449612,0.0,0.0,0.3364942143465834,0.02346765951619675,0.0039862266463017585,0.22839396301567916,-2.08765474959266e-08,-1.1961380623210014e-06,0.25,0.1875,-0.0625,-0.02,0.05,-0.01,0,0.0
457,896000000,1069,0.985814094543457,0.16741888225078583,0.011901583522558212,5.928543767019789e-10,1.0000000794124884,1.0000001511416634,0.0,0.0,0.3364928863915979,0.02346765136921447,0.003986208956605044,0.22839294947071653,-1.7689696714395797e-08,-1.0135449626013184e-06,-0.0625,-0.0625,0.0,-0.01,0.03,-0.03,0,0.0
458,279000000,1070,0.985814094543457,0.16741830110549927,0.01190157700330019,5.039261785633187e-10,0.9999999820403764,1.0000000614526992,0.0,0.0,0.3364916759114514,0.023467638541906657,0.003986192759718802,0.22839202145749363,-1.6196886241937047e-08,-9.280132229165017e-07,-0.125,0.125,-0.0625,0.0,0.04,-0.02,0,0.0
458,652000000,1071,0.9858142137527466,0.16741782426834106,0.011901573278009892,4.2833725455437843e-10,1.0000000196830914,1.0000000017233472,0.0,0.0,0.33649072041016015,0.023467634058651352,0.003986180008980732,0.22839129089401652,-1.2750738070423095e-08,-7.305634771120265e-07,0.0625,-0.125,0.0,0.0,0.04,-0.04,0,0.0
459,90000000,1072,0.9858142733573914,0.16741742193698883,0.011901570484042168,3.640866774734519e-10,1.0000000110515879,1.0000000307345966,0.0,0.0,0.3364899012564827,0.023467629989156056,0.003986169366656558,0.22839068113375716,-1.064232417382488e-08,-6.097602593702163e-07,0.625,0.0625,-0.0625,-0.01,0.04,-0.01,0,0.0
459,579000000,1073,0.9858143329620361,0.16741707921028137,0.011901567690074444,3.094736689135402e-10,1.0000000123990835,1.000000023450611,0.0,0.0,0.3364892062441448,0.023467625916432082,0.003986160162500583,0.2283901537744658,-9.204155974711081e-09,-5.273592913310654e-07,0.0625,0.1875,-0.0625,0.0,0.02,-0.03,0,0.0
459,988000000,1074,0.9858143925666809,0.1674167960882187,0.01190156489610672,2.6305260747427894e-10,1.0000000237255169,1.0000000361245591,0.0,0.0,0.3364886353730554,0.02346762184096364,0.003986152393660818,0.22838970865273556,-7.768839765075197e-09,-4.451217302522148e-07,0.125,-0.1875,-0.0625,-0.01,0.03,-0.03,0,0.0
460,393000000,1075,0.9858144521713257,0.1674165427684784,0.01190156303346157,2.2359471218980076e-10,1.0000000400525193,1.0000000637780035,0.0,0.0,0.3364881265872962,0.023467619599890577,0.003986145660232593,0.22838932285571664,-6.733428224714455e-09,-3.8579701893040477e-07,0.0625,-0.25,0.125,0.0,0.0,-0.04,0,0.0
460,768000000,1076,0.9858145117759705,0.16741633415222168,0.011901561170816422,1.9005549911632613e-10,1.000000063863681,1.0000001039161797,0.0,0.0,0.3364877109074228,0.023467617356834704,0.003986140002845925,0.22838899871133744,-5.657386668508901e-09,-3.2414437917913735e-07,-0.25,0.0625,-0.125,0.0,0.0,-0.04,0,0.0
461,215000000,1077,0.9858145117759705,0.16741615533828735,0.011901559308171272,1.6154717841221355e-10,1.0000000339051567,1.0000000977688244,0.0,0.0,0.3364873384546191,0.023467613692926177,0.003986135064960455,0.2283887157913403,-4.937885470304715e-09,-2.8291999716743177e-07,-0.0625,0.1875,0.0625,0.0,0.02,-0.05,0,0.0
461,595000000,1078,0.9858145117759705,0.16741600632667542,0.011901558376848698,1.373151037320497e-10,1.000000008947133,1.000000042852279,0.0,0.0,0.33648702808706427,0.02346761186431377,0.003986131157184397,0.2283884918922649,-3.907776057604506e-09,-2.2389907538300987e-07,-0.125,-0.0625,0.0625,0.0,0.04,-0.03,0,0.0
462,40000000,1079,0.9858145713806152,0.16741588711738586,0.011901558376848698,1.1671785760114517e-10,1.0000000477487214,1.0000000566958467,0.0,0.0,0.33648679864823566,0.023467613290379403,0.0039861282782517925,0.22838832694157718,-2.878932604463702e-09,-1.6495068773837613e-07,0.1875,0.125,0.0,0.0,0.05,-0.02,0,0.0
462,504000000,1080,0.9858145713806152,0.1674157828092575,0.011901557445526123,9.921017479763705e-11,1.0000000302748053,1.000000078023523,0.0,0.0,0.3364865813865638,0.02346761145951469,0.0039861254481048415,0.22838816478610147,-2.830146950995316e-09,-1.6215547569384983e-07,-0.3125,-0.125,-0.0625,0.0,0.02,-0.02,0,0.0
462,856000000,1081,0.9858145713806152,0.16741569340229034,0.011901556514203548,8.43286482310468e-11,1.0000000152955881,1.0000000455703901,0.0,0.0,0.3364863951601954,0.023467609627770405,0.003986122977926367,0.22838802325530025,-2.470178474094087e-09,-1.4153080120965692e-07,0.1875,0.0,0.0,0.0,0.03,-0.03,0,0.0
463,228000000,1082,0.9858145713806152,0.16741561889648438,0.011901555582880974,7.167934995555569e-11,1.0000000028110656,1.0000000181066513,0.0,0.0,0.33648623996911664,0.02346760779527849,0.0039861208669394015,0.2283879023046565,-2.11098696595996e-09,-1.209506437566325e-07,0.125,-0.25,-0.0625,-0.01,0.04,-0.04,0,0.0
463,672000000,1083,0.98581463098526,0.1674155592918396,0.011901555582880974,6.09274505847246e-11,1.000000051591447,1.0000000544025103,0.0,0.0,0.33648613467143446,0.023467609218046317,0.0039861194265795,0.22838781977811315,-1.4403599016624136e-09,-8.252654334513459e-08,0.25,0.25,0.0,-0.02,0.03,-0.05,0,0.0
464,116000000,1084,0.9858143925666809,0.1674170047044754,0.011901662684977055,5.178833403784999e-11,1.0000000598152479,1.000000111405619,0.0,0.0,0.33648907139930756,0.02346781476817694,0.0039861897144227105,0.2283918469748802,7.028784321065629e-08,4.027196767047863e-06,0.1875,0.125,-0.0625,0.0,0.04,-0.06,0,0.0
464,489000000,1085,0.9858141541481018,0.1674182415008545,0.011901753954589367,4.402008271786606e-11,1.0000000329265852,1.000000092741038,0.0,0.0,0.33649157338598995,0.023467989093376156,0.003986249732739485,0.2283952857711249,6.001831677482361e-08,3.438796244676624e-06,-0.0625,-0.1875,0.0625,0.0,0.03,-0.03,0,0.0
464,864000000,1086,0.9858139753341675,0.16741928458213806,0.01190183125436306,3.7417069442824413e-11,1.000000032200678,1.0000000651267011,0.0,0.0,0.3364936905391596,0.023468137286389277,0.003986300459895072,0.2283981922230467,5.0727155586315076e-08,2.906451921799331e-06,0.4375,-0.125,0.0625,0.0,0.04,-0.02,0,0.0
465,274000000,1087,0.9858137965202332,0.1674201786518097,0.011901896446943283,3.180451041417953e-11,1.0000000063842367,1.0000000385844974,0.0,0.0,0.3364954971497717,0.023468261601564122,0.003986343583973325,0.228400663050726,4.312407825366599e-08,2.4708276793269546e-06,0.25,0.0625,-0.0625,0.0,0.04,-0.06,0,0.0
465,658000000,1088,0.9858136773109436,0.16742093861103058,0.01190195232629776,2.7033833505107907e-11,1.0000000167639505,1.0000000231478898,0.0,0.0,0.33649704314069584,0.02346836896835751,0.003986380395676463,0.2284027722059525,3.681170313799692e-08,2.109155226495712e-06,0.125,-0.0625,0.0625,0.0,0.01,-0.06,0,0.0
466,125000000,1089,0.985813558101654,0.16742157936096191,0.011901999823749065,2.297875778545233e-11,1.0000000070862833,1.0000000238500204,0.0,0.0,0.33649834071773616,0.023468459804345233,0.003986411561577164,0.22840455788052735,3.1165900700458327e-08,1.7856745748600783e-06,0.1875,0.0,0.0625,-0.01,0.03,-0.06,0,0.0
466,474000000,1090,0.9858134388923645,0.1674221307039261,0.011902039870619774,1.9531943770689786e-11,0.9999999823516569,0.9999999894377805,0.00029068497810549675,0.016655022413297704,0.33649945196596065,0.02346853594629553,0.003986438103112246,0.2284060785984694,2.654153508259427e-08,1.5207179420310605e-06,0.3125,0.0,-0.0625,0.0,0.02,-0.04,0,0.0
466,841000000,1091,0.9858136177062988,0.16742108762264252,0.01190196629613638,1.6602151944877797e-11,0.9999999831188217,0.9999999654699161,0.0005255860279880121,0.030113861174757853,0.33649733486917394,0.023468395103538323,0.0039863886047049905,0.22840324254864103,-4.9498407255800514e-08,-2.8360498283771003e-06,-0.375,0.0,0.0,-0.01,0.03,-0.03,0,0.0
467,285000000,1092,0.9858152866363525,0.16741129755973816,0.011901922523975372,1.4111828892937606e-11,0.9999999888381578,0.9999999719076634,0.00047406612787345345,0.02716198833725808,0.3364774716486923,0.023468348516111306,0.003986140827319793,0.22838904595021045,-2.4777738519710796e-07,-1.4196598430581565e-05,-0.3125,0.0,0.0,0.0,0.02,-0.03,0,0.0
467,664000000,1093,0.9858152270317078,0.1674118936061859,0.01190186757594347,1.1995055122782095e-11,1.0000000292100906,1.000000018048068,0.0,0.0,0.33647869334853214,0.023468238730555816,0.003986136601877882,0.22838880385022234,-4.225441911295813e-09,-2.4209998809494206e-07,-0.3125,0.0625,0.0,0.0,0.02,-0.04,0,0.0
468,9000000,1094,0.985815167427063,0.1674123853445053,0.011901820078492165,1.0195796464051998e-11,1.0000000522085817,1.0000000814185501,0.0,0.0,0.33647969791954313,0.02346814363874425,0.003986132390075943,0.22838856253174708,-4.2118019393314055e-09,-2.4131847526870476e-07,-0.25,0.3125,0.0625,0.0,0.03,-0.03,0,0.0
468,380000000,1095,0.985813319683075,0.16742320358753204,0.01190186943858862,8.666426951076112e-12,1.000000042430104,1.0000000945784626,0.0,0.0,0.3365016461413785,0.023468196990595457,0.003986406511349064,0.2284042685237717,2.741212731215137e-07,1.570599202461567e-05,-0.5625,-0.1875,0.0625,0.0,0.02,-0.03,0,0.0
468,753000000,1096,0.9858134984970093,0.16742199659347534,0.011901821941137314,7.366462474733826e-12,1.0000000160638884,1.000000058493248,0.0,0.0,0.33649918806525503,0.023468107575591965,0.003986361852621552,0.22840170976716684,-4.465872751203276e-08,-2.5587566048642524e-06,0.5625,0.0,0.0625,-0.03,0.05,-0.03,0,0.0
469,149000000,1097,0.9858196973800659,0.16738536953926086,0.011901854537427425,6.261493060155665e-12,0.9999999959098749,1.0000000112837792,0.0,0.0,0.33642486400177823,0.02346831945844218,0.003985500681259635,0.22835236828269143,-8.611713619172817e-07,-4.934148447539339e-05,-2.0625,-0.3125,0.0,0.0,0.1,0.1,0,0.0
469,610000000,1098,0.985820472240448,0.1673809438943863,0.011901827529072762,5.322269101132315e-12,1.0000000186829436,1.0000000145827248,0.0,0.0,0.33641589117544013,0.02346828464294279,0.0039853862555518154,0.22834581217256558,-1.1442570781953348e-07,-6.556110125856371e-06,1.625,-0.0625,0.0,0.01,0.03,-0.06,0,0.0
469,985000000,1099,0.9858024716377258,0.1674869954586029,0.011901800520718098,4.523928974486946e-12,1.0000000297952167,1.0000000426926825,0.0,0.0,0.33663107907690165,0.023467802780578948,0.003987902289439352,0.2284899702954333,2.5160338875361565e-06,0.000144158122867715,0.125,0.0,-0.25,0.01,0.03,-0.06,0,0.0
470,434000000,1100,0.9857965111732483,0.16752222180366516,0.011901779100298882,3.8453394114734696e-12,1.0000000542925669,1.0000000834495741,0.0,0.0,0.3367025638110264,0.023467618617228347,0.00398873384346572,0.22853761483158133,8.315540263688012e-07,4.7644536148042676e-05,-0.125,-0.125,-0.125,-0.02,0.04,-0.03,0,0.0
470,797000000,1101,0.9857929348945618,0.16754326224327087,0.011901779100298882,3.2685384347003188e-12,1.0000000537784501,1.0000001078432752,0.0,0.0,0.3367452566227543,0.02346753346581709,0.003989234813615134,0.22856631830680477,5.009701494135613e-07,2.8703475223435313e-05,-0.25,-0.0625,0.0,0.01,0.03,-0.03,0,0.0
471,245000000,1102,0.9857913851737976,0.16755224764347076,0.011901797726750374,2.7782576586532493e-12,1.0000000317811906,1.000000085518073,0.0,0.0,0.33676348203128587,0.02346753330065828,0.00398945500136733,0.2285789341357061,2.2018775219616316e-07,1.2615828901312572e-05,0.0,0.0,0.0625,0.01,0.04,-0.05,0,0.0
471,658000000,1103,0.9857900738716125,0.1675598919391632,0.011901813559234142,2.361518966487175e-12,1.0000000201482309,1.0000000518993446,0.0,0.0,0.3367789895237537,0.023467533302102248,0.003989642321141664,0.22858966676819478,1.8731977433419922e-07,1.0732632488692615e-05,0.25,-0.125,0.0,0.01,0.05,-0.04,0,0.0
472,10000000,1104,0.9857889413833618,0.16756638884544373,0.011901826597750187,2.007291034777925e-12,0.9999999925503973,1.000000012676882,0.0,0.0,0.33679216370737236,0.02346753205099826,0.003989801385021026,0.22859878045715518,1.5906387936144573e-07,9.11368896038892e-06,-0.0625,-0.0625,0.0625,0.0,0.05,-0.03,0,0.0
472,364000000,1105,0.9857879877090454,0.16757191717624664,0.011901837773621082,1.7061973578771927e-12,0.9999999789399806,0.999999971474642,0.00047770583500911836,0.027370528194795327,0.336803377030848,0.02346753138406138,0.003989936762742622,0.22860653702924272,1.35377721596254e-07,7.756572087562412e-06,0.0625,0.0,-0.0625,0.0,0.04,-0.05,0,0.0
472,809000000,1106,0.9857872128486633,0.1675766110420227,0.011901847086846828,1.450267748774603e-12,1.000000001774172,0.9999999807028362,0.0003929087814531952,0.022512014910896123,0.33681290882154674,0.023467531301316926,0.003990051647341956,0.2286131194319156,1.1488459933373107e-07,6.58240267287426e-06,0.125,-0.125,0.0625,0.0,0.05,-0.03,0,0.0
473,170000000,1107,0.9857865571975708,0.16758060455322266,0.01190185546875,1.23272757019538e-12,1.0000000247687308,1.000000026534714,0.0,0.0,0.3368210195654288,0.023467532220259706,0.003990149544290181,0.2286187285138761,9.789694822501249e-08,5.6090819605039516e-06,0.0625,0.0625,0.0625,0.0,0.04,-0.02,0,0.0
473,547000000,1108,0.9857890009880066,0.1675661951303482,0.011901899240911007,1.0478184075610186e-12,1.0000000197124672,1.0000000443743957,0.0,0.0,0.3367917802228632,0.023467676731624015,0.003989821136158124,0.22859991211395148,-3.284081320567567e-07,-1.8816399924627154e-05,-0.1875,0.125,0.0625,0.0,0.07,0.0,0,0.0
473,912000000,1109,0.985802173614502,0.16748863458633423,0.011901848949491978,8.906456301638332e-13,1.0000000111135439,1.000000027731432,0.0,0.0,0.336634399574564,0.023467891194496607,0.003987957545927426,0.22849313625899068,-1.8635902306980354e-06,-0.00010677585496080885,-0.6875,0.1875,-0.125,0.0,0.03,0.0,0,0.0
474,271000000,1110,0.9858226776123047,0.16736780107021332,0.011901807971298695,9.155060070042964e-06,0.9999999928232867,0.9999999963843459,0.00017007419819889126,0.009744533760867936,0.3363894211400024,0.02346523321494084,0.004003122121541924,0.2293620024398084,1.516457561449771e-05,0.0008688661808177256,0.0,0.0,0.1875,0.01,0.04,-0.05,0,0.0
474,643000000,1111,0.9858401417732239,0.16726510226726532,0.011901774443686008,1.693686135695316e-05,1.000000026044847,1.0000000134118345,0.0,0.0,0.33618122878676515,0.023462980832226164,0.004016013286796308,0.2301006118018903,1.289116525438408e-05,0.000738609362081898,0.0625,-0.0625,0.0,-0.01,0.03,-0.04,0,0.0
475,14000000,1112,0.9858549237251282,0.16717779636383057,0.01190174464136362,2.3551390768261626e-05,0.9999999991551605,1.0000000212577178,0.0,0.0,0.3360042263168994,0.02346106475873952,0.004026970488896867,0.23072841323752422,1.0957202100559185e-05,0.0006278014356339216,0.125,-0.1875,-0.0625,0.0,0.05,-0.05,0,0.0
475,387000000,1113,0.9858675003051758,0.1671035885810852,0.011901719495654106,2.9173741495469585e-05,0.9999999946263564,0.9999999909332284,0.0002693216897238958,0.015430996152511102,0.33585378672233984,0.023459438562484558,0.004036284543887451,0.23126206927863743,9.314054990583985e-06,0.000533656041113224,0.0625,-0.0625,0.0,-0.01,0.05,-0.05,0,0.0
475,768000000,1114,0.9858782291412354,0.16704052686691284,0.011901699006557465,3.395274325157516e-05,1.0000000359513321,1.0000000285203257,0.0,0.0,0.3357259592810852,0.023458060272492337,0.00404420237921386,0.23171572782572028,7.917835326409252e-06,0.0004536585470828387,0.25,-0.25,-0.125,0.01,0.04,-0.04,0,0.0
476,122000000,1115,0.9858872890472412,0.16698691248893738,0.011901680380105972,3.801488855970092e-05,1.0000000135442542,1.0000000480090445,0.0,0.0,0.33561726443188333,0.02345688586928702,0.004050931999235985,0.2321013066507148,6.729620022125245e-06,0.0003855788249945122,-0.0625,-0.125,0.0625,0.0,0.04,-0.06,0,0.0
476,539000000,1116,0.985895037651062,0.1669413447380066,0.011901664547622204,4.14677124354057e-05,1.0000000445932482,1.0000000570633119,0.0,0.0,0.3355248996952933,0.02345588944604431,0.004056652406201361,0.23242906182692805,5.720406965375319e-06,0.0003277551762132446,0.0,-0.0625,-0.125,-0.02,0.05,-0.05,0,0.0
477,111000000,1117,0.9859015941619873,0.1669026017189026,0.01190165150910616,4.440261545823887e-05,1.0000000415559607,1.000000085372899,0.0,0.0,0.33544635966582825,0.02345504309790991,0.004061514732893463,0.23270765262499932,4.862326692102632e-06,0.00027859079807128733,-0.25,-0.1875,-0.0625,0.0,0.05,-0.04,0,0.0
477,473000000,1118,0.9859071969985962,0.16686967015266418,0.011901640333235264,4.689728302764706e-05,1.0000000695762299,1.000000110571142,0.0,0.0,0.3353796108361539,0.02345432458534503,0.004065647744351499,0.23294445673822398,4.1330114580358235e-06,0.00023680411322466344,-0.25,-0.125,0.0625,0.0,0.07,-0.02,0,0.0
477,847000000,1119,0.9859118461608887,0.16684167087078094,0.011901629157364368,4.901774082100019e-05,0.9999999813593319,1.0000000505305289,0.0,0.0,0.33532282367322525,0.02345370810899968,0.00406916008181874,0.23314569885132255,3.51233746724057e-06,0.0002012421130985537,0.125,-0.1875,0.0625,0.0,0.04,-0.05,0,0.0
478,200000000,1120,0.9859158992767334,0.16681788861751556,0.011901620775461197,5.08201374032069e-05,1.0000000097846125,0.9999999908513085,0.00027053563883542165,0.01550055031314519,0.33527462264144575,0.02345318890338829,0.004072146406844702,0.23331680267156446,2.986325025961835e-06,0.00017110382024190912,0.625,0.125,-0.0625,0.0,0.04,-0.04,0,0.0
478,551000000,1121,0.9859175682067871,0.16680806875228882,0.011901703663170338,5.235263233771548e-05,1.0000000181952684,1.0000000279290957,0.0,0.0,0.335254737822204,0.02345288171880498,0.004074963080498803,0.23347818618421015,2.816673654101355e-06,0.00016138351264569914,-0.3125,0.0625,0.0625,0.0,0.06,-0.05,0,0.0
478,905000000,1122,0.9859189987182617,0.16679972410202026,0.011901773512363434,5.365525430534035e-05,1.0000000375428773,1.0000000557014557,0.0,0.0,0.3352378441785198,0.023452619748861963,0.004077357113479571,0.2336153541700233,2.3940329807684707e-06,0.00013716798581315756,0.0,0.0625,0.0625,0.0,0.08,-0.06,0,0.0
479,258000000,1123,0.9859201908111572,0.166792631149292,0.01190183311700821,5.476248043123633e-05,1.0000000305426429,1.000000068059041,0.0,0.0,0.33522347710945255,0.023452397001322487,0.004079392115640322,0.23373195120513432,2.0350021607508026e-06,0.0001165970351110241,-0.25,0.0,-0.125,0.0,0.05,-0.05,0,0.0
479,632000000,1124,0.985919713973999,0.1667955070734024,0.01190186571329832,5.570353096118197e-05,1.0000000405463922,1.000000071084344,0.0,0.0,0.3352293366091346,0.023452135612634102,0.004081327518613512,0.23384284162715518,1.935402973190191e-06,0.00011089042202086916,0.3125,0.0625,-0.125,0.0,0.04,-0.04,0,0.0
479,984000000,1125,0.9859192967414856,0.1667979508638382,0.01190189365297556,5.6503424275433645e-05,1.0000000371823816,1.000000077725382,0.0,0.0,0.33523431188430564,0.023451913599039656,0.004082972669384149,0.23393710182297534,1.6451507706361987e-06,9.426019582014911e-05,0.0,0.125,0.0625,0.01,0.06,-0.05,0,0.0
480,361000000,1126,0.9859189391136169,0.16680002212524414,0.011901916936039925,5.718333341064863e-05,1.0000000303902934,1.0000000675702359,0.0,0.0,0.3352385275143509,0.023451723892620138,0.004084370748602762,0.23401720586162683,1.3980792186131172e-06,8.010403865147958e-05,-0.25,-0.25,-0.125,0.0,0.05,-0.05,0,0.0
480,800000000,1127,0.9859186410903931,0.1668017953634262,0.011901936493813992,5.7761255447985604e-05,1.000000032607327,1.0000000629958377,0.0,0.0,0.3352421390491846,0.023451562319177725,0.004085559338416017,0.2340853070414986,1.1885898132555847e-06,6.810117987178768e-05,0.5625,0.0,-0.0625,-0.01,0.04,-0.05,0,0.0
481,158000000,1128,0.9859216809272766,0.16678398847579956,0.011901882477104664,5.825212429044768e-05,1.0000000589670839,1.0000000914111282,0.0,0.0,0.3352060306627925,0.023451366431684956,0.004086085845258085,0.23411547366143384,5.26506842067273e-07,3.0166619935215734e-05,-0.1875,0.0,0.0,0.0,0.07,-0.03,0,0.0
481,510000000,1129,0.985924243927002,0.1667688488960266,0.011901836842298508,5.866936407983303e-05,1.0000000604437238,1.0000001192928352,0.0,0.0,0.33517532437725145,0.02345120000866994,0.004086533388425365,0.2341411159960689,4.475431672800248e-07,2.564233463506282e-05,0.5625,-0.125,0.0,0.0,0.04,-0.05,0,0.0
481,864000000,1130,0.9859264492988586,0.16675598919391632,0.011901797726750374,5.902401971979998e-05,1.000000089816026,1.000000150174574,0.0,0.0,0.3351492512170518,0.023451058562659242,0.004086913916482023,0.23416291864770175,3.805280566586411e-07,2.1802651632855198e-05,0.125,0.25,0.0,0.0,0.05,-0.03,0,0.0
482,214000000,1131,0.9859282970428467,0.16674505174160004,0.011901764199137688,5.932547355769202e-05,1.0000000873503363,1.000000177104803,0.0,0.0,0.335127066702349,0.02345093715985752,0.004087237106459753,0.23418143606940658,3.2318997772971814e-07,1.8517421704839918e-05,0.0625,0.0625,-0.125,-0.01,0.05,-0.01,0,0.0
482,595000000,1132,0.9859298467636108,0.16673575341701508,0.01190173625946045,5.958171095699072e-05,1.0000000645414113,1.00000015184729,0.0,0.0,0.33510820026335386,0.023450834582735166,0.004087511972609582,0.23419718473972279,2.748661498287036e-07,1.5748670316195253e-05,0.3125,-0.125,-0.125,0.0,0.04,-0.04,0,0.0
483,67000000,1133,0.9859310984611511,0.16672784090042114,0.01190171018242836,5.979950583423488e-05,0.9999999790626877,1.0000000435719898,0.0,0.0,0.3350921245320032,0.02345074124945,0.0040877445995029064,0.23421051327891154,2.3262689332476105e-07,1.3328539188748832e-05,0.1875,0.0,-0.0625,0.0,0.06,-0.04,0,0.0
483,426000000,1134,0.9859308004379272,0.16673004627227783,0.011901672929525375,5.998454798827879e-05,1.0000000524993962,1.0000000315595914,0.0,0.0,0.3350966259865996,0.02345059869077777,0.004088149615323458,0.23423371897606518,4.0501582055166296e-07,2.3205697153638196e-05,0.25,-0.0625,0.0625,0.0,0.05,-0.03,0,0.0
483,872000000,1135,0.9859287142753601,0.16674230992794037,0.011901729740202427,6.014228711137548e-05,1.000000041170336,1.0000000935923457,0.0,0.0,0.3351215072516035,0.023450606983133053,0.0040887714426243406,0.23426934705599176,6.218273008824424e-07,3.562807992657552e-05,0.0625,0.0625,0.0,-0.01,0.05,-0.05,0,0.0
484,229000000,1136,0.9859302043914795,0.16673342883586884,0.011901706457138062,6.027600102243014e-05,1.0000000292362887,1.0000000703660696,0.0,0.0,0.3351034880861794,0.023450553006358503,0.004088816129696915,0.23427190743664905,4.46870725744411e-08,2.5603806573102852e-06,0.125,0.0,0.0,0.0,0.05,-0.03,0,0.0
484,590000000,1137,0.9859315156936646,0.16672587394714355,0.011901686899363995,6.0389658756321296e-05,1.0000000622397014,1.000000091446588,0.0,0.0,0.335088173512646,0.023450508653766352,0.004088854057967452,0.23427408056647508,3.792827053730047e-08,2.173129826017704e-06,0.4375,-0.125,-0.125,0.01,0.05,-0.04,0,0.0
485,65000000,1138,0.9859325885772705,0.166719451546669,0.011901670135557652,6.0486268921522424e-05,1.0000000490766507,1.0000001112951513,0.0,0.0,0.3350751414593714,0.023450469687441737,0.004088886230675034,0.234275923926835,3.2172707581379356e-08,1.8433603599215836e-06,-0.4375,-0.0625,0.0625,-0.01,0.04,-0.01,0,0.0
485,509000000,1139,0.9859335422515869,0.16671399772167206,0.011901656165719032,6.05683853791561e-05,1.0000000799305566,1.0000001289918814,0.0,0.0,0.3350640882411142,0.023450438112566748,0.0040889137963065715,0.23427750332118172,2.756563153780145e-08,1.5793943467287402e-06,0.1875,-0.1875,0.0625,0.0,0.05,-0.05,0,0.0
485,862000000,1140,0.9859328269958496,0.1667182594537735,0.01190162543207407,6.063809269107878e-05,1.00000008487411,1.0000001647953336,0.0,0.0,0.335072737245424,0.023450336697392347,0.004089142413771115,0.23429060213702305,2.286174645435915e-07,1.3098815841329534e-05,0.0,-0.0625,0.0,0.0,0.05,-0.05,0,0.0
486,211000000,1141,0.9859321713447571,0.1667218804359436,0.01190159935504198,6.0697344451909885e-05,1.0000000418300292,1.0000001266973708,0.0,0.0,0.335080070787311,0.023450249450138055,0.0040893367133939505,0.23430173468537252,1.9429962283545876e-07,1.1132548349455501e-05,0.125,0.0625,-0.1875,0.01,0.06,-0.05,0,0.0
486,566000000,1142,0.9859316349029541,0.16672496497631073,0.011901577934622765,6.074770863051526e-05,1.0000000269481906,1.0000000687733184,0.0,0.0,0.33508632484882866,0.023450177254741033,0.004089502278853632,0.2343112208874454,1.6556545968157005e-07,9.48620207289736e-06,0.5,-0.0625,-0.0625,0.0,0.05,-0.05,0,0.0
486,919000000,1143,0.985927939414978,0.16674688458442688,0.011901630088686943,5.163555033504963e-05,1.0000000383513366,1.0000000650109484,0.0,0.0,0.3351305951686617,0.02345322915485325,0.004072068468840889,0.2333123371528823,-1.743381001274337e-05,-0.000998883734563111,-0.25,0.125,-0.125,-0.01,0.05,-0.05,0,0.0
487,352000000,1144,0.9859262704849243,0.16675661504268646,0.011901693418622017,5.30456418346148e-05,1.0000000163064389,1.0000000546080465,0.0,0.0,0.33515036189566355,0.023452842910903604,0.0040751023496616405,0.23348616571945705,3.0338808207517817e-06,0.00017382856657476332,0.1875,-0.0625,0.0625,0.01,0.04,-0.05,0,0.0
487,736000000,1145,0.9859263896942139,0.16675598919391632,0.011901765130460262,5.424431219580583e-05,1.0000000303915868,1.0000000466971022,0.0,0.0,0.33514912445165046,0.0234525873788776,0.004077475631139361,0.23362214473172702,2.3732814777204306e-06,0.00013597901226995198,0.0,-0.125,-0.0625,0.0,0.05,-0.07,0,0.0
488,88000000,1146,0.9859265089035034,0.16675545275211334,0.011901825666427612,5.526318273041397e-05,1.0000000592447111,1.0000000896356283,0.0,0.0,0.33514806894375687,0.02345236977843326,0.00407949267778133,0.23373771299139287,2.017046641968924e-06,0.00011556825966585458,0.1875,-0.1875,0.0625,0.0,0.05,-0.05,0,0.0
488,441000000,1147,0.9859265685081482,0.16675500571727753,0.01190187782049179,5.612922177533619e-05,1.0000000441340815,1.0000001033783172,0.0,0.0,0.33514717724428394,0.02345218520335718,0.004081207607256012,0.23383597121245472,1.714929474681999e-06,9.825822106186591e-05,-0.375,0.0,0.0625,-0.01,0.07,-0.05,0,0.0
488,797000000,1148,0.985926628112793,0.1667546182870865,0.011901921592652798,5.686535587301478e-05,1.0000000388565993,1.0000000829903337,0.0,0.0,0.335146406595007,0.02345202742703457,0.004082664936286598,0.23391947001526922,1.457329030586478e-06,8.349880281449685e-05,0.1875,0.125,0.0,0.0,0.05,-0.06,0,0.0
489,177000000,1149,0.9859266877174377,0.16675429046154022,0.011901958845555782,5.749107003794052e-05,1.000000043435196,1.0000000822915451,0.0,0.0,0.3351457574632971,0.023451893622563134,0.0040839037184563194,0.2339904470053303,1.238782169721113e-06,7.09769900610786e-05,-0.0625,-0.0625,0.1875,0.01,0.05,-0.03,0,0.0
489,560000000,1150,0.985923707485199,0.1667718142271042,0.01190195418894291,4.886740862275474e-05,1.0000000269517493,1.0000000701917808,0.0,0.0,0.33518111098332526,0.023454688620297693,0.004067309978261199,0.23303969572581335,-1.6593740195120117e-05,-0.0009507512795169739,-0.1875,0.0625,0.0625,-0.01,0.04,-0.02,0,0.0
489,921000000,1151,0.9859212040901184,0.16678671538829803,0.01190195046365261,4.1537296056048945e-05,1.0000000436273553,1.0000000704380847,0.0,0.0,0.33521118344650347,0.02345706601242441,0.004053205600339673,0.23223157439825237,-1.4104377921526565e-05,-0.0008081213275609723,-0.125,0.0625,-0.0625,0.0,0.04,-0.06,0,0.0
490,295000000,1152,0.9859190583229065,0.1667993813753128,0.011901946738362312,3.53067007381469e-05,1.000000040387119,1.00000008391255,0.0,0.0,0.33523673951832966,0.023459085611440753,0.004041216748991076,0.23154466381476804,-1.1988851348596757e-05,-0.0006869105834843194,-0.25,-0.0625,-0.0625,0.0,0.05,-0.03,0,0.0
490,649000000,1153,0.9859172105789185,0.16681014001369476,0.011901943944394588,3.0010694899829105e-05,1.0000000130487006,1.0000000533622153,0.0,0.0,0.335258439245897,0.02346080268643545,0.004031026212769662,0.23096078909830584,-1.0190536221413825e-05,-0.0005838747164622056,0.25,0.25,0.0625,0.0,0.05,-0.07,0,0.0
491,0,1154,0.9859156608581543,0.16681928932666779,0.011901941150426865,2.550909084675368e-05,1.0000000112353438,1.0000000242308564,0.0,0.0,0.335276899952541,0.023462262049076418,0.004022364256735399,0.23046449557521467,-8.661956034263125e-06,-0.0004962935230911529,-0.0625,-0.1875,0.0625,0.0,0.05,-0.03,0,0.0
491,354000000,1155,0.9859143495559692,0.16682706773281097,0.011901939287781715,2.1682726583094336e-05,1.000000015908824,1.0000000271057359,0.0,0.0,0.3352925965879667,0.023463503789374215,0.004015001820936428,0.2300426590769976,-7.362435798971036e-06,-0.00042183649821706854,0.125,0.0,0.0625,0.0,0.05,-0.06,0,0.0
491,728000000,1156,0.9859132170677185,0.16683368384838104,0.011901937425136566,1.8430317140882835e-05,1.000000003054694,1.0000000189357015,0.0,0.0,0.3353059424291041,0.023464558385231097,0.004008743778929317,0.2296840996819746,-6.258042007110769e-06,-0.0003585593950230258,0.375,-0.1875,0.0,0.0,0.05,-0.05,0,0.0
492,162000000,1157,0.9859107732772827,0.16684819757938385,0.0119019178673625,1.566576975164935e-05,1.000000014897018,1.0000000178395805,0.0,0.0,0.3353353300189598,0.02346538386086682,0.004003630080209475,0.22939110632762616,-5.113698719842567e-06,-0.0002929933543484311,-0.3125,0.125,0.0,-0.01,0.05,-0.06,0,0.0
492,525000000,1158,0.9859071969985962,0.16686943173408508,0.011901882477104664,1.3315903743205126e-05,1.000000031662348,1.0000000463247658,0.0,0.0,0.33537836317919895,0.02346601269813204,0.003999488997555867,0.2291538397689596,-4.141082653607957e-06,-0.00023726655866657134,-0.25,0.25,0.0,0.0,0.06,-0.03,0,0.0
492,988000000,1159,0.9859041571617126,0.16688749194145203,0.011901852674782276,1.1318517863401212e-05,1.000000048150227,1.0000000796428758,0.0,0.0,0.3354149648829207,0.02346654791792316,0.003995969461227121,0.22895218519147947,-3.5195363287457426e-06,-0.00020165457748009928,-0.25,0.0,0.0625,0.0,0.06,-0.04,0,0.0
493,341000000,1160,0.9859000444412231,0.16691173613071442,0.011901809833943844,9.62074045673944e-06,1.0000000392286277,1.000000087075067,0.0,0.0,0.33546411167279583,0.02346693186121146,0.0039931837375375675,0.22879257498117847,-2.785723689553536e-06,-0.0001596102103010296,0.0,-0.1875,0.0,0.0,0.03,-0.04,0,0.0
493,789000000,1161,0.9858932495117188,0.16695165634155273,0.011901844292879105,8.177629752026405e-06,1.0000000044762047,1.0000000428838942,0.0,0.0,0.3355450619058336,0.023467319260944863,0.003991299354567571,0.22868460779001132,-1.8843829699966008e-06,-0.00010796719116713246,0.0625,-0.0625,0.0625,0.0,0.04,-0.05,0,0.0
494,187000000,1162,0.9858875274658203,0.16698560118675232,0.011901874095201492,6.95098560754559e-06,1.0000000312358315,1.0000000351187868,0.0,0.0,0.3356139137539351,0.023467651018614224,0.003989698137664418,0.22859286481937566,-1.601216903152937e-06,-9.174297063567117e-05,0.3125,0.0625,0.1875,-0.01,0.04,-0.05,0,0.0
494,551000000,1163,0.9858826398849487,0.16701443493366241,0.011901898309588432,5.908337698201649e-06,1.0000000281605028,1.0000000589681546,0.0,0.0,0.33567239056475123,0.023467930371535738,0.003988336292657406,0.22851483684812293,-1.361845007011482e-06,-7.802797125272193e-05,0.1875,0.125,-0.0625,-0.01,0.03,-0.03,0,0.0
495,14000000,1164,0.9858784675598145,0.1670389473438263,0.011901918798685074,5.022086952521931e-06,1.0000000092120667,1.0000000370630437,0.0,0.0,0.3357220984115953,0.023468167306246117,0.003987178799964731,0.22844851740201538,-1.1574926926756143e-06,-6.631944610754595e-05,-0.25,0.0,-0.0625,0.0,0.04,-0.01,0,0.0
495,417000000,1165,0.9858749508857727,0.1670597791671753,0.011901936493813992,4.268773864168907e-06,1.0000000223549674,1.0000000313435846,0.0,0.0,0.33576435205185096,0.02346837002949829,0.003986194949462162,0.22839214692054635,-9.838505025689531e-07,-5.6370481469025975e-05,0.0625,0.125,-0.125,0.0,0.04,-0.02,0,0.0
495,860000000,1166,0.9858719110488892,0.16707748174667358,0.011901951394975185,3.628457761806203e-06,0.9999999831810863,1.0000000053745381,0.0,0.0,0.33580024257871893,0.023468540911603,0.003985358532545167,0.22834422376128924,-8.364169169945701e-07,-4.792315925713297e-05,-0.1875,0.0,-0.0625,0.0,0.03,-0.04,0,0.0
496,234000000,1167,0.9858694076538086,0.16709254682064056,0.011901965364813805,3.0841893021715805e-06,1.000000032469868,1.000000015534195,0.0,0.0,0.3358308123446541,0.023468690684226773,0.003984648447916574,0.2283035389089737,-7.10084628593316e-07,-4.068485231551158e-05,0.4375,0.0,0.0625,0.02,0.04,-0.06,0,0.0
496,670000000,1168,0.9858672022819519,0.16710534691810608,0.0119019765406847,2.6215609523205785e-06,0.9999999972781556,1.0000000296635638,0.0,0.0,0.33585676144060406,0.023468814794120156,0.003984044522391184,0.22826893652522864,-6.039255253898965e-07,-3.460238374506191e-05,0.125,0.0625,-0.0625,0.0,0.02,-0.04,0,0.0
497,21000000,1169,0.9858653545379639,0.1671162247657776,0.011901985853910446,2.2283268208411755e-06,0.9999999935652316,0.9999999907824391,0.00027155199798061327,0.015558783402634195,0.33587882206708936,0.02346892057738601,0.003983531073878531,0.22823951809245638,-5.134485126529614e-07,-2.9418432772284136e-05,0.0625,-0.1875,-0.0625,0.0,0.03,-0.05,0,0.0
497,474000000,1170,0.9858623147010803,0.1671343892812729,0.0119019765406847,1.894077854558418e-06,1.0000000323386788,1.0000000257342598,0.0,0.0,0.3359156817352935,0.023468941507882892,0.003983301224653618,0.22822634870194447,-2.2984922491350868e-07,-1.316939051189726e-05,0.0,-0.0625,0.125,0.0,0.04,-0.04,0,0.0
497,827000000,1171,0.9858596920967102,0.16714981198310852,0.011901967227458954,1.609966147952946e-06,1.000000024486742,1.000000056703012,0.0,0.0,0.33594696469200763,0.02346895564036872,0.003983104979762441,0.22821510469792902,-1.9624489117683191e-07,-1.1244004015436596e-05,-0.0625,0.0,-0.125,0.0,0.06,-0.06,0,0.0
498,190000000,1172,0.9858574867248535,0.1671629101037979,0.011901959776878357,1.3684712030226365e-06,1.0000000396471083,1.00000006404561,0.0,0.0,0.33597353959279797,0.023468969152961892,0.003982938063286356,0.2282055410883182,-1.669164760844874e-07,-9.563609610837468e-06,0.1875,0.0625,-0.125,-0.01,0.03,-0.03,0,0.0
498,621000000,1173,0.9858555793762207,0.1671740561723709,0.011901953257620335,1.163200522569241e-06,1.000000022468523,1.000000062051675,0.0,0.0,0.33599614437390646,0.023468979500702668,0.003982796424870783,0.22819742580488891,-1.416384155733877e-07,-8.115283429275146e-06,-0.0625,-0.125,0.0625,0.0,0.03,-0.04,0,0.0
498,997000000,1174,0.9858524799346924,0.16719242930412292,0.011901929043233395,9.887204441838549e-07,1.0000000382629617,1.000000060557881,0.0,0.0,0.336033423744371,0.02346891626159753,0.003982881668014746,0.22820230987727042,8.524314396279181e-08,4.884072381494054e-06,0.125,-0.0625,0.0,0.0,0.03,-0.03,0,0.0
499,349000000,1175,0.9858497977256775,0.16720804572105408,0.011901908554136753,8.404123832406185e-07,1.0000000048287754,1.0000000429661933,0.0,0.0,0.3360650947816715,0.023468861566990858,0.003982954138350972,0.22820646212167606,7.247033622596183e-08,4.152244405641652e-06,-0.25,0.0625,-0.1875,0.01,0.02,-0.05,0,0.0
499,702000000,1176,0.9858460426330566,0.16723021864891052,0.011901873163878918,7.143505058593291e-07,1.0000000101949702,1.0000000147708672,0.0,0.0,0.3361100817146393,0.02346874449596446,0.003983221605333162,0.22822178685091468,2.674669821907394e-07,1.5324729238630122e-05,-0.0625,0.125,-0.125,0.01,0.03,-0.03,0,0.0
500,59000000,1177,0.9858428835868835,0.16724906861782074,0.01190184336155653,6.071979328226007e-07,1.0000000479740998,1.0000000579864143,0.0,0.0,0.3361483374360527,0.023468646326387285,0.0039834491158675395,0.22823482224432926,2.2751053437713997e-07,1.3035393414576147e-05,0.3125,0.0625,-0.0625,0.0,0.06,-0.04,0,0.0
500,430000000,1178,0.9858402013778687,0.16726508736610413,0.011901818215847015,5.161182343726978e-07,1.000000082690725,1.0000001305329274,0.0,0.0,0.3361808481768143,0.02346856332721994,0.003983642472763285,0.22824590077839524,1.9335689574549036e-07,1.1078534065967662e-05,-0.0625,0.0,-0.0625,-0.01,0.04,-0.05,0,0.0
500,781000000,1179,0.9858378767967224,0.1672787070274353,0.0119017967954278,4.3870048216376745e-07,1.0000000689594937,1.0000001515547718,0.0,0.0,0.33620847608002286,0.023468491626494087,0.003983806898676465,0.22825532168926305,1.6442591318013844e-07,9.42091086780643e-06,0.3125,-0.0625,-0.0625,0.01,0.01,-0.05,0,0.0
501,151000000,1180,0.9858359098434448,0.16729028522968292,0.011901778168976307,3.7289541410245874e-07,1.0000000664963997,1.0000001353869339,0.0,0.0,0.3362319658176598,0.023468430070675905,0.003983946555540837,0.22826332343817157,1.3965686437161784e-07,8.001748908524657e-06,-0.1875,-0.125,-0.0625,0.01,0.05,-0.02,0,0.0
501,504000000,1181,0.9858342409133911,0.16730011999607086,0.011901762336492538,3.1696109203949163e-07,1.0000000663273962,1.0000001327740446,0.0,0.0,0.33625191914260966,0.0234683778217112,0.003984065103920135,0.22827011575997347,1.1854837929804046e-07,6.792321801893779e-06,-0.25,-0.0625,0.0625,0.0,0.03,-0.04,0,0.0
501,863000000,1182,0.9858328104019165,0.1673084795475006,0.011901749297976494,2.6941691544379864e-07,1.0000000545149295,1.0000001208063638,0.0,0.0,0.33626887576044945,0.02346833395461103,0.003984166010187528,0.2282758972632215,1.009062673930014e-07,5.781503248037537e-06,0.1875,0.125,0.125,0.0,0.02,-0.03,0,0.0
502,222000000,1183,0.985831618309021,0.16731558740139008,0.011901738122105598,2.290043710218015e-07,1.0000000684078152,1.0000001228967763,0.0,0.0,0.3362833011096803,0.023468297052881382,0.00398425180243607,0.2282808127969779,8.579224854230599e-08,4.915533756411522e-06,-0.25,0.0,0.0,0.0,0.05,0.0,0,0.0
502,575000000,1184,0.9858306050300598,0.16732162237167358,0.011901728808879852,1.946537082631039e-07,1.0000000791378472,1.0000001475269436,0.0,0.0,0.3362955487214342,0.023468266054711046,0.003984324628475753,0.2282849854216904,7.282603968310208e-08,4.172624712494001e-06,-0.75,0.0,0.0,0.0,0.04,-0.05,0,0.0
502,991000000,1185,0.9858282208442688,0.1673356592655182,0.011901701800525188,1.654556456287537e-07,1.0000000771902862,1.0000001562267793,0.0,0.0,0.33632402826071733,0.023468165790329218,0.003984592213122265,0.22830031689259803,2.675846465117343e-07,1.53314709076224e-05,-0.25,0.0625,0.0,-0.01,0.02,-0.05,0,0.0
503,341000000,1186,0.9858261942863464,0.16734758019447327,0.011901679448783398,1.4063729736335517e-07,1.0000000739558814,1.000000151073065,0.0,0.0,0.33634821425972655,0.023468081760985627,0.003984819613532237,0.22831334597634895,2.2740040997188543e-07,1.3029083750933675e-05,-0.0625,-0.1875,0.0625,0.0,0.04,-0.03,0,0.0
503,715000000,1187,0.985824465751648,0.16735771298408508,0.01190165989100933,1.1954169565342454e-07,1.0000000654389785,1.0000001393420337,0.0,0.0,0.33636877054207376,0.02346800909315275,0.003985012715994499,0.22832440993245018,1.9310246226252742e-07,1.106395610122707e-05,-0.125,0.0625,0.0,0.01,0.03,-0.05,0,0.0
504,118000000,1188,0.9858229756355286,0.16736632585525513,0.011901644058525562,1.0161043917378265e-07,1.0000000377262401,1.00000010312702,0.0,0.0,0.3363862368555788,0.02346794839079254,0.003985177117787344,0.22833382946132455,1.6440179284420153e-07,9.419528874356806e-06,-0.1875,-0.3125,0.0625,-0.01,0.04,-0.03,0,0.0
504,554000000,1189,0.9858217239379883,0.1673736572265625,0.011901630088686943,8.636887116608705e-08,1.0000000306601182,1.0000000683587014,0.0,0.0,0.3364011096870407,0.02346789613893062,0.003985316935712507,0.22834184043833666,1.398179251630577e-07,8.010977012119199e-06,-0.125,0.0,-0.0625,0.0,0.04,-0.02,0,0.0
504,936000000,1190,0.9858206510543823,0.16737988591194153,0.011901617981493473,7.341353835954578e-08,1.0000000153818815,1.0000000460220266,0.0,0.0,0.3364137425857435,0.02346785105319392,0.003985435631719626,0.22834864121858967,1.1869600711946621e-07,6.800780253000185e-06,0.0625,0.1875,0.0,0.0,0.04,-0.05,0,0.0
505,298000000,1191,0.9858197569847107,0.16738517582416534,0.011901607736945152,6.24015044081716e-08,1.0000000193069043,1.000000034674395,0.0,0.0,0.3364244769125318,0.0234678132482022,0.003985536432296947,0.22835441666624262,1.008005773208559e-07,5.775447652967166e-06,0.0625,0.0625,-0.0625,0.0,0.04,-0.03,0,0.0
505,757000000,1192,0.9858189821243286,0.1673896759748459,0.01190159935504198,5.304127981275997e-08,1.0000000086034109,1.0000000278998895,0.0,0.0,0.33643360415890744,0.023467781402234367,0.003985622310569094,0.22835933712878853,8.587827214721205e-08,4.92046254591114e-06,0.125,-0.1875,0.0,0.01,0.04,-0.04,0,0.0
506,156000000,1193,0.9858213663101196,0.16737569868564606,0.011901628226041794,4.508508766321029e-08,1.000000019769246,1.0000000282721322,0.0,0.0,0.3364052474395366,0.02346789777365236,0.003985283499342685,0.22833992467546366,-3.3881122640886524e-07,-1.9412453324879357e-05,-1.375,0.1875,0.0625,0.0,0.04,0.01,0,0.0
506,614000000,1194,0.9858279228210449,0.16733711957931519,0.01190170831978321,3.8322323092643273e-08,1.000000027831844,1.0000000468354195,0.0,0.0,0.33632697266898753,0.02346821411116597,0.003984378436197704,0.2282880683770634,-9.050631449812607e-07,-5.185629840026318e-05,0.25,0.125,0.0625,-0.02,0.03,-0.05,0,0.0
506,983000000,1195,0.9858614206314087,0.16713960468769073,0.011901781894266605,9.18810474104248e-06,1.0000000203206083,1.000000028043473,0.0,0.0,0.3359264213397559,0.023466097392278215,0.003997745927752036,0.2290539692258034,1.33674915543322e-05,0.0007659008487400079,-1.9375,0.1875,0.0625,-0.01,0.03,-0.03,0,0.0
507,395000000,1196,0.985877513885498,0.16704443097114563,0.01190180517733097,1.6965226677712053e-05,0.999999983778911,0.9999999994107629,6.865782423655228e-05,0.003933803559305459,0.33573348321126034,0.02346392927983147,0.00401082660996223,0.22980343710959938,1.3080682210194101e-05,0.0007494678837959796,-1.5625,-0.0625,0.0,0.0,0.06,0.01,0,0.0
507,807000000,1197,0.985889732837677,0.16697244346141815,0.011901807971298695,2.3575688828714192e-05,1.0000000078895106,0.9999999889808205,0.00029690644288085123,0.01701148608731482,0.335587583489969,0.02346202003112231,0.00402215179702377,0.23045232253042175,1.1325187061539399e-05,0.0006488854208223741,0.3125,0.125,0.0625,0.0,-0.01,-0.09,0,0.0
508,188000000,1198,0.9858937859535217,0.1669483482837677,0.011901844292879105,2.0039335140609182e-05,0.9999999812377967,0.9999999888225513,0.00029903108554357223,0.017133219144862172,0.3355386094202899,0.023463370412985518,0.0040146156174890035,0.23002053124942679,-7.536179534766221e-06,-0.0004317912809949687,-0.25,0.125,0.0,-0.01,0.05,-0.02,0,0.0
508,637000000,1199,0.9858957529067993,0.16693677008152008,0.01190185733139515,1.7033435142366216e-05,0.9999999876514948,0.9999999688158121,0.0004994732269956307,0.028617707886629373,0.3355150532223474,0.023464447293904223,0.004008415782403204,0.22966530686533337,-6.199835085799257e-06,-0.0003552243840934261,-0.5625,0.125,-0.0625,0.0,0.03,-0.02,0,0.0
509,7000000,1200,0.9858896136283875,0.16697293519973755,0.011901884339749813,1.4478419871011283e-05,0.9999999732050038,0.9999999601804314,0.0005644081424407254,0.032338204484672166,0.33558836651937235,0.02346520662458507,0.004004246420892279,0.22942642004749306,-4.1693615109254095e-06,-0.00023888681784031403,-0.3125,0.0625,0.0625,-0.01,0.03,-0.03,0,0.0
509,442000000,1201,0.9858798980712891,0.16703037917613983,0.011901852674782276,1.2306656572036445e-05,0.9999999876186632,0.9999999591242074,0.0005718446846340892,0.032764286966522865,0.33570487035521035,0.023465636877948885,0.004001319960386421,0.22925874621159567,-2.9264605058577225e-06,-0.00016767383589736743,1.1875,-0.0625,0.0625,0.01,0.01,-0.08,0,0.0
509,848000000,1202,0.9858746528625488,0.16706140339374542,0.011901861988008022,1.0460657904332038e-05,0.9999999990444729,0.999999986166425,0.0003326689042770332,0.01906052419031558,0.3357677783244139,0.023466146552858645,0.00399842081424343,0.22909263737341068,-2.8991461429907217e-06,-0.00016610883818499942,1.875,0.0625,0.0625,-0.01,0.01,-0.05,0,0.0
510,193000000,1203,0.9858672022819519,0.167105570435524,0.011901834048330784,8.891559446055908e-06,1.0000000329692988,1.0000000310094215,0.0,0.0,0.3358573656142843,0.02346643767797784,0.003996368260997264,0.22897503473517947,-2.052553246166544e-06,-0.0001176026382312197,-1.625,0.1875,0.0625,-0.02,0.02,-0.03,0,0.0
510,570000000,1204,0.9858560562133789,0.16717131435871124,0.011901862919330597,7.5578254836727865e-06,1.0000000331575432,1.000000063902704,0.0,0.0,0.3359907274124276,0.023466674106042994,0.003995312645812555,0.22891455244030573,-1.055615184708536e-06,-6.048229487372195e-05,-0.125,0.25,0.0625,-0.01,0.0,-0.07,0,0.0
511,6000000,1205,0.985848069190979,0.16721829771995544,0.01190190576016903,6.424151706596604e-06,1.0000000150109671,1.000000047032253,0.0,0.0,0.3360860246148765,0.023466946961207498,0.003994209684606822,0.22885135741825055,-1.102961205733284e-06,-6.319502205517768e-05,-0.0625,0.125,0.0,-0.02,0.02,-0.07,0,0.0
511,489000000,1206,0.9858397841453552,0.16726714372634888,0.011901923455297947,5.4605288823950104e-06,1.0000000165929421,1.000000030376158,0.0,0.0,0.33618511173387516,0.023467106415857662,0.00399347807114646,0.22880943905473686,-7.316134603618449e-07,-4.191836351369546e-05,-0.625,-0.1875,0.0,-0.01,0.0,-0.03,0,0.0
511,930000000,1207,0.985823392868042,0.16736355423927307,0.011901936493813992,4.6414493226620834e-06,0.9999999886636528,1.0000000004744294,0.0,0.0,0.3363807029410371,0.02346701503781802,0.003994162447381892,0.22884865092462614,6.84376235431626e-07,3.921186988928376e-05,-1.6875,0.1875,0.0625,0.0,0.0,-0.02,0,0.0
512,309000000,1208,0.9858079552650452,0.16745440661907196,0.011901929043233395,3.945232037949609e-06,0.9999999794452546,0.9999999638624282,0.0005376807382937328,0.030806837029709034,0.33656502809337124,0.023466865158057654,0.003994949983335602,0.22889377341098857,7.875359537105886e-07,4.512248636242689e-05,-0.125,0.0,0.0,0.0,-0.01,-0.06,0,0.0
512,718000000,1209,0.9857918620109558,0.16754943132400513,0.011901887133717537,3.3534474823682103e-06,1.0000000310363066,1.0000000058370424,0.0,0.0,0.3367578436299388,0.023466596931093077,0.0039960312953980235,0.2289557280285019,1.0813120624210415e-06,6.19546175133123e-05,1.8125,0.0,0.0625,0.0,0.03,0.0,0,0.0
513,130000000,1210,0.98577481508255,0.167649507522583,0.011901921592652798,2.850430291800876e-06,0.9999999995846615,1.0000000254679198,0.0,0.0,0.3369608887273781,0.023466427030548388,0.003997433584418913,0.2290360732710564,1.4022890208898603e-06,8.034524255452153e-05,-0.25,0.0,0.0625,0.0,0.0,-0.06,0,0.0
513,481000000,1211,0.9857588410377502,0.1677434742450714,0.011901932768523693,2.4228659185610013e-06,1.000000010922696,1.0000000059648086,0.0,0.0,0.3371515553423423,0.02346621166759966,0.003998831436915212,0.22911616431947615,1.3978524962985836e-06,8.009104841973537e-05,-1.3125,0.25,0.0625,0.0,0.03,0.0,0,0.0
513,937000000,1212,0.9857452511787415,0.16782332956790924,0.01190194208174944,2.059435928458697e-06,1.000000013199129,1.0000000208409805,0.0,0.0,0.33731358877035167,0.023466028083920117,0.004000019182878922,0.2291842171503304,1.1877459637097895e-06,6.805283085426957e-05,-0.25,0.0625,0.0,-0.02,0.02,-0.02,0,0.0
514,341000000,1213,0.985733687877655,0.16789120435714722,0.011901949532330036,1.7505204823464737e-06,1.000000008161555,1.0000000189902878,0.0,0.0,0.3374513121585678,0.023465870926554683,0.0040010285751549135,0.22924205106761786,1.0093922759918036e-06,5.7833917287434724e-05,0.1875,0.0625,-0.125,-0.02,0.02,-0.01,0,0.0
514,815000000,1214,0.9857208132743835,0.16796669363975525,0.011901918798685074,1.4879424270475283e-06,0.999999993783944,0.9999999990132704,8.88472661184034e-05,0.00509057336986019,0.33760448639083046,0.023465591738792844,0.00400229782098966,0.22931477349711338,1.2692458347465796e-06,7.272242949553815e-05,-1.3125,-0.0625,-0.0625,0.0,-0.02,0.0,0,0.0
515,167000000,1215,0.9857005476951599,0.16808576881885529,0.011901890859007835,1.2647511766772368e-06,1.0000000252067913,1.0000000116959142,0.0,0.0,0.33784612615099774,0.023465128808673512,0.004004683447224076,0.2294514598118411,2.3856262344156e-06,0.00013668631472770105,7.125,0.125,0.125,-0.36,0.19,0.17,0,0.0
515,531000000,1216,0.9855587482452393,0.16891086101531982,0.011956843547523022,0.0002574232639744878,0.999999978793008,0.9999996192392007,0.0017453041534302288,0.0999985619582052,0.3395270067074878,0.023483538726460414,0.004547962640767506,0.26057906469915065,0.0005432791935434302,0.031127604887309555,2.1875,0.125,0.0,0.0,0.0,-0.14,0,0.0
515,884000000,1217,0.9853677749633789,0.17001551389694214,0.012031053192913532,0.0006399576086550951,1.0000000413442958,0.9999993158531149,0.0023394819309466622,0.13404244089036005,0.3417787775227885,0.023494580210235715,0.005353621677856786,0.30673992725094024,0.0008056590370892798,0.04616086255178959,0.875,0.125,-0.0625,0.01,0.0,0.0,0,0.0
516,239000000,1218,0.9852122068405151,0.17090827226638794,0.012094101868569851,0.000965108978562057,0.9999999643859931,0.9999995402715424,0.0019177663942426396,0.10987992048212519,0.34359933673459275,0.023502787056299723,0.006037342449323578,0.3459142418214161,0.000683720771466792,0.03917431457047586,-0.0625,0.0,0.0,0.0,-0.01,-0.02,0,0.0
516,609000000,1219,0.9850762486457825,0.17168477177619934,0.012147646397352219,0.0012414786033332348,0.9999999915440053,0.9999996055883464,0.0017763145655789847,0.10177532769529012,0.3451829490383439,0.02350859523816295,0.006618911184831533,0.379235675862782,0.0005815687355079551,0.03332143404136589,-0.3125,-0.125,0.0,0.0,-0.01,-0.02,0,0.0
516,958000000,1220,0.98496013879776,0.17234469950199127,0.01219315268099308,0.0014763923827558756,1.0000000115868521,0.9999997500101546,0.0014141848699399126,0.08102682449881424,0.34652901652524115,0.023512808368918375,0.0071132519294936,0.40755931417327274,0.0004943407446620675,0.028323638310490746,-1.9375,-0.0625,0.0,0.0,-0.03,-0.03,0,0.0
517,305000000,1221,0.9848626255989075,0.17289669811725616,0.012231847271323204,0.0016760732978582382,1.000000043415395,0.999999877211731,0.0009911136020043202,0.05678662641285635,0.34765516314890194,0.023515970693260342,0.007533249990469212,0.4316234304708535,0.00041999806097561213,0.02406411629758078,-0.1875,0.0,0.0,0.0,0.0,0.0,0,0.0
517,658000000,1222,0.9847760200500488,0.17338517308235168,0.012264806777238846,0.0018458178965374827,1.0000000302197003,0.9999999356311615,0.0007176006642815025,0.041115489439114375,0.34865162826218454,0.02351826826606196,0.007890769685044378,0.4521078000628167,0.00035751969457516533,0.020484369591963206,-0.0625,0.0,-0.125,0.0,0.0,-0.02,0,0.0
518,10000000,1223,0.9846990704536438,0.17381809651851654,0.012292780913412571,0.001990091521292925,1.000000031478219,0.9999999542272335,0.0006051298493063603,0.034671386422641955,0.34953469838331663,0.023519720406256897,0.008195056358445378,0.46954214221076973,0.0003042866734010007,0.01743434214795303,0.125,-0.0625,0.1875,0.0,-0.03,-0.04,0,0.0
518,367000000,1224,0.9846335053443909,0.17418605089187622,0.01231655664741993,0.0021127238869667053,1.00000004067098,0.9999999945026067,0.00020971205637025645,0.012015615743025305,0.35028530863821095,0.023520743282026562,0.008453701134729073,0.4843613962849308,0.00025864477628369416,0.014819254074161044,-0.125,0.125,-0.0625,0.0,-0.01,-0.02,0,0.0
518,716000000,1225,0.9845776557922363,0.1744987815618515,0.012336764484643936,0.002216961234807968,1.000000047863485,1.000000032437754,0.0,0.0,0.3509233085059625,0.023521460094466106,0.00867354970431305,0.49695779145408087,0.00021984856958397712,0.01259639516915009,-0.4375,-0.125,-0.0625,-0.01,0.0,0.0,0,0.0
519,164000000,1226,0.9845253229141235,0.17479121685028076,0.012353879399597645,0.0023055491037666798,1.0000000074200253,1.000000007084582,0.0,0.0,0.35151969428329466,0.023521603633507183,0.008861009236536101,0.5076984314799584,0.00018745953222305128,0.010740640025877497,-0.875,-0.125,0.0625,0.01,0.02,-0.02,0,0.0
519,513000000,1227,0.9844807982444763,0.17503976821899414,0.012368426658213139,0.0023808488622307777,1.0000000044947723,0.9999999770938451,0.00042807620769417143,0.024526960010841682,0.3520266217612992,0.023521639532879775,0.009020350557925808,0.5168280166976262,0.00015934132138970686,0.009129585217667833,0.25,-0.25,0.125,-0.01,-0.01,-0.03,0,0.0
519,866000000,1228,0.984439492225647,0.17527036368846893,0.012380863539874554,0.002444869838654995,1.0000000387057486,1.0000000136336122,0.0,0.0,0.35249681262312244,0.023521564460554263,0.009156310472549787,0.5246179459885392,0.00013595991462397872,0.007789929290912981,-0.375,0.125,0.0,-0.02,-0.02,-0.02,0,0.0
520,227000000,1229,0.9844042658805847,0.1754663586616516,0.01239143405109644,0.0024992874823510647,0.9999999978908172,1.0000000152325963,0.0,0.0,0.35289644532020215,0.02352144817995573,0.009271875705178612,0.5312393460766185,0.00011556523262882569,0.006621400088079264,0.1875,0.0625,0.0625,0.0,0.0,-0.02,0,0.0
520,580000000,1230,0.9843743443489075,0.17563295364379883,0.01240041945129633,0.0025455423165112734,1.0000000172031196,0.9999999996592204,5.221337964613844e-05,0.0029916062878380086,0.35323616164070243,0.023521316113117325,0.009370106659588484,0.5368675651818461,9.823095440987181e-05,0.005628219105227657,-0.125,-0.0625,0.1875,0.0,-0.02,-0.01,0,0.0
520,931000000,1231,0.9843488931655884,0.17577455937862396,0.012408056296408176,0.0025848590303212404,1.000000040279164,1.0000000463302485,0.0,0.0,0.35352493139962715,0.02352117682108354,0.009453603242416127,0.5416515669816345,8.349658282764266e-05,0.0047840017997884295,-0.3125,0.25,0.0,-0.01,-0.02,-0.03,0,0.0
521,286000000,1232,0.9843271970748901,0.17589491605758667,0.012414546683430672,0.0026182779110968113,1.0000000143723948,1.0000000465938612,0.0,0.0,0.3537703600177725,0.023521037066173655,0.009524574137723514,0.5457178997510127,7.097089530738732e-05,0.004066332769378112,-0.0625,0.125,-0.0625,0.0,0.0,0.0,0,0.0
521,648000000,1233,0.9843103289604187,0.1759883463382721,0.01242008339613676,0.0026466886047273874,0.9999999925885923,1.0000000020352007,0.0,0.0,0.3539609486493102,0.023521028776040565,0.009584703642648126,0.549163066607404,6.012950492461158e-05,0.0034451668563913428,-0.125,-0.125,-0.125,-0.01,-0.02,-0.05,0,0.0
521,996000000,1234,0.9842960238456726,0.1760677695274353,0.012424791231751442,0.002670837799087167,1.0000000154182342,1.0000000044478135,0.0,0.0,0.35412298080217786,0.023521017032635844,0.009635815008275619,0.5520915321430093,5.111136562749308e-05,0.002928465535605378,0.0,0.1875,0.0625,0.0,-0.01,-0.02,0,0.0
522,354000000,1235,0.9842838048934937,0.17613527178764343,0.012428791262209415,0.0026913643814623356,0.9999999804188966,0.9999999932655317,0.0002321114960340782,0.013299009099220226,0.3542606766978109,0.023520996235914065,0.009679258237202922,0.5545806458089645,4.344322892730311e-05,0.002489113665955119,0.3125,0.125,0.0625,-0.02,-0.02,-0.03,0,0.0
522,729000000,1236,0.9842734932899475,0.17619265615940094,0.012432192452251911,0.0027088122442364693,1.0000000293753224,1.0000000079365738,0.0,0.0,0.3543777612527145,0.023520978056677057,0.009716186582618398,0.5566964841456725,3.6928345415476044e-05,0.00211583833670806,0.25,-0.0625,0.0625,0.0,-0.01,0.0,0,0.0
523,110000000,1237,0.9842646718025208,0.1762414276599884,0.012435082346200943,0.00272364285774529,1.0000000172427639,1.0000000452756985,0.0,0.0,0.35447725550206083,0.02352095578802554,0.00974757476349229,0.5584948944363398,3.13881808738925e-05,0.0017984102906672924,0.0,0.125,0.125,0.01,0.0,-0.05,0,0.0
523,461000000,1238,0.984257161617279,0.1762828826904297,0.012437539175152779,0.0027362487744539976,0.9999999971813197,1.00000001345415,0.0,0.0,0.35456182158378746,0.023520935073665556,0.009774254613930161,0.5600235372644701,2.6679850437871105e-05,0.0015286428281302757,0.0,0.0,0.125,0.0,-0.02,-0.01,0,0.0
523,811000000,1239,0.9842507839202881,0.17631810903549194,0.012439627200365067,0.0027469638735055923,0.9999999856784797,0.9999999821594278,0.0003777890659592238,0.021645719025653,0.35463368396091877,0.023520915395321355,0.009796932326460202,0.5613228744814523,2.267771253004064e-05,0.0012993372169822727,0.3125,0.0,0.125,-0.01,-0.01,0.0,0,0.0
524,189000000,1240,0.9842488765716553,0.17632874846458435,0.012441331520676613,0.0027560556773096323,1.0000000305702774,1.0000000161475573,0.0,0.0,0.3546555558041642,0.023520958159415337,0.009815690885351235,0.5623976607356562,1.8758558891033075e-05,0.0010747862542038011,0.0,0.0,-0.125,0.0,-0.01,0.0,0,0.0
524,542000000,1241,0.9842472076416016,0.17633776366710663,0.012442778795957565,0.002763783559203148,1.0000000169445666,1.0000000474419077,0.0,0.0,0.3546740719586688,0.023520990466613288,0.009831633905734136,0.5633111285162875,1.594302038290113e-05,0.0009134677806312805,0.0625,0.0,0.0,0.0,-0.02,-0.04,0,0.0
524,907000000,1242,0.984245777130127,0.17634543776512146,0.012444009073078632,0.002770352177321911,0.9999999957160285,1.0000000126077961,0.0,0.0,0.3546898302007052,0.023521017554385282,0.009845185560046998,0.5640875811138347,1.3551654312861372e-05,0.0007764525975472163,-0.125,0.0625,0.0,0.0,0.0,-0.02,0,0.0
525,379000000,1243,0.9842411279678345,0.17637129127979279,0.012445126660168171,0.0027759517543017864,1.000000008728413,1.0000000040831303,0.0,0.0,0.35474252133936873,0.02352098333091214,0.009857224037517959,0.5647773350646841,1.2038477470961012e-05,0.0006897539508493911,-0.0625,0.125,0.0,0.0,-0.02,-0.05,0,0.0
525,743000000,1244,0.9842371940612793,0.1763932704925537,0.012446076609194279,0.002780711278319359,1.0000000386134267,1.0000000470807822,0.0,0.0,0.354787322908689,0.023520954234777878,0.009867456716355827,0.5653636243752068,1.0232678837868506e-05,0.0005862893105226973,-0.25,0.0,-0.0625,0.01,-0.01,-0.02,0,0.0
526,95000000,1245,0.9842337965965271,0.1764119416475296,0.01244688406586647,0.0027847569435834885,1.0000000096564245,1.000000048081265,0.0,0.0,0.3548253634029861,0.023520927864051123,0.009876154061290561,0.5658619455329365,8.697344934733772e-06,0.0004983211577297296,-0.0625,-0.0625,0.0625,0.0,0.0,-0.04,0,0.0
526,476000000,1246,0.9842309951782227,0.17642782628536224,0.012447571381926537,0.0027881960850208998,1.000000072914002,1.0000000824341944,0.0,0.0,0.35485775627016974,0.023520909086331837,0.009883548631191763,0.5662856231795899,7.394569901201728e-06,0.00042367764665332915,0.0,0.125,0.0,0.0,0.0,-0.01,0,0.0
526,852000000,1247,0.9842285513877869,0.17644131183624268,0.012448154389858246,0.0027911190409213305,1.000000062391303,1.0000001352069516,0.0,0.0,0.35488523532535005,0.023520889207358245,0.00988983221556359,0.5666456460443099,6.283584371827994e-06,0.0003600228647201066,-0.0625,0.0,-0.0625,0.0,-0.02,0.0,0,0.0
527,203000000,1248,0.9842264652252197,0.17645278573036194,0.012448650784790516,0.002793603576719761,1.0000000467845196,1.0000001091046147,0.0,0.0,0.35490861306506327,0.023520873538801463,0.009895173835288098,0.566951698310288,5.3416197245068076e-06,0.00030605226597807357,-0.5,-0.125,0.0,-0.02,0.0,-0.03,0,0.0
527,564000000,1249,0.9842265844345093,0.17645207047462463,0.01244898047298193,0.0027956946287304163,1.0000000478528368,1.000000094634855,0.0,0.0,0.3549072127419736,0.02352079151523681,0.009899390533396777,0.5671932973153961,4.216698108679834e-06,0.000241599005108151,-0.1875,0.125,0.0625,0.0,0.0,-0.03,0,0.0
527,916000000,1250,0.9842267036437988,0.17645145952701569,0.012449260801076889,0.00279747205786407,1.0000000658395778,1.0000001136906054,0.0,0.0,0.3549060221579631,0.02352072243310681,0.00990297485449318,0.5673986637866397,3.584321096402124e-06,0.00020536647124354558,-0.0625,0.0,0.0,-0.02,-0.04,-0.03,0,0.0
528,275000000,1251,0.9842267632484436,0.1764509379863739,0.012449498288333416,0.00279898289591074,1.00000003966183,1.0000001055001035,0.0,0.0,0.3549049916604357,0.023520661123253513,0.009906021004384577,0.567573195319181,3.0461498913975094e-06,0.00017453153254131136,0.25,0.0,0.0,0.0,-0.02,0.01,0,0.0
528,628000000,1252,0.9842268228530884,0.17645050585269928,0.012449700385332108,0.002800266956910491,1.000000028186936,1.0000000678478271,0.0,0.0,0.35490414207567,0.023520609684338976,0.00990861034448144,0.5677215535784552,2.5893400968628882e-06,0.00014835825927423928,0.0,0.0625,-0.0625,0.01,-0.02,-0.04,0,0.0
528,987000000,1253,0.9842268824577332,0.17645013332366943,0.012449872680008411,0.0028013584669679403,1.0000000263207087,1.0000000545069636,0.0,0.0,0.3549034119931688,0.023520567202984115,0.009910811499460163,0.5678476704687903,2.2011549787228496e-06,0.0001261168903350278,0.0,0.0,0.0,0.0,0.0,-0.04,0,0.0
529,355000000,1254,0.9842269420623779,0.17644982039928436,0.012450018897652626,0.002802286297082901,1.0000000341897204,1.0000000605099382,0.0,0.0,0.3549028021708133,0.02352053082206394,0.0099126826335204,0.567954878553345,1.871134060237381e-06,0.00010720808455477949,-0.125,0.0625,-0.0625,0.01,0.0,-0.04,0,0.0
529,716000000,1255,0.9842270016670227,0.17644955217838287,0.01245014276355505,0.0028030748944729567,1.000000049279052,1.0000000834684177,0.0,0.0,0.3549022820956822,0.023520499329793627,0.009914272829241188,0.5680459900567459,1.5901957207877654e-06,9.111150340090282e-05,0.1875,-0.125,0.1875,0.0,0.0,-0.03,0,0.0
530,98000000,1256,0.9842270612716675,0.17644932866096497,0.012450248003005981,0.002803745213896036,1.0000000716934618,1.0000001209722607,0.0,0.0,0.3549018523410149,0.023520472663869453,0.009915624663613166,0.568123444460861,1.3518343719778891e-06,7.745440411505124e-05,0.3125,-0.25,-0.0625,0.0,0.0,-0.02,0,0.0
530,459000000,1257,0.9842270612716675,0.17644913494586945,0.012450337409973145,0.002804314950481057,1.0000000402232851,1.0000001119165653,0.0,0.0,0.3549014624863781,0.0235204486779486,0.009916773260663867,0.5681892542242274,1.148597050701708e-06,6.58097633663817e-05,-0.5625,0.0,-0.1875,0.0,-0.01,-0.02,0,0.0
530,843000000,1258,0.9842270612716675,0.1764489710330963,0.012450413778424263,0.002804799238219857,1.0000000136100609,1.0000000538332132,0.0,0.0,0.3549011326771958,0.02352042901548223,0.009917749741269669,0.5682452024417162,9.764806058014386e-07,5.594821748880028e-05,0.0,0.125,-0.0625,-0.01,-0.03,-0.01,0,0.0
531,278000000,1259,0.9842270612716675,0.17644883692264557,0.012450478971004486,0.0028052108827978373,0.9999999919127607,1.0000000055227258,0.0,0.0,0.3549008632545024,0.02352041282349871,0.00991857997840914,0.5682927715258029,8.302371394715291e-07,4.756908408673291e-05,0.0,0.0625,0.0625,0.0,-0.03,0.0,0,0.0
531,631000000,1260,0.9842236042022705,0.17646804451942444,0.012450606562197208,0.002805577125400305,0.999999981336095,0.9999999730583392,0.0004642556271036688,0.026599888048239574,0.3549399055825534,0.023520340852828937,0.009919805213543418,0.5683629723279081,1.225235134277164e-06,7.020080210522619e-05,-0.1875,0.125,-0.0625,0.0,0.0,-0.05,0,0.0
531,986000000,1261,0.9842206835746765,0.1764843761920929,0.012450714595615864,0.00280588841997087,0.9999999911599412,0.9999999723583554,0.00047024797515530126,0.026943224300971555,0.35497310858784165,0.023520279249279453,0.009920846726314778,0.5684226466140161,1.0415127713603312e-06,5.9674286107920855e-05,-0.3125,-0.0625,0.1875,-0.02,-0.01,0.0,0,0.0
532,347000000,1262,0.9842182397842407,0.17649826407432556,0.012450807727873325,0.0028061531484127045,1.0000000389269035,1.0000000299873832,0.0,0.0,0.35500135661994836,0.023520230322888757,0.009921733093955281,0.5684734317389138,8.863676405033993e-07,5.078512489781379e-05,-0.125,-0.1875,0.0625,0.01,-0.01,0.0,0,0.0
532,748000000,1263,0.9842160940170288,0.1765100657939911,0.012450885958969593,0.002806378062814474,1.0000000116838652,1.0000000505387987,0.0,0.0,0.3550253386054861,0.023520185235778965,0.009922485513828962,0.5685165422220976,7.524198736806598e-07,4.3110483183668334e-05,0.0625,0.1875,0.0,-0.01,0.0,-0.03,0,0.0
533,101000000,1264,0.9842143058776855,0.17652009427547455,0.01245095208287239,0.002806569216772914,1.0000000233079274,1.0000000349398885,0.0,0.0,0.35504572896977993,0.02352014708512071,0.009923125021089217,0.5685531832890781,6.395072602548291e-07,3.664106698057604e-05,0.3125,-0.1875,0.0,-0.01,-0.03,-0.01,0,0.0
533,454000000,1265,0.9842127561569214,0.17652861773967743,0.012451007962226868,0.0028067317325621843,1.0000000038026893,1.0000000270730767,0.0,0.0,0.35506304940315475,0.02352011325835394,0.009923668370876718,0.5685843149387013,5.433497875014653e-07,3.113164962316409e-05,-0.25,-0.3125,0.0,0.0,0.0,-0.01,0,0.0
533,918000000,1266,0.9842114448547363,0.17653585970401764,0.012451055459678173,0.002806869801133871,0.9999999926223123,0.9999999963979084,0.00016975492045037948,0.009726240493385772,0.3550777675504157,0.02352008469084482,0.009924130040607696,0.5686107666658152,4.6166973097748476e-07,2.6451727113949997e-05,-0.1875,-0.0625,0.0,0.0,0.01,-0.02,0,0.0
534,271000000,1267,0.9842119812965393,0.17653316259384155,0.012451116926968098,0.0028069920372217894,1.0000000455700335,1.0000000381885565,0.0,0.0,0.3550723078593325,0.0235201910559114,0.009924328291866296,0.5686221256262163,1.9825125860059578e-07,1.1358960400970801e-05,0.125,-0.0625,-0.0625,0.0,0.0,0.0,0,0.0
534,633000000,1268,0.9842158555984497,0.17651152610778809,0.012451096437871456,0.0028070793487131596,1.0000000393786312,1.0000000847070887,0.0,0.0,0.3550283353141288,0.02352033788782703,0.00992397579834552,0.5686019292351701,-3.524935207766672e-07,-2.0196391046210025e-05,0.0,0.125,-0.125,-0.01,0.0,-0.01,0,0.0
535,5000000,1269,0.9842191338539124,0.17649312317371368,0.012451078742742538,0.002807153621688485,1.0000000177225352,1.0000000569264569,0.0,0.0,0.354990929042209,0.023520461825741787,0.009923675816533703,0.5685847415434222,-2.9998181181635497e-07,-1.7187691747764826e-05,-0.25,-0.25,-0.0625,0.0,-0.02,-0.01,0,0.0
535,359000000,1270,0.9842219352722168,0.17647749185562134,0.012451063841581345,0.0028072167187929153,1.000000016229566,1.0000000338260062,0.0,0.0,0.3549591622144044,0.023520567772891496,0.009923421176450514,0.5685701517413606,-2.5464008318945575e-07,-1.4589802061615996e-05,0.1875,-0.125,0.0625,0.0,0.0,-0.04,0,0.0
535,722000000,1271,0.9842227101325989,0.17647306621074677,0.012451031245291233,0.0028072658460587263,0.999999997579591,1.000000013799062,0.0,0.0,0.3549501622390696,0.023520530402419283,0.00992340050314909,0.5685689672484405,-2.0673301423176915e-08,-1.1844929201498355e-06,0.25,-0.0625,0.0,0.0,0.0,-0.02,0,0.0
536,83000000,1272,0.9842313528060913,0.17642496526241302,0.012451103888452053,0.0028073301073163748,1.0000000176523622,1.00000001403775,0.0,0.0,0.35485241704588055,0.02352113617544417,0.009922403159199948,0.5685118236494318,-9.973439491425817e-07,-5.714359900878015e-05,-3.6875,-0.0625,0.125,0.0,-0.03,0.03,0,0.0
536,438000000,1273,0.9842469096183777,0.17633812129497528,0.012451154179871082,0.0028073822613805532,1.0000000123753703,1.0000000261357855,0.0,0.0,0.35467592804674597,0.023522092043045548,0.009920447886439832,0.5683997947724801,-1.9552727601162417e-06,-0.0001120288769515561,2.0625,0.0625,0.0625,-0.01,0.0,-0.21,0,0.0
536,815000000,1274,0.9842389225959778,0.17638280987739563,0.01245115976780653,0.002807418117299676,1.0000000326745921,1.0000000440195316,0.0,0.0,0.35476675414358466,0.023521640457954986,0.009921588709070452,0.5684651590943877,1.140822630620042e-06,6.536432190754048e-05,-0.375,-0.0625,0.125,-0.01,0.0,-0.01,0,0.0
537,168000000,1275,0.9842485785484314,0.17632891237735748,0.012451141141355038,0.002807443495839834,1.0000000311847463,1.00000006236025,0.0,0.0,0.3546572207714257,0.023522138060797323,0.009920343852225625,0.5683938340510811,-1.2448568448269332e-06,-7.13250433065553e-05,-0.125,-0.125,-0.0625,0.0,-0.02,0.0,0,0.0
537,518000000,1276,0.9842568039894104,0.1762830913066864,0.01245112530887127,0.0028074649162590504,1.0000000484304006,1.0000000785315342,0.0,0.0,0.35456410781085673,0.023522561571768064,0.009919285326103557,0.5683331849717823,-1.0585261220677489e-06,-6.0649079298831805e-05,0.6875,0.0625,0.125,-0.01,0.01,-0.05,0,0.0
537,870000000,1277,0.9842669367790222,0.176226407289505,0.012451152317225933,0.002807492157444358,1.000000031334383,1.000000078106909,0.0,0.0,0.35444890929822676,0.02352317591339969,0.009917993528300226,0.5682591704096672,-1.2917978033308297e-06,-7.40145621151273e-05,0.0,0.0625,0.0,0.0,0.0,-0.04,0,0.0
538,223000000,1278,0.9842755794525146,0.1761782169342041,0.012451174668967724,0.0028075154405087233,1.0000000471611412,1.0000000772970223,0.0,0.0,0.35435098351577926,0.023523697664936165,0.009916895479382577,0.568196256840987,-1.0980489176491692e-06,-6.291356868020549e-05,0.125,-0.0625,0.125,0.0,0.0,-0.02,0,0.0
538,585000000,1279,0.984282910823822,0.1761372685432434,0.01245119422674179,0.002807535231113434,1.000000050200717,1.0000000964966005,0.0,0.0,0.35426777103983,0.023524141811708973,0.009915962582548572,0.5681428057896774,-9.328968340049926e-07,-5.345105130960261e-05,-0.125,-0.0625,-0.125,0.01,0.0,-0.04,0,0.0
538,939000000,1280,0.9842891097068787,0.17610245943069458,0.012451210990548134,0.002807551994919777,1.000000021354217,1.000000070929885,0.0,0.0,0.3541970243149673,0.023524518835207987,0.00991516929447403,0.5680973537310681,-7.932880745423199e-07,-4.545205860933437e-05,-0.5,0.0625,0.0625,0.0,0.0,-0.01,0,0.0
539,341000000,1281,0.9842959642410278,0.17606399953365326,0.01245124451816082,0.002807570854201913,0.9999999965485566,1.000000017139699,0.0,0.0,0.3541188608424785,0.02352496497078064,0.009914298791621963,0.5680474775915905,-8.705028520673147e-07,-4.987613947755818e-05,-0.0625,0.0625,0.125,0.0,0.0,-0.03,0,0.0
539,701000000,1282,0.9843002557754517,0.1760401725769043,0.012451253831386566,0.002807582262903452,1.0000000260603308,1.0000000223158172,0.0,0.0,0.35407045155653744,0.023525220020222344,0.009913755159000705,0.5680163297367867,-5.436326212578807e-07,-3.114785480371052e-05,0.0,0.0,0.125,-0.01,0.0,-0.04,0,0.0
540,150000000,1283,0.984303891658783,0.17601992189884186,0.012451261281967163,0.0028075920417904854,1.0000000402602414,1.0000000661089186,0.0,0.0,0.354029304708941,0.02352543555807803,0.009913293055714447,0.567989853168785,-4.6210328625770347e-07,-2.6476568001692144e-05,-0.5,-0.25,0.0,0.0,0.0,-0.03,0,0.0
540,503000000,1284,0.9843069911003113,0.17600271105766296,0.012451267801225185,0.0028076001908630133,1.0000000618586407,1.000000101965975,0.0,0.0,0.3539943377456388,0.023525619400288286,0.009912900118178367,0.5679673395063554,-3.929375360801207e-07,-2.2513662429660427e-05,0.0625,-0.0625,-0.0625,0.0,0.01,-0.02,0,0.0
540,854000000,1285,0.9843096137046814,0.1759880781173706,0.012451273389160633,0.002807607175782323,1.0000000680689827,1.000000129817127,0.0,0.0,0.3539646042677439,0.023525775461855816,0.009912566092290574,0.5679482012327368,-3.340258877930491e-07,-1.9138273618652118e-05,0.0,0.0625,0.0,0.0,0.0,-0.04,0,0.0
541,206000000,1286,0.9843118190765381,0.17597565054893494,0.012451278045773506,0.002807613229379058,1.0000000518884502,1.0000001198777826,0.0,0.0,0.35393934487139306,0.0235259072377042,0.009912282492401187,0.5679319521560046,-2.8359988938665703e-07,-1.624907673223244e-05,0.3125,-0.125,0.0,0.0,0.01,-0.05,0,0.0
541,579000000,1287,0.9843137264251709,0.1759650856256485,0.012451281771063805,0.0028076183516532183,1.0000000702633969,1.0000001220942234,0.0,0.0,0.35391788217510506,0.023526019622122536,0.009912041451438869,0.5679181415261739,-2.4104096231838956e-07,-1.3810629830615633e-05,0.3125,0.0,0.0625,0.0,0.0,-0.04,0,0.0
541,950000000,1288,0.9843137264251709,0.17596496641635895,0.012451265007257462,0.0028076181188225746,1.0000000490773482,1.0000001193407415,0.0,0.0,0.35391763250913977,0.023525987362834698,0.009912032114352723,0.5679176065505448,-9.33708614592188e-09,-5.349756291113956e-07,0.1875,0.0625,0.0,-0.01,-0.01,-0.03,0,0.0
542,315000000,1289,0.9843137264251709,0.17596487700939178,0.012451251037418842,0.002807617885991931,1.000000033170263,1.0000000822476087,0.0,0.0,0.3539174452268378,0.023525960437957422,0.00991202450447967,0.5679171705369362,-7.60987305288563e-09,-4.3601360856068166e-07,0.25,0.0,-0.125,-0.01,0.0,-0.04,0,0.0
542,677000000,1290,0.9843137264251709,0.17596480250358582,0.012451238930225372,0.0028076176531612873,1.0000000199084578,1.0000000530787188,0.0,0.0,0.353917289146861,0.023525937097252748,0.009912017922360865,0.5679167934093085,-6.582118804859816e-09,-3.771276277721609e-07,0.3125,0.0625,0.0,0.0,0.0,-0.04,0,0.0
543,31000000,1291,0.9843137264251709,0.17596472799777985,0.012451228685677052,0.0028076176531612873,1.0000000066705041,1.0000000265789593,0.0,0.0,0.3539171331143059,0.023525917342454728,0.00991201245532145,0.5679164801710236,-5.467039414924768e-09,-3.132382849068601e-07,0.3125,0.0625,-0.125,0.0,0.0,-0.03,0,0.0
543,382000000,1292,0.9843137264251709,0.17596466839313507,0.01245122030377388,0.0028076176531612873,0.9999999960778257,1.000000002748328,0.0,0.0,0.35391700828406975,0.023525901171829386,0.009912008016033277,0.5679162258185472,-4.439288173174738e-09,-2.543524763652538e-07,0.25,0.125,-0.0625,0.0,-0.01,-0.05,0,0.0
543,736000000,1293,0.9843137860298157,0.17596463859081268,0.012451213784515858,0.002807617885991931,1.000000049422822,1.0000000455006468,0.0,0.0,0.35391696550391166,0.023525889904428623,0.009912005768911892,0.5679160970679757,-2.2471213848018756e-09,-1.287505714027405e-07,-0.125,0.125,0.0,0.0,-0.01,-0.04,0,0.0
544,98000000,1294,0.9843137860298157,0.1759645938873291,0.012451207265257835,0.0028076176531612873,1.0000000414747647,1.000000090897588,0.0,0.0,0.3539168718705483,0.023525877399937778,0.009912001898887416,0.5679158753319067,-3.870024476229639e-09,-2.217360691002853e-07,0.1875,-0.25,-0.0625,0.01,-0.01,-0.04,0,0.0
544,452000000,1295,0.9843137860298157,0.17596454918384552,0.012451201677322388,0.0028076176531612873,1.0000000335389592,1.0000000750137243,0.0,0.0,0.35391677826361473,0.02352586664741912,0.009911998815645221,0.5679156986751417,-3.0832421945431454e-09,-1.7665676496397612e-07,-0.375,-0.0625,0.0,-0.02,-0.03,-0.01,0,0.0
544,814000000,1296,0.9843137860298157,0.17596451938152313,0.012451197020709515,0.0028076176531612873,1.000000028236827,1.0000000617757867,0.0,0.0,0.35391671583800693,0.023525857645138565,0.009911996431857023,0.5679155620941387,-2.383788198084824e-09,-1.365810030033559e-07,0.0625,0.125,0.0625,0.0,0.01,-0.02,0,0.0
545,169000000,1297,0.9843137860298157,0.17596448957920074,0.012451193295419216,0.0028076176531612873,1.000000022946292,1.0000000511831193,0.0,0.0,0.35391665343338724,0.023525850476792797,0.009911994376363285,0.5679154443230227,-2.0554937387590178e-09,-1.1777111604645792e-07,-0.1875,0.25,0.0,0.0,-0.01,-0.01,0,0.0
545,620000000,1298,0.9843137860298157,0.17596445977687836,0.012451189570128918,0.0028076176531612873,1.0000000176557577,1.00000004060205,0.0,0.0,0.3539165910287688,0.02352584330844703,0.009911992320869993,0.5679153265519323,-2.055493291200361e-09,-1.177710904032358e-07,-0.125,0.0,0.0625,0.01,-0.01,-0.04,0,0.0
545,975000000,1299,0.9843137860298157,0.17596444487571716,0.012451186776161194,0.0028076176531612873,1.000000014998895,1.000000032654653,0.0,0.0,0.3539165598054731,0.023525837890339362,0.009911990964829694,0.5679152488565463,-1.3560402991469322e-09,-7.769538599077682e-08,0.1875,0.125,0.0,-0.01,-0.01,-0.01,0,0.0
546,336000000,1300,0.9843137860298157,0.17596442997455597,0.01245118398219347,0.0028076176531612873,1.0000000123420325,1.0000000273409275,0.0,0.0,0.35391652858217776,0.023525832472231695,0.009911989608789565,0.5679151711611701,-1.3560401291440316e-09,-7.769537625032812e-08,0.0625,0.0,0.0625,-0.01,0.0,-0.03,0,0.0
546,720000000,1301,0.9843137860298157,0.17596441507339478,0.01245118211954832,0.0028076176531612873,1.000000009696766,1.0000000220387986,0.0,0.0,0.3539164973798696,0.023525828888058813,0.009911988581043365,0.5679151122756503,-1.0277462006436089e-09,-5.888551970748428e-08,0.1875,-0.0625,-0.125,0.0,0.0,-0.02,0,0.0
547,85000000,1302,0.9843137860298157,0.17596440017223358,0.012451180256903172,0.0028076176531612873,1.0000000070514998,1.0000000167482659,0.0,0.0,0.3539164661775617,0.02352582530388593,0.009911987553297275,0.567915053390137,-1.0277460896213064e-09,-5.8885513346374916e-08,-0.0625,0.125,0.1875,-0.02,0.0,-0.02,0,0.0
547,437000000,1303,0.9843137860298157,0.1759643852710724,0.012451178394258022,0.0028076176531612873,1.000000004406234,1.0000000114577339,0.0,0.0,0.35391643497525405,0.02352582171971305,0.009911986525551296,0.56791499450463,-1.027745978599004e-09,-5.888550698526556e-08,-0.3125,0.0625,0.0625,0.0,0.01,-0.02,0,0.0
547,789000000,1304,0.9843137860298157,0.1759643852710724,0.012451177462935448,0.0028076176531612873,1.000000004394638,1.000000008800872,0.0,0.0,0.3539164349542672,0.023525819885778267,0.009911986197257592,0.5679149756947863,-3.282937047210943e-10,-1.8809843721232773e-08,0.0625,-0.1875,0.125,-0.02,0.0,-0.03,0,0.0
548,142000000,1305,0.9843137860298157,0.1759643852710724,0.012451176531612873,0.0028076176531612873,1.000000004383042,1.00000000877768,0.0,0.0,0.3539164349332803,0.02352581805184348,0.009911985868963883,0.5679149568849423,-3.2829370819054127e-10,-1.880984392001744e-08,-0.125,0.0,-0.0625,0.0,-0.01,-0.01,0,0.0
548,494000000,1306,0.9843137860298157,0.1759643852710724,0.012451175600290298,0.0028076176531612873,1.0000000043714459,1.0000000087544878,0.0,0.0,0.35391643491229346,0.023525816217908696,0.009911985540670179,0.5679149380750986,-3.282937047210943e-10,-1.8809843721232773e-08,0.0,0.0,0.0,0.0,-0.01,-0.04,0,0.0
548,848000000,1307,0.9843137860298157,0.1759643852710724,0.012451174668967724,0.0028076176531612873,1.0000000043598498,1.0000000087312957,0.0,0.0,0.3539164348913066,0.023525814383973914,0.009911985212376474,0.567914919265255,-3.282937047210943e-10,-1.8809843721232773e-08,-0.0625,0.0,0.125,0.0,0.0,-0.02,0,0.0
549,210000000,1308,0.9843137860298157,0.1759643852710724,0.01245117373764515,0.0028076176531612873,1.0000000043482538,1.0000000087081036,0.0,0.0,0.3539164348703197,0.02352581255003913,0.009911984884082767,0.567914900455411,-3.282937064558178e-10,-1.8809843820625108e-08,-0.0625,-0.1875,-0.0625,0.0,-0.01,-0.01,0,0.0
549,563000000,1309,0.9843137860298157,0.1759643852710724,0.012451172806322575,0.0028076176531612873,1.0000000043366577,1.0000000086849115,0.0,0.0,0.3539164348493329,0.023525810716104347,0.009911984555789063,0.5679148816455674,-3.282937047210943e-10,-1.8809843721232773e-08,0.1875,-0.125,0.125,-0.01,0.0,-0.06,0,0.0
549,910000000,1310,0.9843204617500305,0.1759273111820221,0.012451141141355038,0.002807610435411334,1.0000000519158028,1.0000000555429347,0.0,0.0,0.35384111192484646,0.02352612542666548,0.009911073235261537,0.5678626668255565,-9.113205275256692e-07,-5.221482001085661e-05,-0.25,0.0,-0.1875,0.0,0.02,0.01,0,0.0
550,262000000,1311,0.9843276739120483,0.17588691413402557,0.01245113369077444,0.002807608572766185,1.0000000447943875,1.0000000958682245,0.0,0.0,0.3537590192174299,0.02352651796053777,0.009910101241483357,0.5678069756843538,-9.719937781801913e-07,-5.5691141202700085e-05,0.25,0.0,-0.0625,0.0,0.0,0.0,0,0.0
550,632000000,1312,0.9843353629112244,0.17584370076656342,0.012451146729290485,0.0028076115995645523,1.0000000137573104,1.0000000575884411,0.0,0.0,0.3536711966502435,0.023526976817535645,0.009909078624274065,0.5677483840342039,-1.0226172092921842e-06,-5.859165014988855e-05,0.1875,0.1875,0.0,0.0,0.0,-0.04,0,0.0
550,989000000,1313,0.9843403697013855,0.17581585049629211,0.012451138347387314,0.002807609736919403,1.0000000451140867,1.0000000584710453,0.0,0.0,0.3536146137098432,0.023527242110670792,0.009908406431236794,0.5677098702101503,-6.721930372703688e-07,-3.851382405367218e-05,0.375,0.0625,0.0,0.0,0.0,-0.05,0,0.0
551,345000000,1314,0.9843461513519287,0.17578330636024475,0.012451151385903358,0.002807612530887127,1.0000000151676258,1.0000000597354395,0.0,0.0,0.35354847288961555,0.02352759361324004,0.009907638389636896,0.5676658646679855,-7.680415998988221e-07,-4.40055421646779e-05,-0.1875,0.0,-0.0625,0.0,-0.01,-0.04,0,0.0
551,700000000,1315,0.9843542575836182,0.1757378876209259,0.012451202608644962,0.002807623939588666,1.0000000123835244,1.0000000264868627,0.0,0.0,0.353456180973002,0.023528147499582337,0.00990659312924985,0.5676059756593157,-1.0452603870451244e-06,-5.9889008669896536e-05,-0.125,0.0625,0.0,0.0,-0.01,0.0,0,0.0
552,54000000,1316,0.9843611717224121,0.17569929361343384,0.012451245449483395,0.0028076337184756994,1.0000000372456594,1.0000000488605323,0.0,0.0,0.3533777667754088,0.023528617428682577,0.009905704996337925,0.5675550893918156,-8.881329119254933e-07,-5.0886267499994825e-05,0.1875,0.1875,-0.125,0.01,0.0,-0.05,0,0.0
552,420000000,1317,0.9843670129776001,0.17566648125648499,0.012451281771063805,0.002807642100378871,1.0000000230736916,1.0000000597639658,0.0,0.0,0.35331108817029466,0.023529015813607494,0.009904949796693952,0.5675118196395262,-7.551996439730813e-07,-4.326975228943993e-05,0.125,0.125,-0.0625,-0.01,-0.01,-0.02,0,0.0
552,774000000,1318,0.9843754172325134,0.17561925947666168,0.012451240792870522,0.002807632787153125,1.0000000012749826,1.0000000231984099,0.0,0.0,0.353215125945802,0.023529412970057652,0.009903788031203026,0.5674452553801123,-1.1617654909253788e-06,-6.656425941396834e-05,0.25,0.0625,-0.125,0.0,0.02,-0.05,0,0.0
553,124000000,1319,0.9843810200691223,0.17558801174163818,0.012451186776161194,0.002807620679959655,1.000000028662862,1.0000000294339373,0.0,0.0,0.3531516393668231,0.02352962592357998,0.009902998333048994,0.567400009008797,-7.896981540321535e-07,-4.5246371315314386e-05,-0.75,-0.125,0.0,0.0,0.0,-0.01,0,0.0
553,475000000,1320,0.9843775629997253,0.17560738325119019,0.012451152317225933,0.0028076129965484142,1.0000000267371865,1.0000000552064454,0.0,0.0,0.35319100021958927,0.023529365843975324,0.009903434169518785,0.5674249805990739,4.3583646979102053e-07,2.4971590276906478e-05,3.0,0.0,-0.125,0.0,0.0,-0.08,0,0.0
553,830000000,1321,0.9843369722366333,0.17583423852920532,0.012460264377295971,0.0028076034504920244,1.0000000475883066,1.000000047728516,0.0,0.0,0.35365214733643646,0.023545027567155444,0.009912047553890326,0.5679184911708871,8.61338437154087e-06,0.0004935105718132348,5.0625,0.25,-0.125,0.01,0.0,-0.05,0,0.0
554,182000000,1322,0.9844141006469727,0.17540483176708221,0.012449721805751324,0.0026794285513460636,1.0000000757351115,1.0000000198839674,0.0,0.0,0.35277654058955377,0.02357357725956433,0.009645646723858002,0.552654847951253,-0.0002664008300323241,-0.01526364321963416,-1.8125,0.0625,-0.125,0.0,-0.01,0.02,0,0.0
554,534000000,1323,0.9844696521759033,0.1750946193933487,0.012440750375390053,0.0025704780127853155,1.0000000007114813,1.000000020812398,0.0,0.0,0.352143600836842,0.023597118497141294,0.009420494049789438,0.5397545499810396,-0.00022515267406856415,-0.01290029797021334,0.375,0.0,0.0,0.0,-0.01,-0.05,0,0.0
554,886000000,1324,0.9845184683799744,0.17482204735279083,0.012433145195245743,0.0024778731167316437,1.0000000428882494,1.0000000009437093,0.0,0.0,0.3515875997604877,0.023617143852637863,0.009228904139559345,0.5287772567275649,-0.00019158991023009338,-0.010977293253474666,-1.25,0.0625,0.0625,0.04,0.03,-0.02,0,0.0
555,249000000,1325,0.9845629930496216,0.17457258701324463,0.012426718138158321,0.0023991649504750967,1.000000027367735,1.000000035031391,0.0,0.0,0.35107889318323765,0.023634316961999535,0.009065642688204935,0.5194230646077769,-0.00016326145135441006,-0.009354192119788093,-0.125,0.1875,-0.0625,0.0,0.01,-0.02,0,0.0
555,613000000,1326,0.9845976829528809,0.17437830567359924,0.012421215884387493,0.002332256641238928,1.0000000583954303,1.000000064035355,0.0,0.0,0.3506826036082012,0.023648615049383225,0.008927264876010392,0.5114945999907756,-0.00013837781219454282,-0.00792846461700124,0.625,0.0,0.0,0.0,0.02,-0.01,0,0.0
555,963000000,1327,0.984623908996582,0.1742309033870697,0.012416497804224491,0.0022753779776394367,0.9999999983127237,1.0000000438718146,0.0,0.0,0.35038177026243084,0.023660486421912357,0.00881003820836596,0.5047780066883669,-0.00011722666764443085,-0.006716593302408692,0.0,0.0625,-0.0625,-0.01,0.0,-0.02,0,0.0
556,360000000,1328,0.9846428632736206,0.17412494122982025,0.012412560172379017,0.0022270428016781807,1.0000000473618167,1.0000000387050227,0.0,0.0,0.35016536993277064,0.023670520528166324,0.008710906573454438,0.4990981823917049,-9.913163491152323e-05,-0.005679824296662009,0.125,-0.125,-0.0625,0.0,-0.01,-0.03,0,0.0
556,718000000,1329,0.9846588969230652,0.17403486371040344,0.012409212999045849,0.0021859577391296625,1.0000000220274694,1.0000000643541758,0.0,0.0,0.3499813907499958,0.023679030981866037,0.008626642176523926,0.49427018808437145,-8.426439693051159e-05,-0.004827994307333443,-0.375,-0.125,0.125,-0.01,-0.01,0.0,0,0.0
557,103000000,1330,0.9846725463867188,0.17395831644535065,0.012406368739902973,0.0021510354708880186,1.000000032203556,1.000000050594303,0.0,0.0,0.3498250590406013,0.023686255134238245,0.008555017247693848,0.4901663819544831,-7.162492883007812e-05,-0.00410380612988837,-0.0625,-0.0625,0.0625,0.0,0.0,0.0,0,0.0
557,469000000,1331,0.98468416929245,0.17389324307441711,0.012403951026499271,0.002121351659297943,1.0000000656880133,1.000000095263267,0.0,0.0,0.3496921702759065,0.02369238746150582,0.008494135339440193,0.48667810556284596,-6.0881908253655054e-05,-0.0034882763916371266,0.0,-0.125,0.0,0.0,0.01,0.0,0,0.0
557,849000000,1332,0.9846940040588379,0.17383791506290436,0.01240189466625452,0.0020961202681064606,1.0000000515271665,1.0000001153158016,0.0,0.0,0.3495791700211743,0.023697590215917885,0.008442383809083298,0.48371296129005276,-5.175153035689474e-05,-0.0029651442727932275,-0.25,0.0625,0.0,-0.01,0.0,-0.01,0,0.0
558,202000000,1333,0.9847023487091064,0.17379088699817657,0.012400146573781967,0.0020746735390275717,1.0000000279310939,1.000000078086117,0.0,0.0,0.34948311831431506,0.023702007378896196,0.008398394392643197,0.48119255338479155,-4.398941644010064e-05,-0.0025204079052611648,-0.1875,0.0625,-0.125,0.0,-0.02,-0.02,0,0.0
558,566000000,1334,0.9847094416618347,0.17375092208385468,0.012398661114275455,0.0020564438309520483,1.000000011590804,1.0000000385308818,0.0,0.0,0.34940149436936596,0.023705759533745895,0.008361003479830724,0.4790502118884952,-3.739091281247317e-05,-0.0021423414962963476,-0.125,-0.0625,0.0625,-0.01,-0.01,-0.02,0,0.0
558,928000000,1335,0.984715461730957,0.1737169474363327,0.012397398240864277,0.002040948485955596,0.9999999896762372,1.0000000005509322,0.0,0.0,0.34933210270452497,0.02370894591075595,0.008329220575656847,0.47722918561866334,-3.178290417387743e-05,-0.001821026269831905,0.3125,-0.1875,0.0625,-0.01,-0.03,-0.02,0,0.0
559,273000000,1336,0.9847206473350525,0.17368808388710022,0.012396326288580894,0.002027777722105384,1.0000000422801392,1.000000031439071,0.0,0.0,0.34927317402248653,0.023711657129227005,0.008302206667562293,0.47568140269669107,-2.7013908094553757e-05,-0.0015477829219722218,-0.0625,0.0,0.0,0.0,0.01,-0.01,0,0.0
559,635000000,1337,0.9847249984741211,0.17366354167461395,0.012395413592457771,0.002016582293435931,1.0000000306045507,1.0000000725109799,0.0,0.0,0.34922304949172894,0.023713956150355698,0.008279243213428475,0.47436569369178105,-2.29634541338182e-05,-0.0013157090049100264,-0.125,0.0,-0.0625,-0.02,0.0,-0.03,0,0.0
559,994000000,1338,0.9847286939620972,0.17364268004894257,0.012394637800753117,0.002007066272199154,1.0000000182040547,1.0000000485385958,0.0,0.0,0.3491804414730409,0.02371590933829584,0.00825972434898825,0.47324734513846817,-1.9518864440225617e-05,-0.00111834855331291,0.0,-0.25,-0.0625,-0.01,-0.01,0.0,0,0.0
560,372000000,1339,0.9847318530082703,0.1736249476671219,0.012393978424370289,0.001998977502807975,1.0000000256968762,1.0000000437057914,0.0,0.0,0.3491442307507044,0.023717569502248625,0.008243133045005213,0.47229673344362155,-1.6591303983036487e-05,-0.0009506116948465831,0.125,0.1875,-0.0625,0.0,-0.01,-0.04,0,0.0
561,56000000,1340,0.9847345352172852,0.1736098676919937,0.01239341776818037,0.0019921022467315197,1.0000000281424857,1.000000053698271,0.0,0.0,0.34911343528894345,0.02371897970400289,0.008229030522212289,0.4714887184071,-1.4102522792923747e-05,-0.0008080150365215769,0.0625,-0.0625,0.0,0.0,0.01,-0.01,0,0.0
561,420000000,1341,0.9847368001937866,0.173597052693367,0.012392941862344742,0.0019862581975758076,1.0000000162946758,1.0000000443352954,0.0,0.0,0.34908726065544643,0.023720178975967395,0.008217043427717886,0.4708019084839462,-1.1987094494403383e-05,-0.0006868099231538193,-0.0625,-0.0625,0.0,0.0,0.0,-0.01,0,0.0
561,873000000,1342,0.9847387075424194,0.1735861599445343,0.012392536737024784,0.0019812907557934523,0.9999999887682207,1.000000004989332,0.0,0.0,0.3490650064674093,0.023721196482278953,0.008206854093959192,0.4702181026635229,-1.0189333758693284e-05,-0.0005838058204232967,0.125,0.25,0.0625,-0.01,0.0,-0.03,0,0.0
562,262000000,1343,0.9847403764724731,0.17357690632343292,0.012392193078994751,0.0019770683720707893,1.0000000133563083,1.0000000020713484,0.0,0.0,0.3490461169455848,0.023722063747793416,0.008198193590640002,0.4697218923748742,-8.660503319190757e-06,-0.0004962102886486712,-0.125,0.0625,0.0625,-0.01,0.0,-0.01,0,0.0
562,817000000,1344,0.9847418069839478,0.17356905341148376,0.012391901575028896,0.0019734795205295086,1.000000048285115,1.0000000616030849,0.0,0.0,0.34903009126490275,0.023722802176242418,0.008190833066344728,0.46930016539775155,-7.360524295273521e-06,-0.0004217269771226773,0.0,-0.125,0.125,-0.02,-0.01,-0.01,0,0.0
563,171000000,1345,0.9847429990768433,0.17356236279010773,0.012391652911901474,0.001970428740605712,1.0000000518297243,1.0000001000870646,0.0,0.0,0.34901642898774426,0.023723427567015135,0.008184575317924509,0.46894162282401836,-6.257748420218992e-06,-0.0003585425737332066,0.0625,-0.125,0.0,0.0,0.0,-0.02,0,0.0
563,535000000,1346,0.9847440123558044,0.17355667054653168,0.012391441501677036,0.001967835705727339,1.0000000539808287,1.0000001057904575,0.0,0.0,0.34900480518712224,0.023723958968366012,0.008179256332461384,0.4686368674056898,-5.318985463124981e-06,-0.000304755418328499,0.125,0.0625,-0.0625,0.0,-0.01,-0.03,0,0.0
563,920000000,1347,0.984741747379303,0.17356958985328674,0.012391222640872002,0.0019656254444271326,1.0000000588177005,1.0000001127100466,0.0,0.0,0.3490309953218012,0.023724188279652447,0.00817513729529059,0.4684008639601458,-4.119037170794565e-06,-0.0002360034455440358,-6.875,-0.0625,-0.125,0.02,0.16,0.05,0,0.0
564,271000000,1348,0.9847267270088196,0.1736547350883484,0.012391101568937302,0.0019637569785118103,1.0000000448218336,1.0000000999001226,0.0,0.0,0.3492038982225891,0.02372389171777587,0.008173465863891517,0.4683050979952333,-1.6714313990726787e-06,-9.576596491251091e-05,1.4375,0.0,0.0,0.0,0.01,-0.06,0,0.0
564,636000000,1349,0.9847429394721985,0.17356258630752563,0.01239101868122816,0.0019621718674898148,1.0000000078342497,1.0000000482777036,0.0,0.0,0.3490166709687875,0.023725042723630758,0.008168093794827051,0.46799730111058657,-5.3720690644659674e-06,-0.0003077968846466925,-0.25,0.0,0.0,-0.01,-0.01,-0.03,0,0.0
564,995000000,1350,0.9847567081451416,0.17348425090312958,0.01239094790071249,0.00196082447655499,0.9999999699853903,0.9999999746557243,0.00045028236283634364,0.025799278979700878,0.3488575099430438,0.023726019728455828,0.008163527005760679,0.467735643371157,-4.5667890663722566e-06,-0.0002616577394296199,0.125,0.0625,-0.0625,-0.02,0.02,-0.04,0,0.0
565,349000000,1351,0.9847685098648071,0.17341768741607666,0.012390888296067715,0.0019596794154495,1.000000043393134,1.000000011092879,0.0,0.0,0.34872230368566054,0.02372685322481026,0.00815964674500302,0.46751332080633295,-3.88026075765803e-06,-0.00022232256482404024,-0.1875,-0.25,0.0,-0.01,0.0,-0.01,0,0.0
565,702000000,1352,0.9847753643989563,0.1733788549900055,0.012390797957777977,0.0019586996641010046,1.000000057031572,1.0000000996467535,0.0,0.0,0.34864340889546025,0.02372733723728288,0.008156749460104524,0.46734731860960205,-2.897284898497124e-06,-0.00016600219673087432,0.625,0.0,-0.125,-0.01,0.0,-0.04,0,0.0
566,62000000,1353,0.9847811460494995,0.17334584891796112,0.012390720658004284,0.0019578670617192984,1.0000000260767548,1.000000082546565,0.0,0.0,0.348576337692073,0.023727746338544534,0.008154286808795074,0.46720621908315824,-2.462651309449032e-06,-0.0001410995264437952,-0.1875,0.0,0.0,0.0,0.0,-0.03,0,0.0
566,419000000,1354,0.9847860932350159,0.1733177900314331,0.01239065546542406,0.0019571592565625906,1.0000000322928413,1.0000000579634565,0.0,0.0,0.3485193306858584,0.023728095855416697,0.008152193578383019,0.46708628581499906,-2.093230412055641e-06,-0.00011993326815921847,-0.3125,0.0,0.0625,-0.02,0.0,-0.02,0,0.0
566,794000000,1355,0.9847918152809143,0.17328506708145142,0.01239061914384365,0.0019565606489777565,0.9999999947450212,1.0000000264859166,0.0,0.0,0.3484528390719384,0.023728501778653516,0.008150212918373497,0.46697280235580313,-1.980660009521379e-06,-0.00011348345919591646,0.6875,-0.25,0.0,-0.02,-0.01,-0.02,0,0.0
567,159000000,1356,0.9847905039787292,0.17329278588294983,0.012390511110424995,0.001956039806827903,1.0000000386115278,1.0000000333257586,0.0,0.0,0.34846851796949213,0.023728406787419106,0.008149335490192557,0.4669225294242094,-8.77428180940179e-07,-5.02729315937134e-05,0.375,0.1875,-0.0625,0.0,0.02,-0.01,0,0.0
567,607000000,1357,0.9847893714904785,0.17329932749271393,0.012390417978167534,0.0019555967301130295,1.00000005496314,1.00000009355253,0.0,0.0,0.34848179874728497,0.023728323246866214,0.00814858796210992,0.46687969922000677,-7.475280826372416e-07,-4.2830204202620574e-05,0.0,0.1875,-0.0625,-0.01,0.0,-0.02,0,0.0
567,962000000,1358,0.9847882986068726,0.17330488562583923,0.012390336953103542,0.0019552200101315975,0.9999999598949509,1.0000000148419972,0.0,0.0,0.3484930467907463,0.02372824588895996,0.00814795122325883,0.46684321677118734,-6.367388510897243e-07,-3.64824488194502e-05,-0.125,-0.25,-0.0625,0.0,0.0,-0.03,0,0.0
568,334000000,1359,0.9847875237464905,0.17330963909626007,0.012390270829200745,0.0019549003336578608,1.0000000191884777,0.9999999790717785,0.00040917694521695026,0.023444112034986947,0.34850271307288644,0.0237281886531642,0.008147413260132162,0.46681239375449557,-5.379631266688029e-07,-3.0823016691784103e-05,0.0625,0.0,0.0625,0.0,0.0,-0.02,0,0.0
568,779000000,1360,0.984785258769989,0.17332254350185394,0.012390194460749626,0.001954625127837062,1.0000000237273956,1.0000000428300062,0.0,0.0,0.3485289178588368,0.02372802701236033,0.008147155560305848,0.46679762864206653,-2.5769982631325405e-07,-1.4765112429003814e-05,0.0625,0.0625,-0.0625,-0.01,0.0,-0.02,0,0.0
569,128000000,1361,0.9847833514213562,0.17333351075649261,0.012390129268169403,0.0019543911330401897,1.0000000450679152,1.0000000687333233,0.0,0.0,0.3485511947275277,0.02372788955222609,0.00814693631268926,0.46678506667896774,-2.1924761658791148e-07,-1.2561963098789786e-05,1.375,-0.0625,0.125,0.02,0.0,-0.05,0,0.0
569,477000000,1362,0.9847832918167114,0.17333394289016724,0.012390093877911568,0.0019541955552995205,1.0000000604528891,1.0000001055206922,0.0,0.0,0.34855207253613424,0.02372788448171647,0.008146549193170302,0.4667628863643643,-3.871195189582288e-07,-2.2180314603441173e-05,1.875,0.0,-0.0625,-0.01,0.0,0.03,0,0.0
569,825000000,1363,0.9847815632820129,0.17334318161010742,0.01239004172384739,0.001954025821760297,0.9999999586708544,1.0000000190795597,0.0,0.0,0.348570799442497,0.023727761628770865,0.00814641892835981,0.466755422740504,-1.3026481049220606e-07,-7.4636238602748916e-06,-0.375,-0.25,0.0,0.0,-0.01,-0.02,0,0.0
570,179000000,1364,0.9847721457481384,0.1733970195055008,0.01239001378417015,0.0019538842607289553,1.00000001776003,0.9999999749372706,0.00044777431415431645,0.025655578375407374,0.34868016920418105,0.023727311797689412,0.008147427961911688,0.4668132361044138,1.009033551878022e-06,5.7813363909705454e-05,-0.25,0.0,0.0,0.0,0.02,-0.01,0,0.0
570,532000000,1365,0.9847606420516968,0.17346209287643433,0.012390061281621456,0.0019537750631570816,0.999999975327351,0.9999999909039349,0.00026975641066899025,0.015455903827930953,0.3488123298907136,0.02372690375977161,0.008148797291341187,0.4668916929014871,1.3693294294986336e-06,7.845679707332852e-05,0.0,0.0,-0.125,0.0,-0.01,-0.03,0,0.0
570,880000000,1366,0.9847493767738342,0.17352630198001862,0.012390082702040672,0.00195367936976254,1.0000000217738791,0.9999999949763682,0.00020047207981270718,0.011486204083477912,0.3489427659021824,0.023726448974639533,0.00815016368893762,0.4669699817168996,1.3663975964341157e-06,7.828881541249473e-05,0.0625,0.0,0.0625,0.01,0.0,-0.01,0,0.0
571,235000000,1367,0.9847397208213806,0.17358087003231049,0.01239010039716959,0.0019535976462066174,0.9999999836680797,1.000000003906501,0.0,0.0,0.34905359229606425,0.023726059593476047,0.008151323645134052,0.46703644231137514,1.1599561964316385e-06,6.646059447558077e-05,0.0625,-0.125,0.0,-0.01,0.0,-0.03,0,0.0
571,610000000,1368,0.9847315549850464,0.17362724244594574,0.012390115298330784,0.0019535282626748085,0.9999999929662148,0.9999999755257514,0.00044248614647292674,0.02535258868590626,0.3491477882053329,0.023725729404435313,0.00815230962987638,0.4670929350757748,9.859847423278334e-07,5.649276439967883e-05,-0.1875,0.25,0.0625,-0.01,0.0,-0.03,0,0.0
571,959000000,1369,0.9847246408462524,0.17366667091846466,0.012390129268169403,0.0019534695893526077,1.0000000311122004,1.000000023277209,0.0,0.0,0.34922788961303436,0.023725451835181786,0.008153149170937112,0.4671410372352827,8.395410607316828e-07,4.8102159507861754e-05,-0.125,-0.25,-0.0625,0.0,0.0,-0.02,0,0.0
572,313000000,1370,0.9847187399864197,0.17370018362998962,0.012390139512717724,0.0019534192979335785,1.0000000410388152,1.0000000715720547,0.0,0.0,0.34929596573494065,0.023725212258053983,0.00815386126112404,0.46718183699762633,7.120901869273055e-07,4.079976234361647e-05,0.0625,0.125,-0.0625,0.0,-0.01,-0.01,0,0.0
572,687000000,1371,0.9847137331962585,0.17372865974903107,0.01239014882594347,0.00195337668992579,1.0000000575159627,1.000000098136801,0.0,0.0,0.3493538137651606,0.023725010026069006,0.008154466820489122,0.4672165329934902,6.055593650827751e-07,3.46959958638648e-05,0.1875,-0.1875,-0.0625,0.01,0.0,-0.04,0,0.0
573,39000000,1372,0.9847094416618347,0.17375287413597107,0.012390156276524067,0.00195334036834538,1.0000000386398114,1.0000000958533988,0.0,0.0,0.34940299358269994,0.023724836327319893,0.008154981279327633,0.46724600931367005,5.144588385106591e-07,2.947632017986315e-05,-0.4375,-0.0625,0.1875,0.0,-0.03,0.0,0,0.0
573,386000000,1373,0.9847058057785034,0.17377345263957977,0.01239016279578209,0.0019533096347004175,1.0000000341644029,1.0000000725858678,0.0,0.0,0.3494447928706653,0.023724689314464333,0.008155418864668083,0.46727108110685467,4.375853404504221e-07,2.5071793184604448e-05,-0.125,0.0,0.0,0.01,0.0,-0.01,0,0.0
573,736000000,1374,0.9847058653831482,0.17377318441867828,0.01239020749926567,0.0019532896112650633,1.0000000467625805,1.000000080926946,0.0,0.0,0.3494442524940579,0.02372478686541363,0.008155388562337296,0.46726934491119115,-3.0302330786963205e-08,-1.7361956635023302e-06,0.0,-0.125,0.0,-0.01,-0.02,0.0,0,0.0
574,88000000,1375,0.9847058653831482,0.17377296090126038,0.01239024568349123,0.0019532726146280766,1.000000008361185,1.0000000551237407,0.0,0.0,0.3494437859681916,0.02372486886925331,0.008155362828843054,0.467267870490579,-2.5733494241758637e-08,-1.4744206121769764e-06,-0.0625,0.1875,0.125,-0.01,-0.03,-0.01,0,0.0
574,444000000,1376,0.9847058653831482,0.17377276718616486,0.012390278279781342,0.00195325817912817,0.9999999750744379,0.9999999834356039,0.0003640263300667257,0.020857172344459645,0.34944338164243816,0.023724938858216204,0.00815534093456187,0.4672666160406716,-2.1894281184917097e-08,-1.2544499073684368e-06,0.1875,-0.1875,0.1875,-0.01,0.0,-0.02,0,0.0
574,794000000,1377,0.984705924987793,0.17377261817455292,0.012390307150781155,0.0019532460719347,1.000000008207406,0.999999983281831,0.00036571211636367447,0.0209537607844358,0.3494430901465168,0.023725002001825465,0.008155323671359639,0.46726562693204293,-1.7263202230569097e-08,-9.89108628692438e-07,-0.25,0.125,-0.0625,-0.01,0.0,-0.01,0,0.0
575,148000000,1378,0.984705924987793,0.17377246916294098,0.01239033043384552,0.0019532355945557356,0.9999999825812989,0.9999999907886936,0.0002714598518891092,0.015553503820492386,0.34944277910437554,0.023725052093338066,0.008155307441112565,0.46726469700738515,-1.6230247073395487e-08,-9.299246577601175e-07,0.25,-0.1875,-0.125,0.0,0.0,-0.03,0,0.0
575,499000000,1379,0.9847078323364258,0.17376190423965454,0.012390258722007275,0.00195321231149137,1.0000000239896123,1.000000006513281,0.0,0.0,0.34942133045650065,0.02372500747871206,0.008154982199543984,0.4672460620381832,-3.2524156858178277e-07,-1.8634969201950868e-05,0.0625,0.125,-0.0625,0.0,0.0,-0.04,0,0.0
575,864000000,1380,0.9847094416618347,0.17375291883945465,0.01239019725471735,0.0019531925208866596,1.0000000466261123,1.0000000705740604,0.0,0.0,0.3494030843680627,0.023724968270892165,0.00815470539235053,0.4672302021542595,-2.768071934531463e-07,-1.5859883923726594e-05,-0.4375,0.0,0.125,-0.01,-0.01,0.0,0,0.0
576,314000000,1381,0.9847123622894287,0.17373640835285187,0.012390164658427238,0.001953178783878684,1.000000053560299,1.00000010004585,0.0,0.0,0.3493695479796169,0.023725045740613133,0.008154269162432132,0.46720520802103793,-4.3622991839804837e-07,-2.4994133221544475e-05,0.0,-0.125,0.0,0.0,0.0,-0.01,0,0.0
576,678000000,1382,0.9847147464752197,0.17372235655784607,0.01239013485610485,0.0019531669095158577,0.9999999596982475,1.0000000131569795,0.0,0.0,0.3493409726845069,0.023725105161692527,0.008153896422115866,0.46718385157406145,-3.7274031626684245e-07,-2.1356446976461577e-05,-0.125,0.1875,0.0,0.0,-0.01,-0.02,0,0.0
577,131000000,1383,0.9847168922424316,0.173710435628891,0.012390111573040485,0.0019531568977981806,1.0000000015003156,0.9999999611252073,0.0005576722547885729,0.03195226655092954,0.3493167710131589,0.02372516254148509,0.008153581505719352,0.4671658081936418,-3.149163965137508e-07,-1.804338041970627e-05,-0.125,0.125,0.0625,0.0,-0.01,-0.02,0,0.0
577,482000000,1384,0.9847186803817749,0.17370030283927917,0.012390092015266418,0.001953148515895009,1.0000000019342765,1.0000000033816567,0.0,0.0,0.34929618800078027,0.0237252108414932,0.008153314021122895,0.46715048245518004,-2.67484596456688e-07,-1.5325738461728195e-05,-0.125,0.0,0.0,0.0,-0.01,-0.01,0,0.0
577,829000000,1385,0.9847202301025391,0.17369168996810913,0.012390075251460075,0.0019531412981450558,1.0000000317314208,1.0000000336274062,0.0,0.0,0.3492787022226206,0.023725252391993478,0.008153086544169588,0.46713744898581905,-2.2747695330692375e-07,-1.3033469360981225e-05,0.0625,0.125,-0.125,0.0,0.0,-0.01,0,0.0
578,179000000,1386,0.9847215414047241,0.17368435859680176,0.012390061281621456,0.0019531352445483208,1.0000000494417607,1.000000081145449,0.0,0.0,0.34926381562470665,0.023725288124751526,0.008152893165075102,0.46712636917985895,-1.933790944857322e-07,-1.1079805960094026e-05,0.0625,0.0625,-0.0625,0.0,0.0,-0.01,0,0.0
578,532000000,1387,0.9847226142883301,0.17367812991142273,0.012390049174427986,0.0019531301222741604,1.0000000239680955,1.000000073389884,0.0,0.0,0.3492511546452682,0.023725316984790374,0.008152728668866427,0.46711694424135597,-1.6449620867525772e-07,-9.424938502995546e-06,-0.1875,-0.0625,-0.0625,0.0,-0.01,-0.03,0,0.0
578,888000000,1388,0.9847235679626465,0.1736728399991989,0.012390038929879665,0.001953125698491931,1.0000000442095742,1.0000000681632246,0.0,0.0,0.34924041579329745,0.02372534264841542,0.008152588999728358,0.46710894178921636,-1.3966913806930104e-07,-8.002452139600925e-06,0.125,0.0,0.0,0.0,0.0,-0.04,0,0.0
579,281000000,1389,0.9847243428230286,0.17366833984851837,0.012390030547976494,0.0019531219732016325,1.0000000255782038,1.0000000697773532,0.0,0.0,0.34923126833513113,0.023725364220508777,0.008152470231229612,0.4671021368554991,-1.1876849874588313e-07,-6.804933717243914e-06,-0.125,0.0,-0.0625,0.0,0.0,-0.03,0,0.0
579,631000000,1390,0.9847249984741211,0.17366451025009155,0.012390023097395897,0.0019531187135726213,1.0000000060426626,1.0000000316133186,0.0,0.0,0.34922348268744946,0.02372538189051933,0.008152368858820817,0.46709632864431605,-1.0137240879538878e-07,-5.8082111830506426e-06,0.0625,-0.125,-0.1875,0.0,0.01,-0.03,0,0.0
579,996000000,1391,0.9847255945205688,0.1736612617969513,0.012390016578137875,0.0019531160360202193,1.0000000287629265,1.0000000348001357,0.0,0.0,0.3492168915480518,0.02372539744479837,0.008152283128623131,0.46709141666581183,-8.573019768566559e-08,-4.911978504210856e-06,-0.1875,-0.1875,0.0625,-0.01,0.0,-0.03,0,0.0
580,407000000,1392,0.984726071357727,0.17365850508213043,0.012390010990202427,0.0019531137077137828,1.000000019512238,1.0000000482712514,0.0,0.0,0.34921128869205664,0.023725409836183157,0.008152210132977454,0.4670872343233917,-7.299564567728178e-08,-4.1823424201406175e-06,0.375,-0.0625,0.0,0.0,0.0,-0.03,0,0.0
580,760000000,1393,0.9847264885902405,0.1736561506986618,0.012390006333589554,0.0019531117286533117,1.000000021454556,1.0000000409639358,0.0,0.0,0.34920650681753906,0.023725420891454557,0.008152147888685603,0.46708366798816986,-6.224429185096303e-08,-3.5663352218407245e-06,0.0,-0.0625,0.0,0.0,-0.01,-0.01,0,0.0
581,112000000,1394,0.9847268462181091,0.17365415394306183,0.012390002608299255,0.0019531100988388062,1.0000000268240177,1.0000000482765168,0.0,0.0,0.3492024525439869,0.02372543078529709,0.008152095287697189,0.46708065417353556,-5.26009884139339e-08,-3.0138146343349547e-06,0.125,0.0,0.0,0.0,-0.01,0.0,0,0.0
581,564000000,1395,0.984727144241333,0.17365245521068573,0.012389999814331532,0.0019531087018549442,1.000000025267695,1.0000000520902261,0.0,0.0,0.3491990013627463,0.023725439791059025,0.008152050623285622,0.4670780950912583,-4.4664411566822104e-08,-2.559082277214203e-06,-0.125,0.0625,0.0625,0.0,-0.01,-0.03,0,0.0
581,919000000,1396,0.9847273826599121,0.17365100979804993,0.012389997020363808,0.0019531074212864041,1.0000000090094434,1.0000000342760658,0.0,0.0,0.349196059872636,0.023725446289147103,0.00815201223416423,0.4670758955566233,-3.8389121392173875e-08,-2.199534634986946e-06,0.0625,-0.0625,-0.0625,0.0,-0.01,-0.02,0,0.0
582,269000000,1397,0.9847276210784912,0.17364978790283203,0.012389994226396084,0.0019531063735485077,1.0000000315675193,1.0000000405761884,0.0,0.0,0.34919358528039346,0.02372545183298809,0.00815197984387016,0.4670740397294759,-3.2390294070136494e-08,-1.8558271474064384e-06,0.25,0.0625,0.1875,0.0,-0.01,-0.04,0,0.0
582,634000000,1398,0.9847277998924255,0.17364874482154846,0.012389992363750935,0.001953105442225933,1.0000000264953588,1.000000058062319,0.0,0.0,0.34919146476685514,0.023725456994994565,0.008151952206050798,0.46707245619907156,-2.7637819361228666e-08,-1.5835304043433553e-06,0.0,-0.0625,-0.0625,0.0,-0.01,-0.03,0,0.0
583,6000000,1399,0.9847279787063599,0.17364786565303802,0.012389990501105785,0.0019531047437340021,1.0000000498878618,1.0000000763828198,0.0,0.0,0.3491896866458775,0.023725461435654172,0.008151929089680768,0.4670711317286312,-2.311637002996858e-08,-1.324470440379904e-06,-0.0625,-0.1875,-0.0625,0.0,0.0,-0.04,0,0.0
583,357000000,1400,0.9847280979156494,0.17364710569381714,0.012389988638460636,0.001953104161657393,1.0000000352873695,1.000000085174937,0.0,0.0,0.34918813807969273,0.023725463892663317,0.008151908924506955,0.46706997634927855,-2.016517381374372e-08,-1.1553793526752416e-06,0.125,-0.1875,0.125,0.01,0.0,-0.01,0,0.0
583,712000000,1401,0.984728217124939,0.1736464649438858,0.012389987707138062,0.0019531035795807838,1.0000000413992716,1.0000000766864299,0.0,0.0,0.3491868385412599,0.02372546771859813,0.008151892037973394,0.4670690088221749,-1.6886533560356298e-08,-9.675271036144394e-07,-0.1875,0.1875,0.0,-0.01,0.0,-0.01,0,0.0
584,95000000,1402,0.9847283363342285,0.17364592850208282,0.012389986775815487,0.0019531031139194965,1.000000065624501,1.0000001070236246,0.0,0.0,0.3491857568878454,0.02372547109652579,0.008151877966175619,0.4670682025675522,-1.4071797775627726e-08,-8.062546227050485e-07,0.125,0.0625,-0.0625,0.01,0.0,-0.05,0,0.0
584,503000000,1403,0.9847283959388733,0.17364546656608582,0.012389985844492912,0.001953102764673531,1.000000044093467,1.0000001097178628,0.0,0.0,0.3491848114108816,0.023725472665476522,0.008151865737543266,0.46706750191852914,-1.2228632353256108e-08,-7.00649023058707e-07,-0.1875,-0.0625,-0.0625,0.0,0.0,-0.03,0,0.0
584,957000000,1404,0.9847284555435181,0.17364507913589478,0.012389984913170338,0.0019531024154275656,1.000000035500213,1.0000000795936048,0.0,0.0,0.3491840215640578,0.02372547394330952,0.008151855355622559,0.4670669070782894,-1.0381920706806214e-08,-5.948402397394726e-07,0.0625,0.1875,-0.0625,0.0,-0.01,-0.05,0,0.0
585,305000000,1405,0.9847285151481628,0.17364473640918732,0.012389983981847763,0.001953102182596922,1.0000000346698632,1.0000000701700171,0.0,0.0,0.3491833250980218,0.023725475006030467,0.008151846311068451,0.4670663888635115,-9.044554107398572e-09,-5.182147779316517e-07,0.125,0.0,0.125,-0.01,0.0,-0.05,0,0.0
585,667000000,1406,0.9847285747528076,0.17364445328712463,0.012389983981847763,0.0019531019497662783,1.0000000442011874,1.0000000788710104,0.0,0.0,0.34918275315521435,0.023725477670573692,0.008151839067778012,0.4670659738535395,-7.243290439662431e-09,-4.1500997198011576e-07,-0.125,-0.125,0.0625,0.0,0.01,-0.01,0,0.0
586,41000000,1407,0.9847286343574524,0.17364421486854553,0.012389983981847763,0.0019531017169356346,1.000000061495095,1.000000105696255,0.0,0.0,0.34918227459039264,0.02372548016044659,0.008151832932513441,0.4670656223287734,-6.135264570689136e-09,-3.515247660966304e-07,0.125,0.25,-0.0625,0.0,0.01,-0.03,0,0.0
586,452000000,1408,0.9847270846366882,0.17365288734436035,0.012389963492751122,0.0019530984573066235,1.0000000411445191,1.00000010260081,0.0,0.0,0.3491998835746284,0.023725368630323623,0.008152028286994767,0.4670768153160623,1.9535448132594613e-07,1.1192987288943967e-05,0.3125,0.0,0.125,-0.01,0.0,-0.01,0,0.0
586,809000000,1409,0.9847257733345032,0.1736602634191513,0.012389946728944778,0.0019530956633388996,1.0000000305613297,1.0000000716777873,0.0,0.0,0.3492148625490101,0.023725275252569133,0.008152194652729917,0.467086347370542,1.663657351498593e-07,9.532054479678189e-06,0.1875,0.3125,-0.25,0.0,-0.02,-0.04,0,0.0
587,256000000,1410,0.9847247004508972,0.17366652190685272,0.012389931827783585,0.001953093335032463,1.0000000607468007,1.0000000912879727,0.0,0.0,0.3492275849710142,0.023725195658992046,0.00815233581422102,0.46709443532821204,1.411614911038528e-07,8.087957670024281e-06,-0.1875,0.125,0.1875,0.0,0.0,0.0,0,0.0
587,703000000,1411,0.9847237467765808,0.17367184162139893,0.012389919720590115,0.001953091355971992,1.0000000453572007,1.0000001060893997,0.0,0.0,0.34923838544215885,0.023725128071185653,0.00815245583255085,0.4671013118719755,1.2001832982999616e-07,6.876543763467851e-06,-0.125,0.125,0.0625,0.0,0.01,0.0,0,0.0
588,87000000,1412,0.9847229719161987,0.17367637157440186,0.012389909476041794,0.0019530896097421646,1.0000000689392818,1.0000001142859254,0.0,0.0,0.34924759465278243,0.02372507159002395,0.008152558080863433,0.4671071702687488,1.0224831258238976e-07,5.858396773305325e-06,-0.1875,0.0625,0.0625,0.0,0.0,0.0,0,0.0
588,438000000,1413,0.9847223162651062,0.17368021607398987,0.012389900162816048,0.0019530880963429809,1.000000090892586,1.0000001598242694,0.0,0.0,0.3492554110026814,0.02372502249580034,0.008152644587786266,0.4671121267503258,8.6506922833407e-08,4.956481577018114e-06,-0.0625,0.0,-0.25,-0.01,-0.01,-0.03,0,0.0
588,805000000,1414,0.9847217202186584,0.17368349432945251,0.01238989271223545,0.0019530868157744408,1.000000073231204,1.0000001641182457,0.0,0.0,0.34926206405776483,0.0237249806800071,0.008152718399174537,0.46711635583135375,7.381138827054767e-08,4.22908102790381e-06,0.125,-0.0625,-0.0625,-0.03,0.0,0.0,0,0.0
589,164000000,1415,0.9847193956375122,0.17369672656059265,0.012389978393912315,0.0019531003199517727,1.0000000835640135,1.000000156704972,0.0,0.0,0.34928894764445106,0.023725035458964205,0.008153093700339772,0.4671378590041681,3.753011652354865e-07,2.150317281433531e-05,0.1875,0.125,0.0,0.01,0.0,-0.04,0,0.0
589,610000000,1416,0.9847173690795898,0.1737079620361328,0.012390051037073135,0.0019531117286533117,1.00000004052595,1.0000001240247938,0.0,0.0,0.3493117573405807,0.02372508046799125,0.00815341201396533,0.467156097031474,3.1831362555696796e-07,1.823802730592188e-05,-0.0625,0.0,-0.0625,-0.01,-0.01,-0.04,0,0.0
590,59000000,1417,0.9847156405448914,0.17371751368045807,0.01239011250436306,0.0019531213911250234,0.9999999984320475,1.0000000389108856,0.0,0.0,0.34933114681091776,0.023725118032962077,0.00815368243067816,0.46717159076782905,2.7041671283103974e-07,1.5493736355019754e-05,0.0,0.0625,0.125,0.0,-0.01,-0.01,0,0.0
590,407000000,1418,0.9847142100334167,0.17372563481330872,0.012390164658427238,0.001953129656612873,1.0000000012643708,0.9999999996624174,5.1967884585532325e-05,0.00297754045697397,0.3493476452304582,0.02372515071248817,0.008153912564255484,0.4671847764505339,2.3013357732318274e-07,1.318568270486596e-05,-0.1875,0.0,0.0625,-0.01,-0.02,-0.05,0,0.0
590,855000000,1419,0.9847130179405212,0.17373254895210266,0.012390210293233395,0.0019531368743628263,1.000000029160842,1.000000030400599,0.0,0.0,0.34936170008657896,0.023725181538749168,0.008154109381345564,0.46719605323913155,1.9681709008054216e-07,1.1276788597661205e-05,-0.0625,0.125,-0.125,0.0,0.0,-0.04,0,0.0
591,221000000,1420,0.9847119450569153,0.17373842000961304,0.012390248477458954,0.0019531429279595613,0.99999999317492,1.0000000223179515,0.0,0.0,0.34937361481050727,0.023725205122362838,0.008154275925027162,0.46720559548919166,1.66543681597367e-07,9.542250060099725e-06,0.0625,0.1875,-0.0625,0.0,0.0,-0.04,0,0.0
591,576000000,1421,0.9847110509872437,0.17374341189861298,0.012390281073749065,0.0019531480502337217,0.9999999804834826,0.9999999736455433,0.0004591684383213641,0.026308413601427216,0.34938375129932053,0.0237252258889024,0.008154417597388771,0.46721371271758555,1.4167236160947394e-07,8.117228393874087e-06,0.0625,0.25,0.0,0.0,0.0,-0.04,0,0.0
591,930000000,1422,0.9847103357315063,0.17374765872955322,0.012390309013426304,0.001953152474015951,1.000000014386246,0.999999994860455,0.0002027716945967221,0.011617962305107856,0.3493923897165938,0.023725245068215942,0.008154538505023252,0.4672206402147522,1.2090763448074915e-07,6.927497166657353e-06,-0.125,-0.0625,0.0,0.0,0.0,-0.02,0,0.0
592,288000000,1423,0.9847096800804138,0.17375126481056213,0.01239033229649067,0.001953155966475606,0.9999999956099939,1.000000009989523,0.0,0.0,0.3493997090105363,0.023725259378831177,0.008154640308706926,0.4672264731361656,1.0180368367404546e-07,5.832921413407687e-06,0.0625,-0.0625,0.0625,0.0,0.01,-0.04,0,0.0
592,651000000,1424,0.9847091436386108,0.17375431954860687,0.012390351854264736,0.0019531589932739735,0.9999999983882055,0.9999999939933897,0.00021920967727278578,0.012559789336155468,0.34940591543812194,0.023725271621731964,0.00815472669870288,0.46723142291832587,8.638999595377006e-08,4.949782160303284e-06,-0.1875,0.0625,0.0625,0.0,0.0,-0.02,0,0.0
593,7000000,1425,0.9847086668014526,0.1737569272518158,0.01239036861807108,0.0019531615544110537,0.9999999821582181,0.99999998054291,0.0003945335485186722,0.02260510720643981,0.34941120744157084,0.023725281746603304,0.008154800351567095,0.4672356429165945,7.365286421555373e-08,4.219998268601357e-06,-0.1875,0.125,0.0,0.0,0.0,-0.03,0,0.0
593,355000000,1426,0.984708309173584,0.17375914752483368,0.012390383519232273,0.001953164115548134,1.0000000159789355,0.999999998134625,0.00012215973039210074,0.006999236977923386,0.34941572902650636,0.023725292670844188,0.008154864218968445,0.46723930224914034,6.38674013501983e-08,3.659332545834498e-06,-0.0625,0.0625,-0.0625,-0.01,0.01,-0.05,0,0.0
593,708000000,1427,0.9847079515457153,0.1737610250711441,0.012390395626425743,0.001953165978193283,0.9999999902161256,1.0000000061932348,0.0,0.0,0.349419534603841,0.02372529967299886,0.00815491724300612,0.46724234030271183,5.302403767448727e-08,3.038053571490793e-06,0.3125,0.0625,-0.0625,0.0,0.0,-0.03,0,0.0
594,72000000,1428,0.9847077131271362,0.17376263439655304,0.012390406802296638,0.0019531678408384323,1.000000035224922,1.000000025439725,0.0,0.0,0.34942281880077847,0.023725308843435686,0.008154963760421496,0.4672450055542867,4.651741537624321e-08,2.6652515749156964e-06,0.1875,0.25,-0.0625,0.0,0.0,-0.03,0,0.0
594,426000000,1429,0.9847074747085571,0.17376399040222168,0.01239041518419981,0.0019531692378222942,1.000000036182957,1.0000000714069326,0.0,0.0,0.3494255737593979,0.023725313661526384,0.008155002109183556,0.46724720277650234,3.834876205997817e-08,2.197222215588166e-06,0.125,-0.125,-0.0625,-0.01,0.0,-0.04,0,0.0
594,779000000,1430,0.984707236289978,0.1737651377916336,0.012390422634780407,0.0019531704019755125,1.0000000008806398,1.000000037062911,0.0,0.0,0.3494278929058569,0.023725317541019194,0.008155034504230458,0.4672490588759669,3.239504690194517e-08,1.8560994646098109e-06,-0.1875,-0.0625,0.0625,0.01,0.0,-0.04,0,0.0
595,161000000,1431,0.9847070574760437,0.1737661212682724,0.012390428222715855,0.001953171333298087,0.9999999957667739,0.9999999966469142,0.00016378243644259648,0.009384042366530428,0.3494298890717951,0.023725319950036128,0.008155061962384962,0.4672506321123332,2.7458154503584575e-08,1.5732363662735303e-06,-0.25,0.0,-0.0625,0.0,-0.01,-0.03,0,0.0
595,523000000,1432,0.9847069382667542,0.17376697063446045,0.012390434741973877,0.0019531722646206617,1.000000026054576,1.0000000218209826,0.0,0.0,0.34943162457572097,0.023725326195221063,0.0081550866533796,0.4672520468021179,2.4690994637754926e-08,1.4146897847235042e-06,-0.0625,0.1875,0.0,0.0,-0.01,0.0,0,0.0
595,886000000,1433,0.9847068190574646,0.17376767098903656,0.01239043939858675,0.0019531729631125927,1.0000000304261687,1.0000000564804932,0.0,0.0,0.3494330487582643,0.023725329434242784,0.008155106543922723,0.46725318644629116,1.9890543124026494e-08,1.1396441732296778e-06,-0.1875,0.0,0.0,0.0,-0.03,-0.03,0,0.0
596,335000000,1434,0.984706699848175,0.17376826703548431,0.012390443123877048,0.00195317342877388,1.0000000166608238,1.0000000470868085,0.0,0.0,0.3494342550217872,0.02372533132710325,0.008155123066194864,0.46725413310275277,1.6522272140717664e-08,9.46656461629702e-07,0.0,0.0625,0.0625,-0.01,0.0,-0.02,0,0.0
596,796000000,1435,0.9847065806388855,0.1737687736749649,0.012390445917844772,0.0019531738944351673,0.999999987348166,1.0000000040088546,0.0,0.0,0.3494352744993575,0.02372533173463858,0.00815513704821466,0.46725493421347614,1.3982019795438783e-08,8.011107233470129e-07,-0.0625,-0.0625,-0.0625,0.02,-0.01,-0.02,0,0.0
597,156000000,1436,0.9847065210342407,0.17376920580863953,0.012390448711812496,0.0019531743600964546,1.0000000037820418,0.9999999911301128,0.0002663814884139535,0.015262535026532572,0.3494361578064051,0.023725333910771626,0.008155149416355145,0.4672556428557264,1.236814048573287e-08,7.086422502573775e-07,0.125,-0.0625,0.0625,0.0,0.0,-0.04,0,0.0
597,507000000,1437,0.984706461429596,0.17376957833766937,0.012390450574457645,0.0019531745929270983,1.0000000098466382,1.000000013628609,0.0,0.0,0.3494369165776103,0.023725334566070823,0.008155159524280463,0.46725622199718675,1.0107925317928701e-08,5.791414603507454e-07,-0.0625,-0.0625,0.0625,0.0,0.01,-0.04,0,0.0
597,905000000,1438,0.9847064018249512,0.17376989126205444,0.012390452437102795,0.001953174825757742,1.0000000055538822,1.0000000154004696,0.0,0.0,0.3494375508375544,0.02372533545427136,0.00815516815478479,0.46725671648865974,8.630504326825883e-09,4.944914729965188e-07,-0.125,0.1875,0.0625,0.0,0.0,0.0,0,0.0
598,265000000,1439,0.9847063422203064,0.17377015948295593,0.012390454299747944,0.0019531750585883856,0.9999999934930953,0.9999999990469399,8.731827187732068e-05,0.005002968452946343,0.34943809171402745,0.023725336517147776,0.008155175677223445,0.4672571474926463,7.522438654622432e-09,4.310039865559345e-07,0.0625,0.0,-0.0625,0.0,0.0,-0.01,0,0.0
598,619000000,1440,0.9847063422203064,0.17377039790153503,0.012390456162393093,0.001953175524249673,1.0000000349471463,1.0000000284402137,0.0,0.0,0.34943858980887926,0.023725339093006954,0.0081551831525147,0.4672575757952859,7.475291255790162e-09,4.283026395878254e-07,0.4375,0.125,-0.0625,-0.01,0.0,-0.04,0,0.0
598,965000000,1441,0.9847062826156616,0.17377059161663055,0.012390457093715668,0.0019531757570803165,1.000000009928039,1.0000000448751654,0.0,0.0,0.34943897502696303,0.023725338612335178,0.008155188504046831,0.4672578824154909,5.351532130631886e-09,3.0662020501386024e-07,0.0,0.0,0.1875,0.0,0.0,-0.04,0,0.0
599,324000000,1442,0.9847062230110168,0.1737707555294037,0.012390458025038242,0.0019531757570803165,0.9999999797297451,0.9999999896577692,0.00028764187271438285,0.01648066531777337,0.34943929798392737,0.023725338329055226,0.008155192658199202,0.4672581204308892,4.154152371052544e-09,2.3801539831557472e-07,0.3125,0.0625,-0.0625,0.0,0.01,-0.02,0,0.0
599,776000000,1443,0.9847062230110168,0.17377088963985443,0.012390458956360817,0.0019531757570803165,1.000000003045768,0.9999999827755044,0.00037120878930370257,0.021268696945263173,0.34943957815384535,0.02372533963969979,0.008155196306534435,0.4672583294651003,3.6483352328781082e-09,2.0903421109279393e-07,0.0625,-0.0625,0.0,-0.01,-0.01,-0.02,0,0.0
600,140000000,1444,0.9847062230110168,0.17377100884914398,0.012390459887683392,0.0019531757570803165,1.0000000237724187,1.0000000268181801,0.0,0.0,0.3494398271959281,0.023725341008569916,0.00815519958551402,0.4672585173367916,3.2789795843812808e-09,1.8787169129460816e-07,0.0625,0.25,-0.0625,0.0,0.0,-0.03,0,0.0
600,491000000,1445,0.9847062230110168,0.17377111315727234,0.012390459887683392,0.0019531757570803165,1.0000000418981523,1.0000000656705668,0.0,0.0,0.34944004509094206,0.023725340600990994,0.008155202171007066,0.4672586654746312,2.5854930470886606e-09,1.4813783955859927e-07,-0.0625,0.25,-0.125,-0.01,0.0,-0.04,0,0.0
600,846000000,1446,0.9847062230110168,0.1737712025642395,0.012390459887683392,0.0019531757570803165,1.0000000574345038,1.0000000993326545,0.0,0.0,0.3494402318581079,0.023725340251637635,0.008155204387143965,0.4672587924499223,2.216136898991472e-09,1.2697529113542138e-07,0.1875,-0.125,-0.0625,-0.01,0.0,0.0,0,0.0
601,299000000,1447,0.9847061038017273,0.17377126216888428,0.012390458025038242,0.001953175524249673,0.9999999503824207,1.0000000078169184,0.0,0.0,0.34944031738828757,0.023725333475380493,0.008155204291849228,0.46725878698993606,-9.52947373789037e-11,-5.459986261618751e-09,0.0625,-0.0625,-0.0625,-0.01,-0.02,0.0,0,0.0
601,649000000,1448,0.9847061634063721,0.17377133667469025,0.012390459887683392,0.00195317598991096,1.0000000220464402,0.999999972428858,0.0004696478865090633,0.026908841754208403,0.3494404925455946,0.0237253381691925,0.008155207937123026,0.4672589958487398,3.645273798091875e-09,2.0885880380028822e-07,0.0625,0.0,0.0,0.0,0.01,-0.03,0,0.0
602,4000000,1449,0.9847061634063721,0.17377138137817383,0.012390459887683392,0.00195317598991096,1.0000000298146252,1.0000000518610652,0.0,0.0,0.34944058592918475,0.0237253379945158,0.008155209045191474,0.4672590593363853,1.1080684477610125e-09,6.348764546831835e-08,0.125,0.125,0.0625,0.0,0.0,-0.03,0,0.0
602,359000000,1450,0.9847061634063721,0.1737714260816574,0.012390459887683392,0.00195317598991096,1.000000037582812,1.0000000673974374,0.0,0.0,0.34944067931277745,0.023725337819839095,0.008155210153259923,0.46725912282403087,1.108068449495736e-09,6.348764556771069e-08,0.1875,0.1875,0.0,0.0,-0.01,-0.04,0,0.0
602,730000000,1451,0.9847061634063721,0.1737714558839798,0.012390459887683392,0.00195317598991096,1.0000000427616043,1.0000000803444176,0.0,0.0,0.34944074156850735,0.02372533770338796,0.008155210891972223,0.4672591651491279,7.38712299663824e-10,4.2325097045140455e-08,0.0625,0.0625,0.0,0.0,0.01,-0.03,0,0.0
603,166000000,1452,0.9847061634063721,0.17377148568630219,0.012390459887683392,0.00195317598991096,1.0000000479403974,1.0000000907020035,0.0,0.0,0.34944080382423837,0.023725337586936828,0.008155211630684521,0.46725920747422484,7.387122979291005e-10,4.2325096945748127e-08,0.1875,-0.125,0.0625,0.0,0.0,0.0,0,0.0
603,537000000,1453,0.9847061634063721,0.17377151548862457,0.012390459887683392,0.00195317598991096,1.0000000531191915,1.0000001010595911,0.0,0.0,0.34944086607997055,0.023725337470485695,0.00815521236939682,0.46725924979932193,7.38712299663824e-10,4.2325097045140455e-08,0.0625,-0.1875,0.125,-0.01,-0.01,-0.02,0,0.0
603,908000000,1454,0.9847061634063721,0.17377154529094696,0.012390459887683392,0.00195317598991096,1.0000000582979864,1.0000001114171806,0.0,0.0,0.34944092833570384,0.02372533735403456,0.00815521310810912,0.46725929212441897,7.38712299663824e-10,4.2325097045140455e-08,0.125,0.0625,-0.0625,-0.01,0.0,-0.04,0,0.0
604,266000000,1455,0.9847061634063721,0.17377156019210815,0.012390459887683392,0.00195317598991096,1.0000000608873842,1.000000119185374,0.0,0.0,0.34944095946357095,0.02372533729580899,0.00815521347746527,0.46725931328696746,3.69356149831912e-10,2.1162548522570228e-08,0.3125,0.0625,0.0625,0.01,0.0,-0.02,0,0.0
604,645000000,1456,0.9847078919410706,0.17376111447811127,0.01239036675542593,0.00195316132158041,0.9999999466915908,1.0000000075229234,0.0,0.0,0.3494197011979421,0.02372524258990411,0.008154900005380978,0.46724135265954236,-3.134720842918465e-07,-1.796062742509199e-05,-0.125,0.0625,0.125,0.0,-0.01,-0.03,0,0.0
604,994000000,1457,0.9847111105918884,0.1737433820962906,0.012390309944748878,0.001953152474015951,1.0000000343652402,0.9999999808944329,0.0003909533699990386,0.02239997808736141,0.3493837092093805,0.023725282820360762,0.008154435852770129,0.46721475867389073,-4.6415261084967185e-07,-2.6593985651664302e-05,0.125,-0.125,0.0,-0.01,0.01,-0.01,0,0.0
605,353000000,1458,0.9847137928009033,0.17372830212116241,0.012390260584652424,0.0019531447906047106,1.000000055011084,1.000000089259025,0.0,0.0,0.34935308308200613,0.023725313661340307,0.008154040238124043,0.46719209162435643,-3.956146460860205e-07,-2.2667049534290727e-05,-0.125,0.0,-0.0625,0.02,-0.02,-0.02,0,0.0
605,713000000,1459,0.9847160577774048,0.1737154871225357,0.012390218675136566,0.0019531380385160446,1.0000000585889524,1.0000001135153616,0.0,0.0,0.349327052354547,0.02372533966299004,0.008153703564060677,0.467172801621454,-3.366740633659743e-07,-1.9290002902390368e-05,-0.25,0.0625,0.0625,0.01,0.0,-0.03,0,0.0
606,65000000,1460,0.9847179651260376,0.173704594373703,0.01239018328487873,0.001953132450580597,1.0000000441583488,1.0000001026861582,0.0,0.0,0.34930492049690487,0.023725361726671723,0.008153417702020745,0.46715642293304294,-2.858620399316669e-07,-1.6378688411084724e-05,0.3125,-0.0625,0.0,-0.01,0.0,-0.03,0,0.0
606,418000000,1461,0.9847180247306824,0.17370420694351196,0.012390132993459702,0.0019531245343387127,1.000000034915206,1.0000000790734782,0.0,0.0,0.3493041294381371,0.023725268395270598,0.00815337524063003,0.46715399007456276,-4.2461390714274017e-08,-2.432858480183885e-06,-0.6875,0.1875,0.0,0.0,0.01,-0.03,0,0.0
606,771000000,1462,0.984714686870575,0.17372320592403412,0.01239016279578209,0.0019531291909515858,1.0000000488314396,1.0000000835605958,0.0,0.0,0.34934272716586967,0.023725168514995735,0.008153852658321898,0.46718134409337164,4.774176918676681e-07,2.735401880889459e-05,-0.4375,0.0,0.0625,0.01,0.0,-0.02,0,0.0
607,124000000,1463,0.9847055673599243,0.1737748682498932,0.012390109710395336,0.0019531206926330924,1.0000000443619859,1.0000000918173455,0.0,0.0,0.3494476666494817,0.02372463898177328,0.008155062336143206,0.4672506535271032,1.2096778213080417e-06,6.930943373153136e-05,0.25,-0.125,0.125,0.0,-0.02,-0.03,0,0.0
607,487000000,1464,0.9846978187561035,0.17381878197193146,0.01239006407558918,0.0019531134748831391,1.0000000457846374,1.0000000891523964,0.0,0.0,0.34953686921033217,0.02372418794131723,0.008156090417141324,0.46730955822929293,1.028080998118075e-06,5.890470218976283e-05,-0.3125,-0.25,0.0,0.0,-0.01,-0.03,0,0.0
607,850000000,1465,0.9846912026405334,0.17385610938072205,0.012390024960041046,0.0019531074212864041,1.0000000193368854,1.000000064402969,0.0,0.0,0.3496126842704758,0.023723803146951203,0.008156964228898484,0.46735962395506714,8.73811757159948e-07,5.0065725774175414e-05,0.375,0.0625,0.125,-0.01,-0.02,-0.03,0,0.0
608,205000000,1466,0.9846837520599365,0.17389827966690063,0.012390083633363247,0.0019531167345121503,1.0000000160396811,1.000000034459643,0.0,0.0,0.3496983471118778,0.023723566038499767,0.008158019140740035,0.46742006595134633,1.0549118415505154e-06,6.0441996279217964e-05,0.1875,-0.3125,0.0,0.0,0.0,0.0,0,0.0
608,555000000,1467,0.9846758246421814,0.17394299805164337,0.01239011436700821,0.0019531215075403452,0.9999999879118023,1.000000002920194,0.0,0.0,0.3497891779399957,0.023723253692305244,0.008159116680071457,0.46748295032288645,1.0975393314217874e-06,6.288437154007852e-05,0.3125,0.0625,0.0,0.0,0.0,-0.05,0,0.0
608,907000000,1468,0.9846675395965576,0.1739898920059204,0.012390119954943657,0.0019531224388629198,0.9999999879075646,0.9999999746855245,0.0004500175607470952,0.025784106937580698,0.3498844377668679,0.023722875781898196,0.008160250421754882,0.46754790893640474,1.1337416834251296e-06,6.495861351831701e-05,0.1875,-0.125,0.0,-0.01,-0.02,0.0,0,0.0
609,264000000,1469,0.9846605062484741,0.17402975261211395,0.012390125542879105,0.0019531232537701726,0.9999999986305738,0.9999999857189705,0.00033800626626249644,0.01936633250581619,0.3499654143400655,0.023722556419499895,0.008161214494386698,0.4676031462293519,9.640726318163595e-07,5.5237292947147124e-05,-0.0625,0.0625,-0.0625,0.0,0.0,-0.02,0,0.0
609,630000000,1470,0.9846545457839966,0.17406365275382996,0.012390131130814552,0.0019531240686774254,1.00000002989308,1.0000000279312808,0.0,0.0,0.35003429009598674,0.023722286940242372,0.008162035021340887,0.46765015896080364,8.20526954188952e-07,4.7012731451751195e-05,-0.3125,0.0,-0.0625,0.0,-0.01,-0.01,0,0.0
609,977000000,1471,0.9846478700637817,0.174101322889328,0.012390115298330784,0.0019531215075403452,1.0000000141468426,1.0000000433081209,0.0,0.0,0.3501108087185639,0.0237219439817064,0.008162932079557619,0.46770155661059987,8.970582167314861e-07,5.139764979624604e-05,-0.1875,-0.125,-0.0625,0.0,0.0,-0.02,0,0.0
610,328000000,1472,0.9846422076225281,0.17413334548473358,0.012390101328492165,0.0019531192956492305,1.0000000141636922,1.00000002778178,0.0,0.0,0.3501758604511146,0.023721651754591584,0.008163694450215557,0.46774523723172434,7.62370657938008e-07,4.368062112445961e-05,-0.0625,-0.0625,0.0,0.02,0.0,0.0,0,0.0
610,693000000,1473,0.9846373796463013,0.17416056990623474,0.012390089221298695,0.0019531174330040812,1.0000000012427088,1.000000015024162,0.0,0.0,0.3502311610096379,0.023721402507560826,0.00816434248813104,0.46778236706924603,6.48037915483915e-07,3.712983752168387e-05,0.0625,0.0,-0.1875,0.0,-0.01,-0.02,0,0.0
611,75000000,1474,0.9846332669258118,0.1741837114095688,0.012390078976750374,0.0019531159196048975,0.999999982188127,0.9999999831546141,0.0003671009224863319,0.021033333513825997,0.3502781655285713,0.023721190490790734,0.008164893456713984,0.46781393524369297,5.509685829432204e-07,3.1568174446950165e-05,0.0625,0.0625,0.0,0.0,-0.03,-0.01,0,0.0
611,428000000,1475,0.9846298098564148,0.17420338094234467,0.012390070594847202,0.0019531146390363574,1.0000000044478807,0.999999986436587,0.0003294044684456777,0.018873485794687634,0.35031813079857765,0.023721011880076186,0.008165362037381982,0.4678407829383307,4.6858066799805587e-07,2.684769463770944e-05,-0.125,-0.1875,-0.125,0.0,0.0,-0.01,0,0.0
611,780000000,1476,0.984626829624176,0.17422010004520416,0.012390063144266605,0.0019531134748831391,0.9999999825962408,0.9999999868999166,0.00032372931137018796,0.018548323246188263,0.35035208782718125,0.023720858411231,0.008165759904627172,0.46786357905228654,3.978672451897952e-07,2.279611395587197e-05,-0.25,0.0,0.0625,0.0,-0.01,-0.01,0,0.0
612,133000000,1477,0.9846243262290955,0.1742343008518219,0.012390057556331158,0.0019531125435605645,0.9999999917851402,0.9999999742774162,0.0004536305452764752,0.02599111570256023,0.3503809394354279,0.02372073018964164,0.008166098323957842,0.4678829690516396,3.384193306699146e-07,1.9389999353028326e-05,-0.5,0.0625,0.125,0.0,-0.02,-0.01,0,0.0
612,487000000,1478,0.9846221804618835,0.17424637079238892,0.01239005196839571,0.0019531117286533117,0.9999999820125183,0.9999999737225147,0.00045849741908895845,0.026269967031438267,0.35040545598582684,0.02372061911811051,0.008166385553433827,0.46789942608836527,2.8722947598494586e-07,1.6457036725691632e-05,0.0,-0.0625,-0.125,0.01,-0.02,-0.01,0,0.0
612,840000000,1479,0.9846187829971313,0.174265518784523,0.01239002775400877,0.0019531078869476914,0.9999999731430768,0.999999954966501,0.0006002232876451897,0.034390261147536176,0.35044435152798425,0.023720413729538484,0.008166830867099205,0.46792494068195095,4.453136653783524e-07,2.5514593585680598e-05,-0.1875,-0.125,0.0625,-0.01,-0.03,-0.01,0,0.0
613,200000000,1480,0.9846159219741821,0.1742817908525467,0.012390007264912128,0.0019531046273186803,0.9999999916627746,0.9999999646693687,0.0005316437267004399,0.0304609417445418,0.350477413943886,0.023720240010559068,0.008167209438730843,0.46794663123868724,3.785716316383886e-07,2.169055673626093e-05,0.0625,-0.0625,0.0,0.0,-0.01,-0.01,0,0.0
613,801000000,1481,0.9846134781837463,0.17429561913013458,0.01238998956978321,0.0019531018333509564,0.9999999953586812,0.9999999869228591,0.00032344571048866855,0.018532074112611013,0.3505055070080906,0.023720091523707652,0.00816753095975524,0.4679650530364099,3.215210243965455e-07,1.8421797722644833e-05,0.0,-0.0625,0.1875,0.0,0.0,0.0,0,0.0
614,201000000,1482,0.9846130013465881,0.1742985099554062,0.012389995157718658,0.001953102764673531,1.000000029791914,1.0000000251463035,0.0,0.0,0.35051139130452474,0.023720079091294716,0.008167604534209434,0.4679692685421152,7.357445419402253e-08,4.21550570529609e-06,0.25,0.0625,-0.0625,-0.01,-0.01,-0.04,0,0.0
614,551000000,1483,0.984615683555603,0.1742831915616989,0.012390038929879665,0.0019531096331775188,1.000000001433261,1.000000031104251,0.0,0.0,0.35048026337345706,0.023720289255706628,0.008167264138749172,0.4679497653188768,-3.4039546026147505e-07,-1.950322323839565e-05,-0.25,-0.0625,0.125,-0.01,-0.01,0.0,0,0.0
614,904000000,1484,0.9846180081367493,0.17427018284797668,0.01239007618278265,0.0019531154539436102,1.000000023612419,1.0000000249583645,0.0,0.0,0.3504538443104976,0.02372046905546329,0.008166975252551143,0.4679332133589701,-2.888861980292201e-07,-1.6551959906654832e-05,0.0,-0.1875,0.0625,0.0,-0.01,-0.03,0,0.0
615,289000000,1485,0.9846183657646179,0.1742679923772812,0.01239008828997612,0.0019531173165887594,0.9999999941616404,1.0000000177715966,0.0,0.0,0.3504493848262672,0.02372050967817982,0.008166930250972525,0.4679306349584439,-4.500157861804521e-08,-2.5784005262401586e-06,0.0625,0.125,-0.0625,0.02,0.0,-0.03,0,0.0
615,792000000,1486,0.9846187233924866,0.17426612973213196,0.01239009853452444,0.001953118946403265,1.0000000218210898,1.000000015980932,0.0,0.0,0.35044561027614607,0.023720545432154048,0.008166892266153745,0.46792845858864224,-3.798481877995141e-08,-2.176369801660485e-06,-0.0625,-0.1875,0.0,-0.01,-0.01,-0.02,0,0.0
616,205000000,1487,0.9846190214157104,0.1742645502090454,0.012390106916427612,0.001953120226971805,1.000000040110606,1.000000061930405,0.0,0.0,0.3504424077332676,0.02372057505520193,0.008166859727897043,0.46792659428386046,-3.253825670186672e-08,-1.8643047817302288e-06,-0.25,0.0,-0.0625,0.0,0.0,-0.01,0,0.0
616,628000000,1488,0.9846192598342896,0.17426320910453796,0.01239011436700821,0.0019531213911250234,1.0000000412506151,1.0000000813602952,0.0,0.0,0.3504396838159816,0.023720600475325326,0.008166832311871774,0.46792502346132153,-2.7416025269455524e-08,-1.570822538963817e-06,-0.375,0.125,0.0625,0.0,0.0,0.0,0,0.0
616,990000000,1489,0.9846194386482239,0.17426207661628723,0.012390119954943657,0.001953122322447598,1.0000000200349342,1.0000000612848932,0.0,0.0,0.3504373762314553,0.02372062001503781,0.00816680872504374,0.4679236720356231,-2.358682803411949e-08,-1.3514256984558993e-06,0.125,0.1875,0.0625,-0.01,-0.01,-0.02,0,0.0
617,354000000,1490,0.9846180081367493,0.17426998913288116,0.012390105053782463,0.0019531199941411614,0.9999999902202547,1.0000000102228617,0.0,0.0,0.35045344025509756,0.023720525099297615,0.00816698947118137,0.46793402802647255,1.807461376297781e-07,1.0355990849476998e-05,0.25,-0.0625,-0.125,0.0,-0.02,-0.01,0,0.0
617,728000000,1491,0.9846168160438538,0.1742767095565796,0.012390092946588993,0.0019531180150806904,0.9999999875017052,0.9999999776986673,0.0004223868629807652,0.024200984570568438,0.3504670916307932,0.023720446133098552,0.008167143263965483,0.4679428397039218,1.537927841136627e-07,8.811677449279488e-06,-0.75,-0.0625,0.0,-0.01,-0.02,-0.02,0,0.0
618,140000000,1492,0.9846108555793762,0.17431063950061798,0.012390135787427425,0.0019531247671693563,1.0000000330645258,1.0000000199728465,0.0,0.0,0.3505360365035538,0.02372024784671748,0.00816798923043791,0.46799131001240146,8.459664724274479e-07,4.8470308479663094e-05,0.0625,0.0,0.0,0.0,-0.02,-0.05,0,0.0
618,486000000,1493,0.9846057295799255,0.17433947324752808,0.01239017117768526,0.001953130355104804,1.0000000128569195,1.000000045492615,0.0,0.0,0.350594606730242,0.023720075885379967,0.008168707251470717,0.4680324495871829,7.180210328059516e-07,4.1139574781405455e-05,0.25,-0.25,0.125,-0.01,-0.04,0.0,0,0.0
618,956000000,1494,0.9846013784408569,0.17436397075653076,0.012390200980007648,0.001953135011717677,1.0000000002711593,1.0000000128185484,0.0,0.0,0.35064437047658115,0.023719929390721848,0.008169317037723186,0.4680673877658545,6.097862524697545e-07,3.49381786716158e-05,-0.125,0.0625,0.0,0.0,-0.03,0.01,0,0.0
619,341000000,1495,0.9845976829528809,0.17438480257987976,0.012390226125717163,0.0019531389698386192,0.9999999945511436,0.999999994598492,0.00020787511680825786,0.011910366858902175,0.35068668964915356,0.023719804541539217,0.008169835526466433,0.4680970949825676,5.184887432469615e-07,2.9707216713093057e-05,-0.1875,0.1875,0.0625,-0.02,-0.03,0.0,0,0.0
619,731000000,1496,0.9845945835113525,0.17440252006053925,0.012390248477458954,0.0019531426951289177,1.0000000329535401,1.0000000273429261,0.0,0.0,0.35072269668314815,0.02371970121291398,0.008170277717493969,0.46812243066218395,4.4219102753560724e-07,2.5335679616343468e-05,-0.375,0.0625,-0.125,-0.03,-0.02,-0.04,0,0.0
620,137000000,1497,0.9845840334892273,0.1744619458913803,0.012390167452394962,0.0019531298894435167,1.000000010265993,1.0000000413981642,0.0,0.0,0.35084341438618877,0.02371905237759728,0.008171655927641509,0.4682013962869201,1.3782101475397907e-06,7.89656247361325e-05,0.125,0.125,-0.125,-0.02,-0.02,0.0,0,0.0
620,508000000,1498,0.9845766425132751,0.17450357973575592,0.012390119023621082,0.0019531222060322762,0.999999997029539,1.000000006401529,0.0,0.0,0.3509279912446521,0.023718613788646974,0.008172626945978149,0.4682570315394394,9.710183366401504e-07,5.5635252519294e-05,-0.1875,0.0,0.0625,0.0,-0.03,-0.02,0,0.0
620,861000000,1499,0.9845703840255737,0.1745389699935913,0.0123900780454278,0.0019531156867742538,1.0000000109207736,1.0000000073044923,0.0,0.0,0.35099989347416677,0.023718241938143255,0.008173452523516396,0.46830433364804175,8.255775382475655e-07,4.73021086023858e-05,-0.375,0.125,0.0,0.02,-0.03,-0.01,0,0.0
621,265000000,1500,0.9845631718635559,0.17457950115203857,0.01239013485610485,0.0019531246507540345,0.9999999858750871,0.9999999959484641,0.00018003412759362455,0.010315195679434442,0.35108222946372936,0.023718013568875013,0.008174466481653984,0.4683624291699285,1.0139581375877282e-06,5.809552188672207e-05,-0.25,-0.125,-0.0625,0.0,-0.03,0.0,0,0.0
621,625000000,1501,0.9845570921897888,0.17461396753787994,0.012390184216201305,0.001953132450580597,1.0000000184159064,1.0000000036785455,0.0,0.0,0.3511522637533799,0.023717822696688363,0.008175329650377322,0.46841188509478343,8.631687233376373e-07,4.945592485494202e-05,-0.0625,0.0625,-0.0625,-0.01,-0.01,0.0,0,0.0
621,987000000,1502,0.9845519065856934,0.17464324831962585,0.012390225194394588,0.0019531389698386192,1.0000000266886784,1.000000044662457,0.0,0.0,0.35121175497832297,0.023717658183976576,0.008176062331427593,0.4684538646266932,7.326810502715497e-07,4.1979531909772296e-05,0.1875,-0.1875,0.0625,0.0,-0.02,0.01,0,0.0
622,415000000,1503,0.98454749584198,0.17466813325881958,0.01239025965332985,0.0019531443249434233,1.0000000308259323,1.0000000571952534,0.0,0.0,0.3512623142233086,0.023717517618922573,0.008176684512805498,0.46848951299373875,6.221813779044849e-07,3.5648367045561115e-05,-0.0625,-0.125,0.0,0.0,-0.03,0.0,0,0.0
622,765000000,1504,0.9845437407493591,0.17468929290771484,0.012390289455652237,0.0019531489815562963,1.0000000302845384,1.0000000608795554,0.0,0.0,0.3513053035553252,0.02371739893316032,0.008177213916562943,0.4685198455946987,5.294037574449934e-07,3.0332600959965653e-05,0.1875,-0.125,-0.0625,0.0,-0.03,-0.02,0,0.0
623,119000000,1505,0.9845405220985413,0.17470727860927582,0.012390314601361752,0.0019531529396772385,1.0000000037777268,1.0000000338953428,0.0,0.0,0.35134183593151236,0.023717297017872264,0.008177663741706755,0.46854561867695804,4.498251438122408e-07,2.5773082259306695e-05,1.125,0.125,0.0,-0.01,-0.02,-0.04,0,0.0
623,572000000,1506,0.9845362305641174,0.17473144829273224,0.0123903164640069,0.001953153172507882,1.0000000015326351,1.0000000050090667,0.0,0.0,0.3513909398141901,0.023717099787621057,0.008178247172359014,0.468579046790971,5.834306522588262e-07,3.342811401299551e-05,-0.375,-0.25,-0.0625,-0.01,-0.04,0.0,0,0.0
624,29000000,1507,0.9845376014709473,0.1747237890958786,0.012390265241265297,0.0019531450234353542,1.000000012317209,1.0000000138195717,0.0,0.0,0.3513753814624302,0.02371706565537335,0.00817802870657626,0.4685665296236512,-2.1846578275412643e-07,-1.251716731983337e-05,0.25,-0.1875,0.0625,0.0,0.0,-0.01,0,0.0
624,468000000,1508,0.984538733959198,0.1747172772884369,0.01239022146910429,0.0019531382713466883,0.9999999889931126,1.0000000012884778,0.0,0.0,0.35136214302252655,0.02371703531614621,0.008177843109304887,0.4685558956833124,-1.8559727137275328e-07,-1.0633940338802978e-05,0.0,-0.125,-0.0625,0.0,-0.01,-0.01,0,0.0
624,853000000,1509,0.9845381379127502,0.1747206151485443,0.012390164658427238,0.0019531294237822294,0.9999999846287,0.999999973616063,0.00045942518129639826,0.026323123890316307,0.35136892182285767,0.02371689869597175,0.008177886208201235,0.4685583650681748,4.3098896347626425e-08,2.4693848623907926e-06,-1.625,0.0625,-0.0625,0.0,-0.03,0.05,0,0.0
625,205000000,1510,0.9845439791679382,0.1746879667043686,0.012390196323394775,0.00195313454605639,1.0000000321633151,1.0000000162419949,0.0,0.0,0.3513026079287003,0.02371723163261372,0.00817712095916874,0.4685145195283364,-7.652490324940725e-07,-4.384553983837995e-05,-1.0625,0.0,0.125,0.0,0.0,0.03,0,0.0
625,567000000,1511,0.9845473170280457,0.1746690720319748,0.012390202842652798,0.0019531354773789644,1.0000000180281545,1.0000000500073953,0.0,0.0,0.35126421606647046,0.02371740071301462,0.008176669782526352,0.46848866901091263,-4.511766423884872e-07,-2.5850517423743555e-05,0.9375,-0.25,0.0,-0.01,-0.03,-0.02,0,0.0
626,2000000,1512,0.9845486283302307,0.17466188967227936,0.012390188872814178,0.001953133149072528,1.0000000543801146,1.0000000723816178,0.0,0.0,0.3512496359195645,0.023717434578744267,0.008176487407375232,0.4684782196844654,-1.8237515111985125e-07,-1.0449326447228066e-05,1.0625,0.0,-0.125,-0.01,-0.05,-0.03,0,0.0
626,385000000,1513,0.9845430254936218,0.17469283938407898,0.01239020749926567,0.0019531361758708954,0.9999999445814997,0.999999998466979,0.0001107437056932615,0.00634514694386279,0.35131247854119074,0.0237172103970369,0.008177245130115866,0.46852163399954483,7.577227406335013e-07,4.341431507938556e-05,-0.8125,-0.0625,-0.0625,0.0,0.0,-0.02,0,0.0
626,746000000,1514,0.9845449924468994,0.1746821105480194,0.012390193529427052,0.0019531340803951025,1.000000006763104,0.9999999512851169,0.0006242748338540204,0.03576831323606605,0.3512907017574735,0.023717274290895565,0.008176977869791883,0.4685063211109493,-2.6726032398283195e-07,-1.5312888595515286e-05,0.25,0.25,-0.125,0.02,-0.05,-0.04,0,0.0
627,129000000,1515,0.9845418930053711,0.1746995896100998,0.012390120886266232,0.0019531226716935635,1.000000007738142,1.0000000143436814,0.0,0.0,0.35132621195885383,0.02371699007341921,0.008177351116642239,0.4685277065801912,3.7324685035582117e-07,2.138546924193956e-05,0.625,-0.25,-0.0625,-0.01,-0.04,-0.02,0,0.0
627,524000000,1516,0.9845424294471741,0.17469669878482819,0.012390099465847015,0.0019531191792339087,1.0000000305936807,1.0000000383275007,0.0,0.0,0.3513203459884403,0.0237169736958628,0.008177267185960763,0.468522897706371,-8.393068147601046e-08,-4.808873820232238e-06,2.0,-0.0625,0.0,0.01,-0.02,-0.02,0,0.0
627,939000000,1517,0.9845444560050964,0.17468537390232086,0.012390101328492165,0.0019531194120645523,1.0000000474960653,1.0000000780235678,0.0,0.0,0.3512973434565797,0.02371707176601221,0.008176995512001538,0.4685073319351038,-2.716739592248385e-07,-1.5565771267192464e-05,-1.625,0.125,-0.0625,0.0,-0.02,0.02,0,0.0
628,331000000,1518,0.984544575214386,0.17468461394309998,0.012390082702040672,0.0019531163852661848,1.000000031872751,1.0000000793685222,0.0,0.0,0.3512957939023224,0.0237170420605972,0.008176964662786368,0.46850556440527324,-3.084921517022832e-08,-1.767529830545036e-06,0.125,0.1875,0.0,0.01,-0.01,-0.02,0,0.0
628,742000000,1519,0.9845528602600098,0.17463801801204681,0.01239005383104086,0.0019531118450686336,1.0000000500305777,1.0000000807834188,0.0,0.0,0.3512011332385397,0.023717374209095685,0.0081758230522419,0.4684401549392277,-1.141610544467056e-06,-6.54094660455943e-05,-0.125,-0.375,-0.0625,0.0,-0.03,-0.02,0,0.0
629,136000000,1520,0.9845614433288574,0.17458952963352203,0.012390049174427986,0.0019531111465767026,1.0000000337545758,1.0000000825727595,0.0,0.0,0.35110261766215833,0.023717767489984082,0.008174651738751204,0.46837304361972404,-1.1713134906964073e-06,-6.711131950364015e-05,-0.4375,0.0625,-0.0625,0.0,-0.04,0.0,0,0.0
629,583000000,1521,0.9845621585845947,0.17458540201187134,0.0123900780454278,0.0019531156867742538,1.0000000177036303,1.0000000514494323,0.0,0.0,0.3510942271696736,0.023717856627853064,0.008174571262993225,0.4683684326984387,-8.047575797941187e-08,-4.610921285336558e-06,-2.4375,-0.0625,-0.0625,0.0,0.0,-0.02,0,0.0
629,953000000,1522,0.9845806360244751,0.1744810938835144,0.012390096671879292,0.0019531185971572995,1.0000000050624702,1.0000000171553,0.0,0.0,0.3508823117120326,0.02371875786974282,0.008172070287194567,0.46822513734051124,-2.50097579865792e-06,-0.00014329535792745915,0.0,0.0625,-0.0625,0.0,0.0,-0.02,0,0.0
630,380000000,1523,0.9846013188362122,0.17436423897743225,0.012390059418976307,0.0019531127763912082,0.9999999865550552,0.9999999845761011,0.00035127082401450327,0.020126335682113722,0.3506449079622328,0.023719655780719977,0.008169230219025932,0.46806241342091903,-2.840068168634413e-06,-0.00016272391959220084,0.125,-0.1875,-0.0625,0.01,-0.02,-0.02,0,0.0
630,730000000,1524,0.9846139550209045,0.1742931306362152,0.012390081770718098,0.001953116268850863,1.0000000322991622,1.000000016246183,0.0,0.0,0.3505004657603737,0.02372028964865856,0.008167531762761911,0.4679650990453031,-1.6984562640209866e-06,-9.731437561595999e-05,-0.3125,0.0625,0.0625,-0.01,0.0,0.0,0,0.0
631,101000000,1525,0.9846230745315552,0.1742415428161621,0.012390079908072948,0.0019531159196048975,1.000000021442426,1.0000000523693546,0.0,0.0,0.3503956616838271,0.02372071371864315,0.008166287384868392,0.46789380144388504,-1.2443778935194993e-06,-7.129760141804707e-05,0.0,0.125,0.1875,-0.01,0.02,-0.01,0,0.0
631,549000000,1526,0.984630823135376,0.1741977035999298,0.0123900780454278,0.0019531156867742538,1.0000000132512974,1.0000000337027648,0.0,0.0,0.3503066005149177,0.02372107349072158,0.008165229939474687,0.4678332142857602,-1.0574453937050449e-06,-6.058715812484878e-05,-0.125,0.1875,0.0,-0.02,-0.03,0.0,0,0.0
631,916000000,1527,0.9846358299255371,0.17416931688785553,0.012390056625008583,0.0019531123107299209,0.9999999983346013,1.0000000111704619,0.0,0.0,0.35024892851454437,0.023721267492790084,0.008164531778057274,0.46779321258312356,-6.981614174127876e-07,-4.0001702636624114e-05,-0.0625,0.0,0.0,0.0,0.0,-0.03,0,0.0
632,350000000,1528,0.9846401214599609,0.1741451770067215,0.012390038929879665,0.001953109516762197,1.0000000195824286,1.0000000176164543,0.0,0.0,0.3501998961289244,0.023721434306672493,0.00816393853314393,0.4677592221533714,-5.932449133431994e-07,-3.399042975216958e-05,-0.0625,0.0,-0.0625,-0.01,0.0,0.0,0,0.0
632,735000000,1529,0.9846422076225281,0.1741335391998291,0.01239000353962183,0.0019531040452420712,1.0000000466545726,1.0000000661671065,0.0,0.0,0.3501762628060903,0.02372146368209774,0.008163635106224323,0.4677418370714872,-3.034269196074135e-07,-1.738508188416012e-05,-0.4375,-0.0625,-0.125,0.0,-0.01,-0.05,0,0.0
633,138000000,1530,0.9846470952033997,0.17410589754581451,0.01239001378417015,0.001953105558641255,1.0000000463578098,1.0000000926184098,0.0,0.0,0.35012011050094793,0.023721712487984895,0.008162975626019765,0.4677040516390936,-6.594802045584852e-07,-3.77854323936254e-05,-0.0625,0.0625,-0.0625,0.0,-0.03,-0.02,0,0.0
633,559000000,1531,0.9846512675285339,0.17408239841461182,0.012390022166073322,0.001953106839209795,1.0000000636794646,1.0000001097524687,0.0,0.0,0.35007237952603715,0.023721923790988492,0.008162414919387413,0.46767192551551484,-5.607066323517346e-07,-3.212612357874789e-05,-0.125,0.0625,0.0,0.0,-0.01,-0.01,0,0.0
633,942000000,1532,0.9846547842025757,0.17406243085861206,0.01239002961665392,0.0019531080033630133,1.000000050677101,1.0000001141510337,0.0,0.0,0.3500318127726399,0.023722103249587855,0.008161938630599186,0.46764463617812,-4.762887882269612e-07,-2.7289337394805127e-05,0.1875,-0.0625,-0.0625,-0.01,0.01,0.0,0,0.0
634,386000000,1533,0.9846577644348145,0.17404545843601227,0.012390035204589367,0.0019531089346855879,1.0000000311354245,1.0000000816640546,0.0,0.0,0.3499973283134287,0.023722254120539916,0.008161533375362759,0.46762141676344715,-4.0525523642767625e-07,-2.3219414672882186e-05,0.125,0.0625,-0.125,0.0,0.0,-0.05,0,0.0
634,786000000,1534,0.9846603274345398,0.17403101921081543,0.01239003986120224,0.0019531097495928407,1.0000000418982524,1.000000072926148,0.0,0.0,0.3499679999677209,0.023722382957588408,0.008161188724024293,0.4676016696963496,-3.4465133846514617e-07,-1.9747067097587722e-05,0.125,0.0,0.125,0.0,-0.02,-0.02,0,0.0
635,192000000,1535,0.9846624732017517,0.1740187555551529,0.012390044517815113,0.0019531104480847716,1.000000020630165,1.0000000624509175,0.0,0.0,0.3499430805183087,0.023722492992644253,0.00816089613707623,0.4675849056990849,-2.9258694806376384e-07,-1.6763997264667082e-05,0.1875,-0.125,0.0,-0.01,-0.03,-0.03,0,0.0
635,656000000,1536,0.9846643209457397,0.1740083247423172,0.012390048243105412,0.0019531110301613808,1.0000000249806622,1.0000000455547198,0.0,0.0,0.34992189285308034,0.023722586685074275,0.008160647260868537,0.4675706461427629,-2.4887620769277474e-07,-1.4259556322017304e-05,0.0625,0.0625,-0.0625,0.0,-0.01,-0.03,0,0.0
636,119000000,1537,0.9846674799919128,0.17399057745933533,0.012390070594847202,0.0019531146390363574,1.0000000478521966,1.0000000726703873,0.0,0.0,0.3498858491062,0.023722777107196585,0.008160234613388115,0.467547003183708,-4.1264748042169064e-07,-2.3642959054870142e-05,-0.3125,0.125,0.0,0.0,-0.02,0.0,0,0.0
636,484000000,1538,0.984676718711853,0.17393842339515686,0.012390057556331158,0.0019531125435605645,1.0000000718405933,1.0000001182900933,0.0,0.0,0.34977991181117185,0.02372318493598823,0.008158969335025846,0.46747450807364077,-1.2652783622692926e-06,-7.249511006725528e-05,-0.1875,-0.0625,0.0,0.0,0.0,-0.02,0,0.0
636,945000000,1539,0.9846876859664917,0.1738763302564621,0.012390085496008396,0.001953116967342794,1.0000000730009897,1.0000001428536687,0.0,0.0,0.34965377896223365,0.023723752900745597,0.008157491573570558,0.4673898385791257,-1.4777614552874407e-06,-8.466949451508086e-05,-0.1875,0.0,0.0,0.0,0.0,0.05,0,0.0
637,329000000,1540,0.9846969842910767,0.1738235503435135,0.012390108779072762,0.0019531206926330924,1.0000000535009796,1.0000001250658843,0.0,0.0,0.3495465588241498,0.023724234179378103,0.008156235128461092,0.4673178495771634,-1.2564451094664725e-06,-7.198900196228159e-05,-0.0625,0.0625,0.0625,-0.01,0.02,-0.03,0,0.0
637,779000000,1541,0.9847114086151123,0.17374159395694733,0.012390095740556717,0.0019531185971572995,1.000000014436087,1.0000000644746128,0.0,0.0,0.3493800660360944,0.023724886992197224,0.008154251421022836,0.4672041915131626,-1.9837074382560854e-06,-0.00011365806400078204,-0.0625,0.0,0.0625,-0.01,0.01,-0.02,0,0.0
638,146000000,1542,0.984723687171936,0.1736719310283661,0.012390084564685822,0.0019531168509274721,1.000000004282784,1.0000000162170277,0.0,0.0,0.3492385567368131,0.02372544212959323,0.008152565379191505,0.46710758843214484,-1.686041831330809e-06,-9.660308101776357e-05,0.125,0.0625,-0.1875,0.0,0.0,-0.03,0,0.0
638,504000000,1543,0.984738826751709,0.17358608543872833,0.012390133924782276,0.0019531246507540345,1.0000000080424245,1.0000000085258713,0.0,0.0,0.34906418399260286,0.0237262473562269,0.008150529262748748,0.4669909275533777,-2.0361164427568773e-06,-0.00011666087876715954,1.8125,-0.0625,0.0625,0.0,0.01,-0.08,0,0.0
638,880000000,1544,0.9847517013549805,0.17351312935352325,0.012390176765620708,0.0019531315192580223,1.0000000252912977,1.0000000305895487,0.0,0.0,0.34891599966596815,0.023726933561768145,0.00814879966561156,0.4668918289371589,-1.7295971371875801e-06,-9.909861621875799e-05,0.9375,0.0625,-0.0625,-0.02,0.0,-0.01,0,0.0
639,288000000,1545,0.9847644567489624,0.17344066500663757,0.012390120886266232,0.0019531226716935635,1.0000000146688852,1.000000037253291,0.0,0.0,0.34876880486816436,0.023727425861361593,0.008147016524496863,0.4667896624770105,-1.7831411146980447e-06,-0.00010216646014845101,-0.0625,-0.0625,0.0625,0.0,0.01,-0.03,0,0.0
639,646000000,1546,0.984779953956604,0.1733524203300476,0.012390132062137127,0.0019531244179233909,0.9999999747082825,0.999999985363525,0.00034218679188624356,0.019605858980203197,0.34858955115243884,0.02372817620860772,0.008144897128335972,0.46666823002187524,-2.1193961608906298e-06,-0.00012143245513526267,-0.4375,-0.1875,0.125,-0.02,0.0,-0.01,0,0.0
640,0,1547,0.9847931861877441,0.17327742278575897,0.012390142306685448,0.0019531261641532183,1.0000000075686382,0.9999999793770593,0.0004061816417257828,0.02327249378658225,0.348437231038571,0.0237288168185553,0.008143096904569623,0.4665650847978843,-1.8002237663489185e-06,-0.00010314522399093825,-0.25,0.0625,-0.0625,0.0,0.0,-0.01,0,0.0
640,352000000,1548,0.9848043918609619,0.1732136607170105,0.012390149757266045,0.0019531273283064365,0.9999999965024974,1.0000000019755513,0.0,0.0,0.34830771885944667,0.023729357992843175,0.00814156513117365,0.4664773206471246,-1.53177339597306e-06,-8.77641507596778e-05,-0.125,0.0,0.0,0.0,0.0,-0.01,0,0.0
640,724000000,1549,0.984813928604126,0.17315946519374847,0.012390156276524067,0.001953128259629011,1.0000000025207163,0.9999999975091616,0.00014116198993896796,0.008087986251171053,0.3481976443090603,0.023729818665382593,0.008140263174201069,0.46640272400748806,-1.3019569725814667e-06,-7.459663963654789e-05,0.5,0.0,0.0,-0.02,0.01,-0.04,0,0.0
641,97000000,1550,0.9848220348358154,0.1731134057044983,0.012390161864459515,0.0019531291909515858,1.000000011178715,1.0000000126058377,0.0,0.0,0.34810409657125274,0.023730210254562133,0.008139156967253395,0.46633934301811836,-1.1062069476732578e-06,-6.338098936972678e-05,0.3125,0.0625,-0.0625,0.0,0.03,-0.07,0,0.0
641,450000000,1551,0.9848304390907288,0.17306536436080933,0.012390186078846455,0.001953133149072528,0.9999999727705715,0.9999999827599857,0.00037137597503950016,0.021278275982319166,0.34800650915764153,0.02373065262527542,0.008138015220254102,0.46627392573378706,-1.1417469992936607e-06,-6.541728433125295e-05,-0.375,0.0625,-0.0625,-0.02,-0.01,-0.02,0,0.0
641,846000000,1552,0.9848394989967346,0.1730141043663025,0.012390115298330784,0.0019531219732016325,1.0000000243681804,0.9999999957839154,0.00018365368704208635,0.010522581159528003,0.3479024132043918,0.023730941902027732,0.00813673351627434,0.4662004895051616,-1.2817039797621832e-06,-7.343622862549418e-05,-0.5,0.1875,0.0,-0.02,0.0,-0.05,0,0.0
642,283000000,1553,0.98484867811203,0.17296163737773895,0.0123900743201375,0.0019531154539436102,0.9999999876925181,1.0000000106421774,0.0,0.0,0.3477958382017466,0.02373129595169169,0.008135441873900584,0.46612648384850514,-1.2916423737553695e-06,-7.400565665644192e-05,-0.0625,0.0,0.125,-0.02,0.0,-0.04,0,0.0
642,631000000,1554,0.9848565459251404,0.17291705310344696,0.01239003986120224,0.0019531099824234843,1.0000000255159718,1.0000000121836596,0.0,0.0,0.3477052987555857,0.023731599177144132,0.008134344821195579,0.4660636273586049,-1.0970527050055412e-06,-6.285648990022803e-05,0.6875,0.0,0.0,0.0,0.01,-0.04,0,0.0
643,0,1555,0.9848663210868835,0.17286138236522675,0.012390049174427986,0.0019531113794073462,1.0000000279435168,1.0000000518620968,0.0,0.0,0.34759223274942647,0.023732076864686685,0.008133009123174665,0.4659870974993026,-1.3356980209135172e-06,-7.65298593023213e-05,-0.0625,-0.375,-0.125,-0.02,0.02,-0.02,0,0.0
643,386000000,1556,0.9848746061325073,0.17281405627727509,0.012390057556331158,0.0019531126599758863,1.0000000080134892,1.0000000348028062,0.0,0.0,0.34749610817007043,0.02373248321724839,0.008131873882024587,0.46592205297267353,-1.1352411500784032e-06,-6.50445266290702e-05,0.75,0.0625,0.0625,0.0,0.02,-0.04,0,0.0
643,795000000,1557,0.9848897457122803,0.17272788286209106,0.012390051037073135,0.00195311161223799,1.0000000303684453,1.0000000345544027,0.0,0.0,0.34732110132199556,0.023733182707984475,0.008129792797583083,0.46580281561736503,-2.0810844415034002e-06,-0.00011923735530848489,0.3125,0.0,-0.0625,0.0,0.01,-0.05,0,0.0
644,171000000,1558,0.9849041104316711,0.17264573276042938,0.01239006407558918,0.0019531137077137828,0.9999999920632697,1.0000000189542233,0.0,0.0,0.3471542485126003,0.023733884721364423,0.008127821366547418,0.46568986093942033,-1.9714310356654108e-06,-0.00011295467794473291,0.3125,0.0,0.0,-0.01,0.04,-0.03,0,0.0
644,555000000,1559,0.984917938709259,0.17256703972816467,0.012390095740556717,0.0019531187135726213,1.0000000291685032,1.0000000180398656,0.0,0.0,0.34699444426606013,0.023734595628054328,0.0081259456956255,0.46558239291183906,-1.875670921917122e-06,-0.00010746802758126326,-0.3125,0.0,-0.0625,0.0,0.02,-0.02,0,0.0
644,918000000,1560,0.984929621219635,0.1725001335144043,0.012390121817588806,0.0019531227881088853,0.9999999923128106,1.0000000191748526,0.0,0.0,0.3468585550492145,0.02373519660609243,0.008124350018323007,0.46549096733694134,-1.5956773024936727e-06,-9.142557489770744e-05,-0.0625,-0.0625,0.0,0.0,0.03,-0.07,0,0.0
645,271000000,1561,0.9849395751953125,0.17244327068328857,0.012390144169330597,0.001953126396983862,0.999999989382566,0.9999999800291447,0.0003997084474391939,0.022901607073992507,0.3467430749826746,0.02373570831793029,0.008122994316137042,0.46541329132340886,-1.3557021859653823e-06,-7.767601353247627e-05,0.75,0.0625,-0.0625,0.01,0.0,-0.04,0,0.0
645,633000000,1562,0.9849415421485901,0.17243202030658722,0.012390196323394775,0.00195313454605639,0.9999999873882707,0.9999999767056154,0.0004316886353275778,0.0247339368680323,0.3467202277438853,0.023735900987773235,0.008122757213302988,0.46539970633170696,-2.3710283405392607e-07,-1.3584991701880696e-05,-0.5,0.125,-0.0625,0.0,0.0,-0.04,0,0.0
645,982000000,1563,0.984933614730835,0.17247730493545532,0.01239023543894291,0.001953140599653125,0.9999999894184906,0.9999999757499898,0.00044045440463335027,0.025236178453438382,0.34681219494046706,0.023735602529453167,0.008123874129333434,0.46546370090632205,1.1169160304465992e-06,6.39945746150955e-05,0.3125,-0.0625,0.0,0.0,0.02,-0.06,0,0.0
646,335000000,1564,0.9849253296852112,0.17252467572689056,0.012390248477458954,0.0019531426951289177,1.0000000009069556,0.9999999891691294,0.0002943585658933268,0.01686550348921117,0.34690840218588603,0.02373523703642715,0.008125024554306257,0.4655296154019113,1.1504249728226668e-06,6.591449558919123e-05,0.3125,0.1875,-0.125,0.0,0.02,-0.05,0,0.0
646,791000000,1565,0.9849182963371277,0.17256496846675873,0.012390260584652424,0.0019531447906047106,1.0000000260667457,1.0000000261372153,0.0,0.0,0.3469902400664718,0.023734928390672254,0.00812600410904394,0.46558573975418255,9.795547376827834e-07,5.6124352271267956e-05,0.25,-0.0625,-0.125,0.0,0.0,-0.03,0,0.0
647,151000000,1566,0.9849122762680054,0.172599196434021,0.01239026989787817,0.0019531461875885725,1.000000004060633,1.0000000295234814,0.0,0.0,0.3470597460304019,0.023734663294387944,0.00812683495692843,0.4656333438313812,8.308478844903239e-07,4.7604077198668485e-05,-0.0625,0.0,-0.0625,0.0,0.01,-0.03,0,0.0
647,507000000,1567,0.9849071502685547,0.1726282835006714,0.012390278279781342,0.0019531475845724344,0.9999999763479253,0.9999999799723918,0.0004002759878418289,0.02293412474376665,0.34711880985430704,0.02373443861196069,0.0081275415513428,0.46567382870915214,7.065944143697794e-07,4.048487777090641e-05,0.1875,-0.1875,0.0625,-0.01,0.0,-0.02,0,0.0
647,890000000,1568,0.9849028587341309,0.17265303432941437,0.012390286661684513,0.0019531489815562963,1.0000000227001598,0.9999999987325752,0.00010069458106651334,0.005769374514949142,0.34716909189522765,0.023734251556956847,0.00812814392599292,0.4657083422342897,6.023746501205435e-07,3.451352513757677e-05,-0.3125,0.0,0.0,-0.01,0.0,-0.04,0,0.0
648,252000000,1569,0.9848991632461548,0.1726740449666977,0.01239029224961996,0.001953149912878871,1.000000010852375,1.0000000333249834,0.0,0.0,0.34721175888746164,0.023734088546401237,0.008128654039386242,0.4657375695788001,5.101133933212154e-07,2.92273445104026e-05,0.25,0.0625,0.0625,-0.01,0.01,-0.03,0,0.0
648,616000000,1570,0.9848960041999817,0.17269191145896912,0.012390296906232834,0.001953150611370802,0.9999999848135889,0.9999999955013685,0.00018970780628567194,0.010869456640854392,0.3472480358164787,0.02373394936362673,0.008129087535219601,0.4657624070604881,4.3349583335981767e-07,2.483748168802399e-05,0.0,0.125,-0.0625,0.02,0.0,-0.01,0,0.0
649,8000000,1571,0.9848933815956116,0.17270711064338684,0.012390302494168282,0.0019531515426933765,1.0000000267872355,1.0000000114818783,0.0,0.0,0.3472789182004852,0.023733835654665154,0.008129457794369056,0.46578362134707796,3.7025914945490457e-07,2.1214286589869607e-05,-0.25,-0.0625,0.0625,0.01,0.0,-0.03,0,0.0
649,360000000,1572,0.9848911166191101,0.1727200150489807,0.01239030621945858,0.001953152008354664,1.0000000248423684,1.0000000515437777,0.0,0.0,0.3473051255954091,0.023733736267819747,0.008129771009172287,0.4658015672333841,3.132148032308074e-07,1.7945886306145807e-05,0.3125,0.125,0.0625,-0.01,0.0,-0.05,0,0.0
649,733000000,1573,0.9848941564559937,0.17270278930664062,0.01239025592803955,0.0019531440921127796,1.0000000430346312,1.000000067724016,0.0,0.0,0.3472701462988197,0.023733782569730716,0.008129322922838352,0.46577589377759215,-4.480863339349078e-07,-2.5673455791959855e-05,-0.1875,-0.0625,0.0,-0.01,0.02,0.0,0,0.0
650,145000000,1574,0.9848982691764832,0.17267926037311554,0.012390232644975185,0.001953140366822481,1.0000000301060634,1.000000072855433,0.0,0.0,0.3472223561042756,0.023733931861551507,0.008128740395790162,0.46574251743627865,-5.825270481905204e-07,-3.3376341313530736e-05,-0.25,0.0,0.0,-0.01,0.0,-0.04,0,0.0
650,579000000,1575,0.9848982691764832,0.17267926037311554,0.012390232644975185,0.001953140366822481,1.0000000301060634,1.0000000602121277,0.0,0.0,0.3472223561042756,0.023733931861551507,0.008128740395790162,0.46574251743627865,0.0,0.0,18.75,-60.625,-13.75,-0.83,-0.96,0.02,0,0.0
650,942000000,1576,0.9848983287811279,0.17267896234989166,0.012390232644975185,0.001953140366822481,1.000000037348191,1.0000000674542093,0.0,0.0,0.347221753231809,0.02373393450348878,0.008128733241689924,0.46574210753652884,-7.1541002375635765e-09,-4.0989974982593254e-07,-153.6875,-96.25,29.9375,0.16,-1.43,0.35,0,0.0
651,388000000,1577,0.9848984479904175,0.1726783812046051,0.012390232644975185,0.001953140366822481,1.000000054405831,1.000000091753848,0.0,0.0,0.3472205785987504,0.023733939729138814,0.008128719302838977,0.4657413088991983,-1.3938850946734749e-08,-7.98637330509833e-07,113.6875,-40.375,71.1875,-0.04,-0.55,-0.79,0,0.0
651,739000000,1578,0.984898567199707,0.17267751693725586,0.01239023171365261,0.001953140366822481,1.0000000225634311,1.0000000769688833,0.0,0.0,0.3472188128244857,0.02373394422602132,0.008128698024254725,0.4657400897261266,-2.1278584252243382e-08,-1.2191730716670824e-06,-45.9375,-3.8125,-8.5,0.36,-0.47,0.15,0,0.0
652,162000000,1579,0.9848987460136414,0.17267635464668274,0.012390230782330036,0.001953140366822481,0.999999997964721,1.0000000205274608,0.0,0.0,0.34721644417890274,0.023733951364840435,0.008128669591574553,0.4657384606535525,-2.8432680172080227e-08,-1.6290725741054963e-06,-1.0625,0.0,0.1875,0.01,-0.41,-0.02,0,0.0
652,607000000,1580,0.9848989844322205,0.17267492413520813,0.012390229851007462,0.0019531401339918375,0.9999999857564313,0.9999999837201009,0.0003608866762810197,0.020677283433406423,0.34721353488061146,0.023733961109577477,0.008128634284740848,0.46573643772099327,-3.530683370493726e-08,-2.0229325592631483e-06,0.0625,-0.25,-0.625,-0.08,-0.25,0.06,0,0.0
652,964000000,1581,0.9848992824554443,0.17267321050167084,0.012390228919684887,0.001953139901161194,0.9999999833671794,0.9999999691220983,0.0004970143003085576,0.028476821765328,0.3472100538241416,0.023733973438024348,0.00812859219316357,0.46573402605126224,-4.209157727745605e-08,-2.4116697310469876e-06,-14.0,-0.6875,-1.9375,-0.42,-0.23,0.27,0,0.0
653,312000000,1582,0.984899640083313,0.17267121374607086,0.012390227988362312,0.00195313966833055,0.9999999907984741,0.9999999741635963,0.00045463307221887907,0.026048556265208127,0.34720600101043275,0.023733988350180327,0.008128543316844202,0.46573122564444425,-4.887631936852099e-08,-2.8004068179497738e-06,-0.625,-0.125,-0.1875,-0.32,-0.21,0.03,0,0.0
